sweep,value,cfg_key,dataset,log,f1,lag,n_detections,n_boundaries
,,B100_s1_xi0.0_end_K0.999,Bose,bose_log.xes.gz,0.615385,100.0,9,59
,,B100_s1_xi0.005_end_K0.999,Bose,bose_log.xes.gz,0.666667,100.0,8,59
,,B100_s1_xi0.01_end_K0.999,Bose,bose_log.xes.gz,0.8,100.0,6,59
,,B100_s1_xi0.02_end_K0.999,Bose,bose_log.xes.gz,0.888889,100.0,5,59
,,B100_s1_xi0.03_end_K0.999,Bose,bose_log.xes.gz,1.0,100.0,4,59
,,B100_s1_xi0.05_end_K0.999,Bose,bose_log.xes.gz,1.0,100.0,4,59
,,B100_s1_xi0.07_end_K0.999,Bose,bose_log.xes.gz,1.0,100.0,4,59
,,B100_s1_xi0.1_end_K0.999,Bose,bose_log.xes.gz,1.0,100.0,4,59
,,B100_s1_xi0.01_start_K0.999,Bose,bose_log.xes.gz,0.8,1.0,6,59
,,B100_s1_xi0.01_mid_K0.999,Bose,bose_log.xes.gz,0.8,50.0,6,59
,,B100_s1_xi0.01_adaptive_K0.999,Bose,bose_log.xes.gz,0.8,1.0,6,59
,,B100_s1_xi0.01_refine_K0.999,Bose,bose_log.xes.gz,0.8,20.5,6,59
,,B100_s2_xi0.01_end_K0.999,Bose,bose_log.xes.gz,0.666667,0.0,8,57
,,B100_s3_xi0.01_end_K0.999,Bose,bose_log.xes.gz,0.727273,125.0,7,55
,,B100_s4_xi0.01_end_K0.999,Bose,bose_log.xes.gz,0.666667,175.0,8,53
,,B100_s5_xi0.01_end_K0.999,Bose,bose_log.xes.gz,0.666667,200.0,8,51
,,B25_s1_xi0.01_end_K0.999,Bose,bose_log.xes.gz,0.571429,37.5,10,239
,,B50_s1_xi0.01_end_K0.999,Bose,bose_log.xes.gz,0.727273,50.0,7,119
,,B150_s1_xi0.01_end_K0.999,Bose,bose_log.xes.gz,0.888889,150.0,5,39
,,B200_s1_xi0.01_end_K0.999,Bose,bose_log.xes.gz,1.0,200.0,4,29
,,B300_s1_xi0.01_end_K0.999,Bose,bose_log.xes.gz,0.0,,4,19
,,B100_s1_xi0.0_end_K0.999,Ceravolo,sudden_trace_noise0_1000_IOR.xes.gz,1.0,0.0,1,9
,,B100_s1_xi0.005_end_K0.999,Ceravolo,sudden_trace_noise0_1000_IOR.xes.gz,1.0,0.0,1,9
,,B100_s1_xi0.01_end_K0.999,Ceravolo,sudden_trace_noise0_1000_IOR.xes.gz,1.0,0.0,1,9
,,B100_s1_xi0.02_end_K0.999,Ceravolo,sudden_trace_noise0_1000_IOR.xes.gz,1.0,0.0,1,9
,,B100_s1_xi0.03_end_K0.999,Ceravolo,sudden_trace_noise0_1000_IOR.xes.gz,1.0,0.0,1,9
,,B100_s1_xi0.05_end_K0.999,Ceravolo,sudden_trace_noise0_1000_IOR.xes.gz,1.0,0.0,1,9
,,B100_s1_xi0.07_end_K0.999,Ceravolo,sudden_trace_noise0_1000_IOR.xes.gz,1.0,0.0,1,9
,,B100_s1_xi0.1_end_K0.999,Ceravolo,sudden_trace_noise0_1000_IOR.xes.gz,1.0,0.0,1,9
,,B100_s1_xi0.01_start_K0.999,Ceravolo,sudden_trace_noise0_1000_IOR.xes.gz,1.0,99.0,1,9
,,B100_s1_xi0.01_mid_K0.999,Ceravolo,sudden_trace_noise0_1000_IOR.xes.gz,1.0,50.0,1,9
,,B100_s1_xi0.01_adaptive_K0.999,Ceravolo,sudden_trace_noise0_1000_IOR.xes.gz,1.0,0.0,1,9
,,B100_s1_xi0.01_refine_K0.999,Ceravolo,sudden_trace_noise0_1000_IOR.xes.gz,1.0,59.0,1,9
,,B100_s2_xi0.01_end_K0.999,Ceravolo,sudden_trace_noise0_1000_IOR.xes.gz,0.666667,100.0,2,7
,,B100_s3_xi0.01_end_K0.999,Ceravolo,sudden_trace_noise0_1000_IOR.xes.gz,0.666667,100.0,2,5
,,B100_s4_xi0.01_end_K0.999,Ceravolo,sudden_trace_noise0_1000_IOR.xes.gz,1.0,0.0,1,3
,,B100_s5_xi0.01_end_K0.999,Ceravolo,sudden_trace_noise0_1000_IOR.xes.gz,1.0,100.0,1,1
,,B25_s1_xi0.01_end_K0.999,Ceravolo,sudden_trace_noise0_1000_IOR.xes.gz,1.0,25.0,1,39
,,B50_s1_xi0.01_end_K0.999,Ceravolo,sudden_trace_noise0_1000_IOR.xes.gz,1.0,0.0,1,19
,,B150_s1_xi0.01_end_K0.999,Ceravolo,sudden_trace_noise0_1000_IOR.xes.gz,1.0,100.0,1,6
,,B200_s1_xi0.01_end_K0.999,Ceravolo,sudden_trace_noise0_1000_IOR.xes.gz,1.0,100.0,1,4
,,B300_s1_xi0.01_end_K0.999,Ceravolo,sudden_trace_noise0_1000_IOR.xes.gz,1.0,100.0,1,3
,,B100_s1_xi0.0_end_K0.999,Ceravolo,sudden_trace_noise0_1000_IRO.xes.gz,1.0,0.0,1,9
,,B100_s1_xi0.005_end_K0.999,Ceravolo,sudden_trace_noise0_1000_IRO.xes.gz,1.0,0.0,1,9
,,B100_s1_xi0.01_end_K0.999,Ceravolo,sudden_trace_noise0_1000_IRO.xes.gz,1.0,0.0,1,9
,,B100_s1_xi0.02_end_K0.999,Ceravolo,sudden_trace_noise0_1000_IRO.xes.gz,1.0,0.0,1,9
,,B100_s1_xi0.03_end_K0.999,Ceravolo,sudden_trace_noise0_1000_IRO.xes.gz,1.0,0.0,1,9
,,B100_s1_xi0.05_end_K0.999,Ceravolo,sudden_trace_noise0_1000_IRO.xes.gz,1.0,0.0,1,9
,,B100_s1_xi0.07_end_K0.999,Ceravolo,sudden_trace_noise0_1000_IRO.xes.gz,1.0,0.0,1,9
,,B100_s1_xi0.1_end_K0.999,Ceravolo,sudden_trace_noise0_1000_IRO.xes.gz,1.0,0.0,1,9
,,B100_s1_xi0.01_start_K0.999,Ceravolo,sudden_trace_noise0_1000_IRO.xes.gz,1.0,99.0,1,9
,,B100_s1_xi0.01_mid_K0.999,Ceravolo,sudden_trace_noise0_1000_IRO.xes.gz,1.0,50.0,1,9
,,B100_s1_xi0.01_adaptive_K0.999,Ceravolo,sudden_trace_noise0_1000_IRO.xes.gz,1.0,99.0,1,9
,,B100_s1_xi0.01_refine_K0.999,Ceravolo,sudden_trace_noise0_1000_IRO.xes.gz,1.0,59.0,1,9
,,B100_s2_xi0.01_end_K0.999,Ceravolo,sudden_trace_noise0_1000_IRO.xes.gz,0.666667,100.0,2,7
,,B100_s3_xi0.01_end_K0.999,Ceravolo,sudden_trace_noise0_1000_IRO.xes.gz,0.666667,100.0,2,5
,,B100_s4_xi0.01_end_K0.999,Ceravolo,sudden_trace_noise0_1000_IRO.xes.gz,1.0,0.0,1,3
,,B100_s5_xi0.01_end_K0.999,Ceravolo,sudden_trace_noise0_1000_IRO.xes.gz,1.0,100.0,1,1
,,B25_s1_xi0.01_end_K0.999,Ceravolo,sudden_trace_noise0_1000_IRO.xes.gz,0.666667,25.0,2,39
,,B50_s1_xi0.01_end_K0.999,Ceravolo,sudden_trace_noise0_1000_IRO.xes.gz,1.0,0.0,1,19
,,B150_s1_xi0.01_end_K0.999,Ceravolo,sudden_trace_noise0_1000_IRO.xes.gz,1.0,100.0,1,6
,,B200_s1_xi0.01_end_K0.999,Ceravolo,sudden_trace_noise0_1000_IRO.xes.gz,1.0,100.0,1,4
,,B300_s1_xi0.01_end_K0.999,Ceravolo,sudden_trace_noise0_1000_IRO.xes.gz,1.0,100.0,1,3
,,B100_s1_xi0.0_end_K0.999,Ceravolo,sudden_trace_noise0_1000_OIR.xes.gz,1.0,0.0,1,9
,,B100_s1_xi0.005_end_K0.999,Ceravolo,sudden_trace_noise0_1000_OIR.xes.gz,1.0,0.0,1,9
,,B100_s1_xi0.01_end_K0.999,Ceravolo,sudden_trace_noise0_1000_OIR.xes.gz,1.0,0.0,1,9
,,B100_s1_xi0.02_end_K0.999,Ceravolo,sudden_trace_noise0_1000_OIR.xes.gz,1.0,0.0,1,9
,,B100_s1_xi0.03_end_K0.999,Ceravolo,sudden_trace_noise0_1000_OIR.xes.gz,1.0,0.0,1,9
,,B100_s1_xi0.05_end_K0.999,Ceravolo,sudden_trace_noise0_1000_OIR.xes.gz,1.0,0.0,1,9
,,B100_s1_xi0.07_end_K0.999,Ceravolo,sudden_trace_noise0_1000_OIR.xes.gz,1.0,0.0,1,9
,,B100_s1_xi0.1_end_K0.999,Ceravolo,sudden_trace_noise0_1000_OIR.xes.gz,1.0,0.0,1,9
,,B100_s1_xi0.01_start_K0.999,Ceravolo,sudden_trace_noise0_1000_OIR.xes.gz,1.0,99.0,1,9
,,B100_s1_xi0.01_mid_K0.999,Ceravolo,sudden_trace_noise0_1000_OIR.xes.gz,1.0,50.0,1,9
,,B100_s1_xi0.01_adaptive_K0.999,Ceravolo,sudden_trace_noise0_1000_OIR.xes.gz,1.0,0.0,1,9
,,B100_s1_xi0.01_refine_K0.999,Ceravolo,sudden_trace_noise0_1000_OIR.xes.gz,1.0,59.0,1,9
,,B100_s2_xi0.01_end_K0.999,Ceravolo,sudden_trace_noise0_1000_OIR.xes.gz,0.666667,100.0,2,7
,,B100_s3_xi0.01_end_K0.999,Ceravolo,sudden_trace_noise0_1000_OIR.xes.gz,0.666667,100.0,2,5
,,B100_s4_xi0.01_end_K0.999,Ceravolo,sudden_trace_noise0_1000_OIR.xes.gz,1.0,0.0,1,3
,,B100_s5_xi0.01_end_K0.999,Ceravolo,sudden_trace_noise0_1000_OIR.xes.gz,1.0,100.0,1,1
,,B25_s1_xi0.01_end_K0.999,Ceravolo,sudden_trace_noise0_1000_OIR.xes.gz,1.0,50.0,1,39
,,B50_s1_xi0.01_end_K0.999,Ceravolo,sudden_trace_noise0_1000_OIR.xes.gz,1.0,0.0,1,19
,,B150_s1_xi0.01_end_K0.999,Ceravolo,sudden_trace_noise0_1000_OIR.xes.gz,1.0,100.0,1,6
,,B200_s1_xi0.01_end_K0.999,Ceravolo,sudden_trace_noise0_1000_OIR.xes.gz,1.0,100.0,1,4
,,B300_s1_xi0.01_end_K0.999,Ceravolo,sudden_trace_noise0_1000_OIR.xes.gz,1.0,100.0,1,3
,,B100_s1_xi0.0_end_K0.999,Ceravolo,sudden_trace_noise0_1000_RIO.xes.gz,1.0,0.0,1,9
,,B100_s1_xi0.005_end_K0.999,Ceravolo,sudden_trace_noise0_1000_RIO.xes.gz,1.0,0.0,1,9
,,B100_s1_xi0.01_end_K0.999,Ceravolo,sudden_trace_noise0_1000_RIO.xes.gz,1.0,0.0,1,9
,,B100_s1_xi0.02_end_K0.999,Ceravolo,sudden_trace_noise0_1000_RIO.xes.gz,1.0,0.0,1,9
,,B100_s1_xi0.03_end_K0.999,Ceravolo,sudden_trace_noise0_1000_RIO.xes.gz,1.0,0.0,1,9
,,B100_s1_xi0.05_end_K0.999,Ceravolo,sudden_trace_noise0_1000_RIO.xes.gz,1.0,0.0,1,9
,,B100_s1_xi0.07_end_K0.999,Ceravolo,sudden_trace_noise0_1000_RIO.xes.gz,0.0,,0,9
,,B100_s1_xi0.1_end_K0.999,Ceravolo,sudden_trace_noise0_1000_RIO.xes.gz,0.0,,0,9
,,B100_s1_xi0.01_start_K0.999,Ceravolo,sudden_trace_noise0_1000_RIO.xes.gz,1.0,99.0,1,9
,,B100_s1_xi0.01_mid_K0.999,Ceravolo,sudden_trace_noise0_1000_RIO.xes.gz,1.0,50.0,1,9
,,B100_s1_xi0.01_adaptive_K0.999,Ceravolo,sudden_trace_noise0_1000_RIO.xes.gz,1.0,99.0,1,9
,,B100_s1_xi0.01_refine_K0.999,Ceravolo,sudden_trace_noise0_1000_RIO.xes.gz,1.0,81.0,1,9
,,B100_s2_xi0.01_end_K0.999,Ceravolo,sudden_trace_noise0_1000_RIO.xes.gz,0.666667,100.0,2,7
,,B100_s3_xi0.01_end_K0.999,Ceravolo,sudden_trace_noise0_1000_RIO.xes.gz,0.666667,100.0,2,5
,,B100_s4_xi0.01_end_K0.999,Ceravolo,sudden_trace_noise0_1000_RIO.xes.gz,1.0,0.0,1,3
,,B100_s5_xi0.01_end_K0.999,Ceravolo,sudden_trace_noise0_1000_RIO.xes.gz,1.0,100.0,1,1
,,B25_s1_xi0.01_end_K0.999,Ceravolo,sudden_trace_noise0_1000_RIO.xes.gz,1.0,50.0,1,39
,,B50_s1_xi0.01_end_K0.999,Ceravolo,sudden_trace_noise0_1000_RIO.xes.gz,1.0,50.0,1,19
,,B150_s1_xi0.01_end_K0.999,Ceravolo,sudden_trace_noise0_1000_RIO.xes.gz,1.0,100.0,1,6
,,B200_s1_xi0.01_end_K0.999,Ceravolo,sudden_trace_noise0_1000_RIO.xes.gz,1.0,100.0,1,4
,,B300_s1_xi0.01_end_K0.999,Ceravolo,sudden_trace_noise0_1000_RIO.xes.gz,1.0,100.0,1,3
,,B100_s1_xi0.0_end_K0.999,Ceravolo,sudden_trace_noise0_1000_ROI.xes.gz,1.0,0.0,1,9
,,B100_s1_xi0.005_end_K0.999,Ceravolo,sudden_trace_noise0_1000_ROI.xes.gz,1.0,0.0,1,9
,,B100_s1_xi0.01_end_K0.999,Ceravolo,sudden_trace_noise0_1000_ROI.xes.gz,1.0,0.0,1,9
,,B100_s1_xi0.02_end_K0.999,Ceravolo,sudden_trace_noise0_1000_ROI.xes.gz,1.0,0.0,1,9
,,B100_s1_xi0.03_end_K0.999,Ceravolo,sudden_trace_noise0_1000_ROI.xes.gz,1.0,0.0,1,9
,,B100_s1_xi0.05_end_K0.999,Ceravolo,sudden_trace_noise0_1000_ROI.xes.gz,1.0,0.0,1,9
,,B100_s1_xi0.07_end_K0.999,Ceravolo,sudden_trace_noise0_1000_ROI.xes.gz,1.0,0.0,1,9
,,B100_s1_xi0.1_end_K0.999,Ceravolo,sudden_trace_noise0_1000_ROI.xes.gz,1.0,0.0,1,9
,,B100_s1_xi0.01_start_K0.999,Ceravolo,sudden_trace_noise0_1000_ROI.xes.gz,1.0,99.0,1,9
,,B100_s1_xi0.01_mid_K0.999,Ceravolo,sudden_trace_noise0_1000_ROI.xes.gz,1.0,50.0,1,9
,,B100_s1_xi0.01_adaptive_K0.999,Ceravolo,sudden_trace_noise0_1000_ROI.xes.gz,1.0,0.0,1,9
,,B100_s1_xi0.01_refine_K0.999,Ceravolo,sudden_trace_noise0_1000_ROI.xes.gz,1.0,59.0,1,9
,,B100_s2_xi0.01_end_K0.999,Ceravolo,sudden_trace_noise0_1000_ROI.xes.gz,0.666667,100.0,2,7
,,B100_s3_xi0.01_end_K0.999,Ceravolo,sudden_trace_noise0_1000_ROI.xes.gz,0.666667,100.0,2,5
,,B100_s4_xi0.01_end_K0.999,Ceravolo,sudden_trace_noise0_1000_ROI.xes.gz,1.0,0.0,1,3
,,B100_s5_xi0.01_end_K0.999,Ceravolo,sudden_trace_noise0_1000_ROI.xes.gz,1.0,100.0,1,1
,,B25_s1_xi0.01_end_K0.999,Ceravolo,sudden_trace_noise0_1000_ROI.xes.gz,1.0,25.0,1,39
,,B50_s1_xi0.01_end_K0.999,Ceravolo,sudden_trace_noise0_1000_ROI.xes.gz,0.666667,0.0,2,19
,,B150_s1_xi0.01_end_K0.999,Ceravolo,sudden_trace_noise0_1000_ROI.xes.gz,1.0,100.0,1,6
,,B200_s1_xi0.01_end_K0.999,Ceravolo,sudden_trace_noise0_1000_ROI.xes.gz,1.0,100.0,1,4
,,B300_s1_xi0.01_end_K0.999,Ceravolo,sudden_trace_noise0_1000_ROI.xes.gz,1.0,100.0,1,3
,,B100_s1_xi0.0_end_K0.999,Ceravolo,sudden_trace_noise0_1000_cb.xes.gz,1.0,0.0,1,9
,,B100_s1_xi0.005_end_K0.999,Ceravolo,sudden_trace_noise0_1000_cb.xes.gz,1.0,0.0,1,9
,,B100_s1_xi0.01_end_K0.999,Ceravolo,sudden_trace_noise0_1000_cb.xes.gz,1.0,0.0,1,9
,,B100_s1_xi0.02_end_K0.999,Ceravolo,sudden_trace_noise0_1000_cb.xes.gz,1.0,0.0,1,9
,,B100_s1_xi0.03_end_K0.999,Ceravolo,sudden_trace_noise0_1000_cb.xes.gz,1.0,0.0,1,9
,,B100_s1_xi0.05_end_K0.999,Ceravolo,sudden_trace_noise0_1000_cb.xes.gz,1.0,0.0,1,9
,,B100_s1_xi0.07_end_K0.999,Ceravolo,sudden_trace_noise0_1000_cb.xes.gz,1.0,0.0,1,9
,,B100_s1_xi0.1_end_K0.999,Ceravolo,sudden_trace_noise0_1000_cb.xes.gz,1.0,0.0,1,9
,,B100_s1_xi0.01_start_K0.999,Ceravolo,sudden_trace_noise0_1000_cb.xes.gz,1.0,99.0,1,9
,,B100_s1_xi0.01_mid_K0.999,Ceravolo,sudden_trace_noise0_1000_cb.xes.gz,1.0,50.0,1,9
,,B100_s1_xi0.01_adaptive_K0.999,Ceravolo,sudden_trace_noise0_1000_cb.xes.gz,1.0,99.0,1,9
,,B100_s1_xi0.01_refine_K0.999,Ceravolo,sudden_trace_noise0_1000_cb.xes.gz,1.0,59.0,1,9
,,B100_s2_xi0.01_end_K0.999,Ceravolo,sudden_trace_noise0_1000_cb.xes.gz,0.666667,100.0,2,7
,,B100_s3_xi0.01_end_K0.999,Ceravolo,sudden_trace_noise0_1000_cb.xes.gz,0.666667,100.0,2,5
,,B100_s4_xi0.01_end_K0.999,Ceravolo,sudden_trace_noise0_1000_cb.xes.gz,1.0,0.0,1,3
,,B100_s5_xi0.01_end_K0.999,Ceravolo,sudden_trace_noise0_1000_cb.xes.gz,1.0,100.0,1,1
,,B25_s1_xi0.01_end_K0.999,Ceravolo,sudden_trace_noise0_1000_cb.xes.gz,1.0,50.0,1,39
,,B50_s1_xi0.01_end_K0.999,Ceravolo,sudden_trace_noise0_1000_cb.xes.gz,1.0,0.0,1,19
,,B150_s1_xi0.01_end_K0.999,Ceravolo,sudden_trace_noise0_1000_cb.xes.gz,1.0,100.0,1,6
,,B200_s1_xi0.01_end_K0.999,Ceravolo,sudden_trace_noise0_1000_cb.xes.gz,1.0,100.0,1,4
,,B300_s1_xi0.01_end_K0.999,Ceravolo,sudden_trace_noise0_1000_cb.xes.gz,0.0,,1,3
,,B100_s1_xi0.0_end_K0.999,Ceravolo,sudden_trace_noise0_1000_cd.xes.gz,1.0,0.0,1,9
,,B100_s1_xi0.005_end_K0.999,Ceravolo,sudden_trace_noise0_1000_cd.xes.gz,1.0,0.0,1,9
,,B100_s1_xi0.01_end_K0.999,Ceravolo,sudden_trace_noise0_1000_cd.xes.gz,1.0,0.0,1,9
,,B100_s1_xi0.02_end_K0.999,Ceravolo,sudden_trace_noise0_1000_cd.xes.gz,1.0,0.0,1,9
,,B100_s1_xi0.03_end_K0.999,Ceravolo,sudden_trace_noise0_1000_cd.xes.gz,1.0,0.0,1,9
,,B100_s1_xi0.05_end_K0.999,Ceravolo,sudden_trace_noise0_1000_cd.xes.gz,0.0,,0,9
,,B100_s1_xi0.07_end_K0.999,Ceravolo,sudden_trace_noise0_1000_cd.xes.gz,0.0,,0,9
,,B100_s1_xi0.1_end_K0.999,Ceravolo,sudden_trace_noise0_1000_cd.xes.gz,0.0,,0,9
,,B100_s1_xi0.01_start_K0.999,Ceravolo,sudden_trace_noise0_1000_cd.xes.gz,1.0,99.0,1,9
,,B100_s1_xi0.01_mid_K0.999,Ceravolo,sudden_trace_noise0_1000_cd.xes.gz,1.0,50.0,1,9
,,B100_s1_xi0.01_adaptive_K0.999,Ceravolo,sudden_trace_noise0_1000_cd.xes.gz,1.0,99.0,1,9
,,B100_s1_xi0.01_refine_K0.999,Ceravolo,sudden_trace_noise0_1000_cd.xes.gz,1.0,179.0,1,9
,,B100_s2_xi0.01_end_K0.999,Ceravolo,sudden_trace_noise0_1000_cd.xes.gz,1.0,0.0,1,7
,,B100_s3_xi0.01_end_K0.999,Ceravolo,sudden_trace_noise0_1000_cd.xes.gz,0.0,,0,5
,,B100_s4_xi0.01_end_K0.999,Ceravolo,sudden_trace_noise0_1000_cd.xes.gz,0.0,,0,3
,,B100_s5_xi0.01_end_K0.999,Ceravolo,sudden_trace_noise0_1000_cd.xes.gz,0.0,,0,1
,,B25_s1_xi0.01_end_K0.999,Ceravolo,sudden_trace_noise0_1000_cd.xes.gz,0.666667,75.0,2,39
,,B50_s1_xi0.01_end_K0.999,Ceravolo,sudden_trace_noise0_1000_cd.xes.gz,0.0,,0,19
,,B150_s1_xi0.01_end_K0.999,Ceravolo,sudden_trace_noise0_1000_cd.xes.gz,0.0,,0,6
,,B200_s1_xi0.01_end_K0.999,Ceravolo,sudden_trace_noise0_1000_cd.xes.gz,1.0,100.0,1,4
,,B300_s1_xi0.01_end_K0.999,Ceravolo,sudden_trace_noise0_1000_cd.xes.gz,0.0,,0,3
,,B100_s1_xi0.0_end_K0.999,Ceravolo,sudden_trace_noise0_1000_cf.xes.gz,1.0,0.0,1,9
,,B100_s1_xi0.005_end_K0.999,Ceravolo,sudden_trace_noise0_1000_cf.xes.gz,1.0,0.0,1,9
,,B100_s1_xi0.01_end_K0.999,Ceravolo,sudden_trace_noise0_1000_cf.xes.gz,1.0,0.0,1,9
,,B100_s1_xi0.02_end_K0.999,Ceravolo,sudden_trace_noise0_1000_cf.xes.gz,1.0,0.0,1,9
,,B100_s1_xi0.03_end_K0.999,Ceravolo,sudden_trace_noise0_1000_cf.xes.gz,0.0,,0,9
,,B100_s1_xi0.05_end_K0.999,Ceravolo,sudden_trace_noise0_1000_cf.xes.gz,0.0,,0,9
,,B100_s1_xi0.07_end_K0.999,Ceravolo,sudden_trace_noise0_1000_cf.xes.gz,0.0,,0,9
,,B100_s1_xi0.1_end_K0.999,Ceravolo,sudden_trace_noise0_1000_cf.xes.gz,0.0,,0,9
,,B100_s1_xi0.01_start_K0.999,Ceravolo,sudden_trace_noise0_1000_cf.xes.gz,1.0,99.0,1,9
,,B100_s1_xi0.01_mid_K0.999,Ceravolo,sudden_trace_noise0_1000_cf.xes.gz,1.0,50.0,1,9
,,B100_s1_xi0.01_adaptive_K0.999,Ceravolo,sudden_trace_noise0_1000_cf.xes.gz,1.0,99.0,1,9
,,B100_s1_xi0.01_refine_K0.999,Ceravolo,sudden_trace_noise0_1000_cf.xes.gz,1.0,59.0,1,9
,,B100_s2_xi0.01_end_K0.999,Ceravolo,sudden_trace_noise0_1000_cf.xes.gz,0.666667,100.0,2,7
,,B100_s3_xi0.01_end_K0.999,Ceravolo,sudden_trace_noise0_1000_cf.xes.gz,0.666667,100.0,2,5
,,B100_s4_xi0.01_end_K0.999,Ceravolo,sudden_trace_noise0_1000_cf.xes.gz,1.0,0.0,1,3
,,B100_s5_xi0.01_end_K0.999,Ceravolo,sudden_trace_noise0_1000_cf.xes.gz,1.0,100.0,1,1
,,B25_s1_xi0.01_end_K0.999,Ceravolo,sudden_trace_noise0_1000_cf.xes.gz,1.0,25.0,1,39
,,B50_s1_xi0.01_end_K0.999,Ceravolo,sudden_trace_noise0_1000_cf.xes.gz,1.0,0.0,1,19
,,B150_s1_xi0.01_end_K0.999,Ceravolo,sudden_trace_noise0_1000_cf.xes.gz,1.0,100.0,1,6
,,B200_s1_xi0.01_end_K0.999,Ceravolo,sudden_trace_noise0_1000_cf.xes.gz,0.0,,1,4
,,B300_s1_xi0.01_end_K0.999,Ceravolo,sudden_trace_noise0_1000_cf.xes.gz,0.0,,1,3
,,B100_s1_xi0.0_end_K0.999,Ceravolo,sudden_trace_noise0_1000_cp.xes.gz,1.0,0.0,1,9
,,B100_s1_xi0.005_end_K0.999,Ceravolo,sudden_trace_noise0_1000_cp.xes.gz,1.0,0.0,1,9
,,B100_s1_xi0.01_end_K0.999,Ceravolo,sudden_trace_noise0_1000_cp.xes.gz,1.0,0.0,1,9
,,B100_s1_xi0.02_end_K0.999,Ceravolo,sudden_trace_noise0_1000_cp.xes.gz,1.0,0.0,1,9
,,B100_s1_xi0.03_end_K0.999,Ceravolo,sudden_trace_noise0_1000_cp.xes.gz,1.0,0.0,1,9
,,B100_s1_xi0.05_end_K0.999,Ceravolo,sudden_trace_noise0_1000_cp.xes.gz,1.0,0.0,1,9
,,B100_s1_xi0.07_end_K0.999,Ceravolo,sudden_trace_noise0_1000_cp.xes.gz,1.0,0.0,1,9
,,B100_s1_xi0.1_end_K0.999,Ceravolo,sudden_trace_noise0_1000_cp.xes.gz,1.0,0.0,1,9
,,B100_s1_xi0.01_start_K0.999,Ceravolo,sudden_trace_noise0_1000_cp.xes.gz,1.0,99.0,1,9
,,B100_s1_xi0.01_mid_K0.999,Ceravolo,sudden_trace_noise0_1000_cp.xes.gz,1.0,50.0,1,9
,,B100_s1_xi0.01_adaptive_K0.999,Ceravolo,sudden_trace_noise0_1000_cp.xes.gz,1.0,0.0,1,9
,,B100_s1_xi0.01_refine_K0.999,Ceravolo,sudden_trace_noise0_1000_cp.xes.gz,1.0,59.0,1,9
,,B100_s2_xi0.01_end_K0.999,Ceravolo,sudden_trace_noise0_1000_cp.xes.gz,0.666667,100.0,2,7
,,B100_s3_xi0.01_end_K0.999,Ceravolo,sudden_trace_noise0_1000_cp.xes.gz,0.666667,100.0,2,5
,,B100_s4_xi0.01_end_K0.999,Ceravolo,sudden_trace_noise0_1000_cp.xes.gz,1.0,0.0,1,3
,,B100_s5_xi0.01_end_K0.999,Ceravolo,sudden_trace_noise0_1000_cp.xes.gz,1.0,100.0,1,1
,,B25_s1_xi0.01_end_K0.999,Ceravolo,sudden_trace_noise0_1000_cp.xes.gz,1.0,50.0,1,39
,,B50_s1_xi0.01_end_K0.999,Ceravolo,sudden_trace_noise0_1000_cp.xes.gz,1.0,0.0,1,19
,,B150_s1_xi0.01_end_K0.999,Ceravolo,sudden_trace_noise0_1000_cp.xes.gz,1.0,100.0,1,6
,,B200_s1_xi0.01_end_K0.999,Ceravolo,sudden_trace_noise0_1000_cp.xes.gz,1.0,100.0,1,4
,,B300_s1_xi0.01_end_K0.999,Ceravolo,sudden_trace_noise0_1000_cp.xes.gz,1.0,100.0,1,3
,,B100_s1_xi0.0_end_K0.999,Ceravolo,sudden_trace_noise0_1000_lp.xes.gz,1.0,0.0,1,9
,,B100_s1_xi0.005_end_K0.999,Ceravolo,sudden_trace_noise0_1000_lp.xes.gz,1.0,0.0,1,9
,,B100_s1_xi0.01_end_K0.999,Ceravolo,sudden_trace_noise0_1000_lp.xes.gz,1.0,0.0,1,9
,,B100_s1_xi0.02_end_K0.999,Ceravolo,sudden_trace_noise0_1000_lp.xes.gz,1.0,0.0,1,9
,,B100_s1_xi0.03_end_K0.999,Ceravolo,sudden_trace_noise0_1000_lp.xes.gz,1.0,0.0,1,9
,,B100_s1_xi0.05_end_K0.999,Ceravolo,sudden_trace_noise0_1000_lp.xes.gz,1.0,0.0,1,9
,,B100_s1_xi0.07_end_K0.999,Ceravolo,sudden_trace_noise0_1000_lp.xes.gz,1.0,0.0,1,9
,,B100_s1_xi0.1_end_K0.999,Ceravolo,sudden_trace_noise0_1000_lp.xes.gz,0.0,,0,9
,,B100_s1_xi0.01_start_K0.999,Ceravolo,sudden_trace_noise0_1000_lp.xes.gz,1.0,99.0,1,9
,,B100_s1_xi0.01_mid_K0.999,Ceravolo,sudden_trace_noise0_1000_lp.xes.gz,1.0,50.0,1,9
,,B100_s1_xi0.01_adaptive_K0.999,Ceravolo,sudden_trace_noise0_1000_lp.xes.gz,1.0,0.0,1,9
,,B100_s1_xi0.01_refine_K0.999,Ceravolo,sudden_trace_noise0_1000_lp.xes.gz,1.0,39.0,1,9
,,B100_s2_xi0.01_end_K0.999,Ceravolo,sudden_trace_noise0_1000_lp.xes.gz,0.666667,100.0,2,7
,,B100_s3_xi0.01_end_K0.999,Ceravolo,sudden_trace_noise0_1000_lp.xes.gz,0.666667,100.0,2,5
,,B100_s4_xi0.01_end_K0.999,Ceravolo,sudden_trace_noise0_1000_lp.xes.gz,1.0,0.0,1,3
,,B100_s5_xi0.01_end_K0.999,Ceravolo,sudden_trace_noise0_1000_lp.xes.gz,1.0,100.0,1,1
,,B25_s1_xi0.01_end_K0.999,Ceravolo,sudden_trace_noise0_1000_lp.xes.gz,1.0,50.0,1,39
,,B50_s1_xi0.01_end_K0.999,Ceravolo,sudden_trace_noise0_1000_lp.xes.gz,1.0,0.0,1,19
,,B150_s1_xi0.01_end_K0.999,Ceravolo,sudden_trace_noise0_1000_lp.xes.gz,1.0,100.0,1,6
,,B200_s1_xi0.01_end_K0.999,Ceravolo,sudden_trace_noise0_1000_lp.xes.gz,1.0,100.0,1,4
,,B300_s1_xi0.01_end_K0.999,Ceravolo,sudden_trace_noise0_1000_lp.xes.gz,1.0,100.0,1,3
,,B100_s1_xi0.0_end_K0.999,Ceravolo,sudden_trace_noise0_1000_pl.xes.gz,0.0,,0,9
,,B100_s1_xi0.005_end_K0.999,Ceravolo,sudden_trace_noise0_1000_pl.xes.gz,0.0,,0,9
,,B100_s1_xi0.01_end_K0.999,Ceravolo,sudden_trace_noise0_1000_pl.xes.gz,0.0,,0,9
,,B100_s1_xi0.02_end_K0.999,Ceravolo,sudden_trace_noise0_1000_pl.xes.gz,0.0,,0,9
,,B100_s1_xi0.03_end_K0.999,Ceravolo,sudden_trace_noise0_1000_pl.xes.gz,0.0,,0,9
,,B100_s1_xi0.05_end_K0.999,Ceravolo,sudden_trace_noise0_1000_pl.xes.gz,0.0,,0,9
,,B100_s1_xi0.07_end_K0.999,Ceravolo,sudden_trace_noise0_1000_pl.xes.gz,0.0,,0,9
,,B100_s1_xi0.1_end_K0.999,Ceravolo,sudden_trace_noise0_1000_pl.xes.gz,0.0,,0,9
,,B100_s1_xi0.01_start_K0.999,Ceravolo,sudden_trace_noise0_1000_pl.xes.gz,0.0,,0,9
,,B100_s1_xi0.01_mid_K0.999,Ceravolo,sudden_trace_noise0_1000_pl.xes.gz,0.0,,0,9
,,B100_s1_xi0.01_adaptive_K0.999,Ceravolo,sudden_trace_noise0_1000_pl.xes.gz,0.0,,0,9
,,B100_s1_xi0.01_refine_K0.999,Ceravolo,sudden_trace_noise0_1000_pl.xes.gz,0.0,,0,9
,,B100_s2_xi0.01_end_K0.999,Ceravolo,sudden_trace_noise0_1000_pl.xes.gz,0.0,,0,7
,,B100_s3_xi0.01_end_K0.999,Ceravolo,sudden_trace_noise0_1000_pl.xes.gz,0.0,,0,5
,,B100_s4_xi0.01_end_K0.999,Ceravolo,sudden_trace_noise0_1000_pl.xes.gz,0.0,,0,3
,,B100_s5_xi0.01_end_K0.999,Ceravolo,sudden_trace_noise0_1000_pl.xes.gz,0.0,,0,1
,,B25_s1_xi0.01_end_K0.999,Ceravolo,sudden_trace_noise0_1000_pl.xes.gz,0.0,,0,39
,,B50_s1_xi0.01_end_K0.999,Ceravolo,sudden_trace_noise0_1000_pl.xes.gz,0.0,,0,19
,,B150_s1_xi0.01_end_K0.999,Ceravolo,sudden_trace_noise0_1000_pl.xes.gz,1.0,200.0,1,6
,,B200_s1_xi0.01_end_K0.999,Ceravolo,sudden_trace_noise0_1000_pl.xes.gz,0.0,,0,4
,,B300_s1_xi0.01_end_K0.999,Ceravolo,sudden_trace_noise0_1000_pl.xes.gz,0.0,,0,3
,,B100_s1_xi0.0_end_K0.999,Ceravolo,sudden_trace_noise0_1000_pm.xes.gz,0.666667,100.0,2,9
,,B100_s1_xi0.005_end_K0.999,Ceravolo,sudden_trace_noise0_1000_pm.xes.gz,0.666667,100.0,2,9
,,B100_s1_xi0.01_end_K0.999,Ceravolo,sudden_trace_noise0_1000_pm.xes.gz,0.666667,100.0,2,9
,,B100_s1_xi0.02_end_K0.999,Ceravolo,sudden_trace_noise0_1000_pm.xes.gz,0.666667,100.0,2,9
,,B100_s1_xi0.03_end_K0.999,Ceravolo,sudden_trace_noise0_1000_pm.xes.gz,0.666667,100.0,2,9
,,B100_s1_xi0.05_end_K0.999,Ceravolo,sudden_trace_noise0_1000_pm.xes.gz,0.666667,100.0,2,9
,,B100_s1_xi0.07_end_K0.999,Ceravolo,sudden_trace_noise0_1000_pm.xes.gz,1.0,100.0,1,9
,,B100_s1_xi0.1_end_K0.999,Ceravolo,sudden_trace_noise0_1000_pm.xes.gz,1.0,100.0,1,9
,,B100_s1_xi0.01_start_K0.999,Ceravolo,sudden_trace_noise0_1000_pm.xes.gz,0.666667,101.0,2,9
,,B100_s1_xi0.01_mid_K0.999,Ceravolo,sudden_trace_noise0_1000_pm.xes.gz,0.666667,150.0,2,9
,,B100_s1_xi0.01_adaptive_K0.999,Ceravolo,sudden_trace_noise0_1000_pm.xes.gz,0.666667,100.0,2,9
,,B100_s1_xi0.01_refine_K0.999,Ceravolo,sudden_trace_noise0_1000_pm.xes.gz,0.0,,2,9
,,B100_s2_xi0.01_end_K0.999,Ceravolo,sudden_trace_noise0_1000_pm.xes.gz,0.666667,100.0,2,7
,,B100_s3_xi0.01_end_K0.999,Ceravolo,sudden_trace_noise0_1000_pm.xes.gz,0.666667,100.0,2,5
,,B100_s4_xi0.01_end_K0.999,Ceravolo,sudden_trace_noise0_1000_pm.xes.gz,1.0,0.0,1,3
,,B100_s5_xi0.01_end_K0.999,Ceravolo,sudden_trace_noise0_1000_pm.xes.gz,1.0,100.0,1,1
,,B25_s1_xi0.01_end_K0.999,Ceravolo,sudden_trace_noise0_1000_pm.xes.gz,0.666667,25.0,2,39
,,B50_s1_xi0.01_end_K0.999,Ceravolo,sudden_trace_noise0_1000_pm.xes.gz,0.666667,0.0,2,19
,,B150_s1_xi0.01_end_K0.999,Ceravolo,sudden_trace_noise0_1000_pm.xes.gz,1.0,100.0,1,6
,,B200_s1_xi0.01_end_K0.999,Ceravolo,sudden_trace_noise0_1000_pm.xes.gz,1.0,100.0,1,4
,,B300_s1_xi0.01_end_K0.999,Ceravolo,sudden_trace_noise0_1000_pm.xes.gz,0.0,,1,3
,,B100_s1_xi0.0_end_K0.999,Ceravolo,sudden_trace_noise0_1000_re.xes.gz,1.0,0.0,1,9
,,B100_s1_xi0.005_end_K0.999,Ceravolo,sudden_trace_noise0_1000_re.xes.gz,1.0,0.0,1,9
,,B100_s1_xi0.01_end_K0.999,Ceravolo,sudden_trace_noise0_1000_re.xes.gz,1.0,0.0,1,9
,,B100_s1_xi0.02_end_K0.999,Ceravolo,sudden_trace_noise0_1000_re.xes.gz,1.0,0.0,1,9
,,B100_s1_xi0.03_end_K0.999,Ceravolo,sudden_trace_noise0_1000_re.xes.gz,1.0,0.0,1,9
,,B100_s1_xi0.05_end_K0.999,Ceravolo,sudden_trace_noise0_1000_re.xes.gz,1.0,0.0,1,9
,,B100_s1_xi0.07_end_K0.999,Ceravolo,sudden_trace_noise0_1000_re.xes.gz,1.0,0.0,1,9
,,B100_s1_xi0.1_end_K0.999,Ceravolo,sudden_trace_noise0_1000_re.xes.gz,1.0,0.0,1,9
,,B100_s1_xi0.01_start_K0.999,Ceravolo,sudden_trace_noise0_1000_re.xes.gz,1.0,99.0,1,9
,,B100_s1_xi0.01_mid_K0.999,Ceravolo,sudden_trace_noise0_1000_re.xes.gz,1.0,50.0,1,9
,,B100_s1_xi0.01_adaptive_K0.999,Ceravolo,sudden_trace_noise0_1000_re.xes.gz,1.0,99.0,1,9
,,B100_s1_xi0.01_refine_K0.999,Ceravolo,sudden_trace_noise0_1000_re.xes.gz,1.0,59.0,1,9
,,B100_s2_xi0.01_end_K0.999,Ceravolo,sudden_trace_noise0_1000_re.xes.gz,0.666667,100.0,2,7
,,B100_s3_xi0.01_end_K0.999,Ceravolo,sudden_trace_noise0_1000_re.xes.gz,0.666667,100.0,2,5
,,B100_s4_xi0.01_end_K0.999,Ceravolo,sudden_trace_noise0_1000_re.xes.gz,1.0,0.0,1,3
,,B100_s5_xi0.01_end_K0.999,Ceravolo,sudden_trace_noise0_1000_re.xes.gz,1.0,100.0,1,1
,,B25_s1_xi0.01_end_K0.999,Ceravolo,sudden_trace_noise0_1000_re.xes.gz,1.0,25.0,1,39
,,B50_s1_xi0.01_end_K0.999,Ceravolo,sudden_trace_noise0_1000_re.xes.gz,1.0,0.0,1,19
,,B150_s1_xi0.01_end_K0.999,Ceravolo,sudden_trace_noise0_1000_re.xes.gz,1.0,100.0,1,6
,,B200_s1_xi0.01_end_K0.999,Ceravolo,sudden_trace_noise0_1000_re.xes.gz,1.0,100.0,1,4
,,B300_s1_xi0.01_end_K0.999,Ceravolo,sudden_trace_noise0_1000_re.xes.gz,0.0,,1,3
,,B100_s1_xi0.0_end_K0.999,Ceravolo,sudden_trace_noise0_1000_rp.xes.gz,1.0,0.0,1,9
,,B100_s1_xi0.005_end_K0.999,Ceravolo,sudden_trace_noise0_1000_rp.xes.gz,1.0,0.0,1,9
,,B100_s1_xi0.01_end_K0.999,Ceravolo,sudden_trace_noise0_1000_rp.xes.gz,1.0,0.0,1,9
,,B100_s1_xi0.02_end_K0.999,Ceravolo,sudden_trace_noise0_1000_rp.xes.gz,1.0,0.0,1,9
,,B100_s1_xi0.03_end_K0.999,Ceravolo,sudden_trace_noise0_1000_rp.xes.gz,1.0,0.0,1,9
,,B100_s1_xi0.05_end_K0.999,Ceravolo,sudden_trace_noise0_1000_rp.xes.gz,1.0,0.0,1,9
,,B100_s1_xi0.07_end_K0.999,Ceravolo,sudden_trace_noise0_1000_rp.xes.gz,1.0,0.0,1,9
,,B100_s1_xi0.1_end_K0.999,Ceravolo,sudden_trace_noise0_1000_rp.xes.gz,1.0,0.0,1,9
,,B100_s1_xi0.01_start_K0.999,Ceravolo,sudden_trace_noise0_1000_rp.xes.gz,1.0,99.0,1,9
,,B100_s1_xi0.01_mid_K0.999,Ceravolo,sudden_trace_noise0_1000_rp.xes.gz,1.0,50.0,1,9
,,B100_s1_xi0.01_adaptive_K0.999,Ceravolo,sudden_trace_noise0_1000_rp.xes.gz,1.0,99.0,1,9
,,B100_s1_xi0.01_refine_K0.999,Ceravolo,sudden_trace_noise0_1000_rp.xes.gz,1.0,59.0,1,9
,,B100_s2_xi0.01_end_K0.999,Ceravolo,sudden_trace_noise0_1000_rp.xes.gz,0.666667,100.0,2,7
,,B100_s3_xi0.01_end_K0.999,Ceravolo,sudden_trace_noise0_1000_rp.xes.gz,0.666667,100.0,2,5
,,B100_s4_xi0.01_end_K0.999,Ceravolo,sudden_trace_noise0_1000_rp.xes.gz,1.0,0.0,1,3
,,B100_s5_xi0.01_end_K0.999,Ceravolo,sudden_trace_noise0_1000_rp.xes.gz,1.0,100.0,1,1
,,B25_s1_xi0.01_end_K0.999,Ceravolo,sudden_trace_noise0_1000_rp.xes.gz,1.0,50.0,1,39
,,B50_s1_xi0.01_end_K0.999,Ceravolo,sudden_trace_noise0_1000_rp.xes.gz,1.0,0.0,1,19
,,B150_s1_xi0.01_end_K0.999,Ceravolo,sudden_trace_noise0_1000_rp.xes.gz,1.0,100.0,1,6
,,B200_s1_xi0.01_end_K0.999,Ceravolo,sudden_trace_noise0_1000_rp.xes.gz,1.0,100.0,1,4
,,B300_s1_xi0.01_end_K0.999,Ceravolo,sudden_trace_noise0_1000_rp.xes.gz,1.0,100.0,1,3
,,B100_s1_xi0.0_end_K0.999,Ceravolo,sudden_trace_noise0_1000_sw.xes.gz,1.0,0.0,1,9
,,B100_s1_xi0.005_end_K0.999,Ceravolo,sudden_trace_noise0_1000_sw.xes.gz,1.0,0.0,1,9
,,B100_s1_xi0.01_end_K0.999,Ceravolo,sudden_trace_noise0_1000_sw.xes.gz,1.0,0.0,1,9
,,B100_s1_xi0.02_end_K0.999,Ceravolo,sudden_trace_noise0_1000_sw.xes.gz,1.0,0.0,1,9
,,B100_s1_xi0.03_end_K0.999,Ceravolo,sudden_trace_noise0_1000_sw.xes.gz,1.0,0.0,1,9
,,B100_s1_xi0.05_end_K0.999,Ceravolo,sudden_trace_noise0_1000_sw.xes.gz,1.0,0.0,1,9
,,B100_s1_xi0.07_end_K0.999,Ceravolo,sudden_trace_noise0_1000_sw.xes.gz,1.0,0.0,1,9
,,B100_s1_xi0.1_end_K0.999,Ceravolo,sudden_trace_noise0_1000_sw.xes.gz,1.0,0.0,1,9
,,B100_s1_xi0.01_start_K0.999,Ceravolo,sudden_trace_noise0_1000_sw.xes.gz,1.0,99.0,1,9
,,B100_s1_xi0.01_mid_K0.999,Ceravolo,sudden_trace_noise0_1000_sw.xes.gz,1.0,50.0,1,9
,,B100_s1_xi0.01_adaptive_K0.999,Ceravolo,sudden_trace_noise0_1000_sw.xes.gz,1.0,0.0,1,9
,,B100_s1_xi0.01_refine_K0.999,Ceravolo,sudden_trace_noise0_1000_sw.xes.gz,1.0,59.0,1,9
,,B100_s2_xi0.01_end_K0.999,Ceravolo,sudden_trace_noise0_1000_sw.xes.gz,0.666667,100.0,2,7
,,B100_s3_xi0.01_end_K0.999,Ceravolo,sudden_trace_noise0_1000_sw.xes.gz,0.666667,100.0,2,5
,,B100_s4_xi0.01_end_K0.999,Ceravolo,sudden_trace_noise0_1000_sw.xes.gz,1.0,0.0,1,3
,,B100_s5_xi0.01_end_K0.999,Ceravolo,sudden_trace_noise0_1000_sw.xes.gz,1.0,100.0,1,1
,,B25_s1_xi0.01_end_K0.999,Ceravolo,sudden_trace_noise0_1000_sw.xes.gz,0.666667,50.0,2,39
,,B50_s1_xi0.01_end_K0.999,Ceravolo,sudden_trace_noise0_1000_sw.xes.gz,1.0,0.0,1,19
,,B150_s1_xi0.01_end_K0.999,Ceravolo,sudden_trace_noise0_1000_sw.xes.gz,1.0,100.0,1,6
,,B200_s1_xi0.01_end_K0.999,Ceravolo,sudden_trace_noise0_1000_sw.xes.gz,0.0,,1,4
,,B300_s1_xi0.01_end_K0.999,Ceravolo,sudden_trace_noise0_1000_sw.xes.gz,0.0,,1,3
,,B100_s1_xi0.0_end_K0.999,Ceravolo,sudden_trace_noise10_1000_IOR.xes.gz,1.0,0.0,1,9
,,B100_s1_xi0.005_end_K0.999,Ceravolo,sudden_trace_noise10_1000_IOR.xes.gz,1.0,0.0,1,9
,,B100_s1_xi0.01_end_K0.999,Ceravolo,sudden_trace_noise10_1000_IOR.xes.gz,1.0,0.0,1,9
,,B100_s1_xi0.02_end_K0.999,Ceravolo,sudden_trace_noise10_1000_IOR.xes.gz,1.0,0.0,1,9
,,B100_s1_xi0.03_end_K0.999,Ceravolo,sudden_trace_noise10_1000_IOR.xes.gz,1.0,0.0,1,9
,,B100_s1_xi0.05_end_K0.999,Ceravolo,sudden_trace_noise10_1000_IOR.xes.gz,1.0,0.0,1,9
,,B100_s1_xi0.07_end_K0.999,Ceravolo,sudden_trace_noise10_1000_IOR.xes.gz,1.0,0.0,1,9
,,B100_s1_xi0.1_end_K0.999,Ceravolo,sudden_trace_noise10_1000_IOR.xes.gz,1.0,0.0,1,9
,,B100_s1_xi0.01_start_K0.999,Ceravolo,sudden_trace_noise10_1000_IOR.xes.gz,1.0,99.0,1,9
,,B100_s1_xi0.01_mid_K0.999,Ceravolo,sudden_trace_noise10_1000_IOR.xes.gz,1.0,50.0,1,9
,,B100_s1_xi0.01_adaptive_K0.999,Ceravolo,sudden_trace_noise10_1000_IOR.xes.gz,1.0,0.0,1,9
,,B100_s1_xi0.01_refine_K0.999,Ceravolo,sudden_trace_noise10_1000_IOR.xes.gz,1.0,59.0,1,9
,,B100_s2_xi0.01_end_K0.999,Ceravolo,sudden_trace_noise10_1000_IOR.xes.gz,0.666667,100.0,2,7
,,B100_s3_xi0.01_end_K0.999,Ceravolo,sudden_trace_noise10_1000_IOR.xes.gz,0.666667,100.0,2,5
,,B100_s4_xi0.01_end_K0.999,Ceravolo,sudden_trace_noise10_1000_IOR.xes.gz,1.0,0.0,1,3
,,B100_s5_xi0.01_end_K0.999,Ceravolo,sudden_trace_noise10_1000_IOR.xes.gz,1.0,100.0,1,1
,,B25_s1_xi0.01_end_K0.999,Ceravolo,sudden_trace_noise10_1000_IOR.xes.gz,1.0,25.0,1,39
,,B50_s1_xi0.01_end_K0.999,Ceravolo,sudden_trace_noise10_1000_IOR.xes.gz,0.666667,0.0,2,19
,,B150_s1_xi0.01_end_K0.999,Ceravolo,sudden_trace_noise10_1000_IOR.xes.gz,1.0,100.0,1,6
,,B200_s1_xi0.01_end_K0.999,Ceravolo,sudden_trace_noise10_1000_IOR.xes.gz,1.0,100.0,1,4
,,B300_s1_xi0.01_end_K0.999,Ceravolo,sudden_trace_noise10_1000_IOR.xes.gz,1.0,100.0,1,3
,,B100_s1_xi0.0_end_K0.999,Ceravolo,sudden_trace_noise10_1000_IRO.xes.gz,1.0,0.0,1,9
,,B100_s1_xi0.005_end_K0.999,Ceravolo,sudden_trace_noise10_1000_IRO.xes.gz,1.0,0.0,1,9
,,B100_s1_xi0.01_end_K0.999,Ceravolo,sudden_trace_noise10_1000_IRO.xes.gz,1.0,0.0,1,9
,,B100_s1_xi0.02_end_K0.999,Ceravolo,sudden_trace_noise10_1000_IRO.xes.gz,1.0,0.0,1,9
,,B100_s1_xi0.03_end_K0.999,Ceravolo,sudden_trace_noise10_1000_IRO.xes.gz,1.0,0.0,1,9
,,B100_s1_xi0.05_end_K0.999,Ceravolo,sudden_trace_noise10_1000_IRO.xes.gz,1.0,0.0,1,9
,,B100_s1_xi0.07_end_K0.999,Ceravolo,sudden_trace_noise10_1000_IRO.xes.gz,1.0,0.0,1,9
,,B100_s1_xi0.1_end_K0.999,Ceravolo,sudden_trace_noise10_1000_IRO.xes.gz,1.0,0.0,1,9
,,B100_s1_xi0.01_start_K0.999,Ceravolo,sudden_trace_noise10_1000_IRO.xes.gz,1.0,99.0,1,9
,,B100_s1_xi0.01_mid_K0.999,Ceravolo,sudden_trace_noise10_1000_IRO.xes.gz,1.0,50.0,1,9
,,B100_s1_xi0.01_adaptive_K0.999,Ceravolo,sudden_trace_noise10_1000_IRO.xes.gz,1.0,99.0,1,9
,,B100_s1_xi0.01_refine_K0.999,Ceravolo,sudden_trace_noise10_1000_IRO.xes.gz,1.0,59.0,1,9
,,B100_s2_xi0.01_end_K0.999,Ceravolo,sudden_trace_noise10_1000_IRO.xes.gz,0.666667,100.0,2,7
,,B100_s3_xi0.01_end_K0.999,Ceravolo,sudden_trace_noise10_1000_IRO.xes.gz,0.666667,100.0,2,5
,,B100_s4_xi0.01_end_K0.999,Ceravolo,sudden_trace_noise10_1000_IRO.xes.gz,1.0,0.0,1,3
,,B100_s5_xi0.01_end_K0.999,Ceravolo,sudden_trace_noise10_1000_IRO.xes.gz,1.0,100.0,1,1
,,B25_s1_xi0.01_end_K0.999,Ceravolo,sudden_trace_noise10_1000_IRO.xes.gz,0.666667,25.0,2,39
,,B50_s1_xi0.01_end_K0.999,Ceravolo,sudden_trace_noise10_1000_IRO.xes.gz,1.0,0.0,1,19
,,B150_s1_xi0.01_end_K0.999,Ceravolo,sudden_trace_noise10_1000_IRO.xes.gz,1.0,100.0,1,6
,,B200_s1_xi0.01_end_K0.999,Ceravolo,sudden_trace_noise10_1000_IRO.xes.gz,1.0,100.0,1,4
,,B300_s1_xi0.01_end_K0.999,Ceravolo,sudden_trace_noise10_1000_IRO.xes.gz,1.0,100.0,1,3
,,B100_s1_xi0.0_end_K0.999,Ceravolo,sudden_trace_noise10_1000_OIR.xes.gz,1.0,0.0,1,9
,,B100_s1_xi0.005_end_K0.999,Ceravolo,sudden_trace_noise10_1000_OIR.xes.gz,1.0,0.0,1,9
,,B100_s1_xi0.01_end_K0.999,Ceravolo,sudden_trace_noise10_1000_OIR.xes.gz,1.0,0.0,1,9
,,B100_s1_xi0.02_end_K0.999,Ceravolo,sudden_trace_noise10_1000_OIR.xes.gz,1.0,0.0,1,9
,,B100_s1_xi0.03_end_K0.999,Ceravolo,sudden_trace_noise10_1000_OIR.xes.gz,1.0,0.0,1,9
,,B100_s1_xi0.05_end_K0.999,Ceravolo,sudden_trace_noise10_1000_OIR.xes.gz,1.0,0.0,1,9
,,B100_s1_xi0.07_end_K0.999,Ceravolo,sudden_trace_noise10_1000_OIR.xes.gz,1.0,0.0,1,9
,,B100_s1_xi0.1_end_K0.999,Ceravolo,sudden_trace_noise10_1000_OIR.xes.gz,1.0,0.0,1,9
,,B100_s1_xi0.01_start_K0.999,Ceravolo,sudden_trace_noise10_1000_OIR.xes.gz,1.0,99.0,1,9
,,B100_s1_xi0.01_mid_K0.999,Ceravolo,sudden_trace_noise10_1000_OIR.xes.gz,1.0,50.0,1,9
,,B100_s1_xi0.01_adaptive_K0.999,Ceravolo,sudden_trace_noise10_1000_OIR.xes.gz,1.0,0.0,1,9
,,B100_s1_xi0.01_refine_K0.999,Ceravolo,sudden_trace_noise10_1000_OIR.xes.gz,1.0,59.0,1,9
,,B100_s2_xi0.01_end_K0.999,Ceravolo,sudden_trace_noise10_1000_OIR.xes.gz,0.666667,100.0,2,7
,,B100_s3_xi0.01_end_K0.999,Ceravolo,sudden_trace_noise10_1000_OIR.xes.gz,0.666667,100.0,2,5
,,B100_s4_xi0.01_end_K0.999,Ceravolo,sudden_trace_noise10_1000_OIR.xes.gz,1.0,0.0,1,3
,,B100_s5_xi0.01_end_K0.999,Ceravolo,sudden_trace_noise10_1000_OIR.xes.gz,1.0,100.0,1,1
,,B25_s1_xi0.01_end_K0.999,Ceravolo,sudden_trace_noise10_1000_OIR.xes.gz,1.0,25.0,1,39
,,B50_s1_xi0.01_end_K0.999,Ceravolo,sudden_trace_noise10_1000_OIR.xes.gz,1.0,0.0,1,19
,,B150_s1_xi0.01_end_K0.999,Ceravolo,sudden_trace_noise10_1000_OIR.xes.gz,1.0,100.0,1,6
,,B200_s1_xi0.01_end_K0.999,Ceravolo,sudden_trace_noise10_1000_OIR.xes.gz,0.0,,1,4
,,B300_s1_xi0.01_end_K0.999,Ceravolo,sudden_trace_noise10_1000_OIR.xes.gz,0.0,,1,3
,,B100_s1_xi0.0_end_K0.999,Ceravolo,sudden_trace_noise10_1000_RIO.xes.gz,1.0,0.0,1,9
,,B100_s1_xi0.005_end_K0.999,Ceravolo,sudden_trace_noise10_1000_RIO.xes.gz,1.0,0.0,1,9
,,B100_s1_xi0.01_end_K0.999,Ceravolo,sudden_trace_noise10_1000_RIO.xes.gz,1.0,0.0,1,9
,,B100_s1_xi0.02_end_K0.999,Ceravolo,sudden_trace_noise10_1000_RIO.xes.gz,1.0,0.0,1,9
,,B100_s1_xi0.03_end_K0.999,Ceravolo,sudden_trace_noise10_1000_RIO.xes.gz,1.0,0.0,1,9
,,B100_s1_xi0.05_end_K0.999,Ceravolo,sudden_trace_noise10_1000_RIO.xes.gz,1.0,0.0,1,9
,,B100_s1_xi0.07_end_K0.999,Ceravolo,sudden_trace_noise10_1000_RIO.xes.gz,0.0,,0,9
,,B100_s1_xi0.1_end_K0.999,Ceravolo,sudden_trace_noise10_1000_RIO.xes.gz,0.0,,0,9
,,B100_s1_xi0.01_start_K0.999,Ceravolo,sudden_trace_noise10_1000_RIO.xes.gz,1.0,99.0,1,9
,,B100_s1_xi0.01_mid_K0.999,Ceravolo,sudden_trace_noise10_1000_RIO.xes.gz,1.0,50.0,1,9
,,B100_s1_xi0.01_adaptive_K0.999,Ceravolo,sudden_trace_noise10_1000_RIO.xes.gz,1.0,99.0,1,9
,,B100_s1_xi0.01_refine_K0.999,Ceravolo,sudden_trace_noise10_1000_RIO.xes.gz,1.0,59.0,1,9
,,B100_s2_xi0.01_end_K0.999,Ceravolo,sudden_trace_noise10_1000_RIO.xes.gz,0.666667,100.0,2,7
,,B100_s3_xi0.01_end_K0.999,Ceravolo,sudden_trace_noise10_1000_RIO.xes.gz,0.666667,100.0,2,5
,,B100_s4_xi0.01_end_K0.999,Ceravolo,sudden_trace_noise10_1000_RIO.xes.gz,1.0,0.0,1,3
,,B100_s5_xi0.01_end_K0.999,Ceravolo,sudden_trace_noise10_1000_RIO.xes.gz,1.0,100.0,1,1
,,B25_s1_xi0.01_end_K0.999,Ceravolo,sudden_trace_noise10_1000_RIO.xes.gz,1.0,50.0,1,39
,,B50_s1_xi0.01_end_K0.999,Ceravolo,sudden_trace_noise10_1000_RIO.xes.gz,1.0,0.0,1,19
,,B150_s1_xi0.01_end_K0.999,Ceravolo,sudden_trace_noise10_1000_RIO.xes.gz,1.0,100.0,1,6
,,B200_s1_xi0.01_end_K0.999,Ceravolo,sudden_trace_noise10_1000_RIO.xes.gz,1.0,100.0,1,4
,,B300_s1_xi0.01_end_K0.999,Ceravolo,sudden_trace_noise10_1000_RIO.xes.gz,1.0,100.0,1,3
,,B100_s1_xi0.0_end_K0.999,Ceravolo,sudden_trace_noise10_1000_ROI.xes.gz,1.0,0.0,1,9
,,B100_s1_xi0.005_end_K0.999,Ceravolo,sudden_trace_noise10_1000_ROI.xes.gz,1.0,0.0,1,9
,,B100_s1_xi0.01_end_K0.999,Ceravolo,sudden_trace_noise10_1000_ROI.xes.gz,1.0,0.0,1,9
,,B100_s1_xi0.02_end_K0.999,Ceravolo,sudden_trace_noise10_1000_ROI.xes.gz,1.0,0.0,1,9
,,B100_s1_xi0.03_end_K0.999,Ceravolo,sudden_trace_noise10_1000_ROI.xes.gz,1.0,0.0,1,9
,,B100_s1_xi0.05_end_K0.999,Ceravolo,sudden_trace_noise10_1000_ROI.xes.gz,1.0,0.0,1,9
,,B100_s1_xi0.07_end_K0.999,Ceravolo,sudden_trace_noise10_1000_ROI.xes.gz,1.0,0.0,1,9
,,B100_s1_xi0.1_end_K0.999,Ceravolo,sudden_trace_noise10_1000_ROI.xes.gz,1.0,0.0,1,9
,,B100_s1_xi0.01_start_K0.999,Ceravolo,sudden_trace_noise10_1000_ROI.xes.gz,1.0,99.0,1,9
,,B100_s1_xi0.01_mid_K0.999,Ceravolo,sudden_trace_noise10_1000_ROI.xes.gz,1.0,50.0,1,9
,,B100_s1_xi0.01_adaptive_K0.999,Ceravolo,sudden_trace_noise10_1000_ROI.xes.gz,1.0,99.0,1,9
,,B100_s1_xi0.01_refine_K0.999,Ceravolo,sudden_trace_noise10_1000_ROI.xes.gz,1.0,59.0,1,9
,,B100_s2_xi0.01_end_K0.999,Ceravolo,sudden_trace_noise10_1000_ROI.xes.gz,0.666667,100.0,2,7
,,B100_s3_xi0.01_end_K0.999,Ceravolo,sudden_trace_noise10_1000_ROI.xes.gz,0.666667,100.0,2,5
,,B100_s4_xi0.01_end_K0.999,Ceravolo,sudden_trace_noise10_1000_ROI.xes.gz,1.0,0.0,1,3
,,B100_s5_xi0.01_end_K0.999,Ceravolo,sudden_trace_noise10_1000_ROI.xes.gz,1.0,100.0,1,1
,,B25_s1_xi0.01_end_K0.999,Ceravolo,sudden_trace_noise10_1000_ROI.xes.gz,1.0,25.0,1,39
,,B50_s1_xi0.01_end_K0.999,Ceravolo,sudden_trace_noise10_1000_ROI.xes.gz,0.666667,0.0,2,19
,,B150_s1_xi0.01_end_K0.999,Ceravolo,sudden_trace_noise10_1000_ROI.xes.gz,0.666667,100.0,2,6
,,B200_s1_xi0.01_end_K0.999,Ceravolo,sudden_trace_noise10_1000_ROI.xes.gz,1.0,100.0,1,4
,,B300_s1_xi0.01_end_K0.999,Ceravolo,sudden_trace_noise10_1000_ROI.xes.gz,1.0,100.0,1,3
,,B100_s1_xi0.0_end_K0.999,Ceravolo,sudden_trace_noise10_1000_cb.xes.gz,1.0,0.0,1,9
,,B100_s1_xi0.005_end_K0.999,Ceravolo,sudden_trace_noise10_1000_cb.xes.gz,1.0,0.0,1,9
,,B100_s1_xi0.01_end_K0.999,Ceravolo,sudden_trace_noise10_1000_cb.xes.gz,1.0,0.0,1,9
,,B100_s1_xi0.02_end_K0.999,Ceravolo,sudden_trace_noise10_1000_cb.xes.gz,1.0,0.0,1,9
,,B100_s1_xi0.03_end_K0.999,Ceravolo,sudden_trace_noise10_1000_cb.xes.gz,1.0,0.0,1,9
,,B100_s1_xi0.05_end_K0.999,Ceravolo,sudden_trace_noise10_1000_cb.xes.gz,1.0,0.0,1,9
,,B100_s1_xi0.07_end_K0.999,Ceravolo,sudden_trace_noise10_1000_cb.xes.gz,1.0,0.0,1,9
,,B100_s1_xi0.1_end_K0.999,Ceravolo,sudden_trace_noise10_1000_cb.xes.gz,1.0,0.0,1,9
,,B100_s1_xi0.01_start_K0.999,Ceravolo,sudden_trace_noise10_1000_cb.xes.gz,1.0,99.0,1,9
,,B100_s1_xi0.01_mid_K0.999,Ceravolo,sudden_trace_noise10_1000_cb.xes.gz,1.0,50.0,1,9
,,B100_s1_xi0.01_adaptive_K0.999,Ceravolo,sudden_trace_noise10_1000_cb.xes.gz,1.0,99.0,1,9
,,B100_s1_xi0.01_refine_K0.999,Ceravolo,sudden_trace_noise10_1000_cb.xes.gz,1.0,59.0,1,9
,,B100_s2_xi0.01_end_K0.999,Ceravolo,sudden_trace_noise10_1000_cb.xes.gz,0.666667,100.0,2,7
,,B100_s3_xi0.01_end_K0.999,Ceravolo,sudden_trace_noise10_1000_cb.xes.gz,0.666667,100.0,2,5
,,B100_s4_xi0.01_end_K0.999,Ceravolo,sudden_trace_noise10_1000_cb.xes.gz,1.0,0.0,1,3
,,B100_s5_xi0.01_end_K0.999,Ceravolo,sudden_trace_noise10_1000_cb.xes.gz,1.0,100.0,1,1
,,B25_s1_xi0.01_end_K0.999,Ceravolo,sudden_trace_noise10_1000_cb.xes.gz,1.0,50.0,1,39
,,B50_s1_xi0.01_end_K0.999,Ceravolo,sudden_trace_noise10_1000_cb.xes.gz,1.0,0.0,1,19
,,B150_s1_xi0.01_end_K0.999,Ceravolo,sudden_trace_noise10_1000_cb.xes.gz,1.0,100.0,1,6
,,B200_s1_xi0.01_end_K0.999,Ceravolo,sudden_trace_noise10_1000_cb.xes.gz,1.0,100.0,1,4
,,B300_s1_xi0.01_end_K0.999,Ceravolo,sudden_trace_noise10_1000_cb.xes.gz,0.0,,1,3
,,B100_s1_xi0.0_end_K0.999,Ceravolo,sudden_trace_noise10_1000_cd.xes.gz,1.0,0.0,1,9
,,B100_s1_xi0.005_end_K0.999,Ceravolo,sudden_trace_noise10_1000_cd.xes.gz,1.0,0.0,1,9
,,B100_s1_xi0.01_end_K0.999,Ceravolo,sudden_trace_noise10_1000_cd.xes.gz,1.0,0.0,1,9
,,B100_s1_xi0.02_end_K0.999,Ceravolo,sudden_trace_noise10_1000_cd.xes.gz,1.0,0.0,1,9
,,B100_s1_xi0.03_end_K0.999,Ceravolo,sudden_trace_noise10_1000_cd.xes.gz,1.0,0.0,1,9
,,B100_s1_xi0.05_end_K0.999,Ceravolo,sudden_trace_noise10_1000_cd.xes.gz,1.0,0.0,1,9
,,B100_s1_xi0.07_end_K0.999,Ceravolo,sudden_trace_noise10_1000_cd.xes.gz,0.0,,0,9
,,B100_s1_xi0.1_end_K0.999,Ceravolo,sudden_trace_noise10_1000_cd.xes.gz,0.0,,0,9
,,B100_s1_xi0.01_start_K0.999,Ceravolo,sudden_trace_noise10_1000_cd.xes.gz,1.0,99.0,1,9
,,B100_s1_xi0.01_mid_K0.999,Ceravolo,sudden_trace_noise10_1000_cd.xes.gz,1.0,50.0,1,9
,,B100_s1_xi0.01_adaptive_K0.999,Ceravolo,sudden_trace_noise10_1000_cd.xes.gz,1.0,99.0,1,9
,,B100_s1_xi0.01_refine_K0.999,Ceravolo,sudden_trace_noise10_1000_cd.xes.gz,1.0,179.0,1,9
,,B100_s2_xi0.01_end_K0.999,Ceravolo,sudden_trace_noise10_1000_cd.xes.gz,1.0,0.0,1,7
,,B100_s3_xi0.01_end_K0.999,Ceravolo,sudden_trace_noise10_1000_cd.xes.gz,1.0,0.0,1,5
,,B100_s4_xi0.01_end_K0.999,Ceravolo,sudden_trace_noise10_1000_cd.xes.gz,0.0,,0,3
,,B100_s5_xi0.01_end_K0.999,Ceravolo,sudden_trace_noise10_1000_cd.xes.gz,0.0,,0,1
,,B25_s1_xi0.01_end_K0.999,Ceravolo,sudden_trace_noise10_1000_cd.xes.gz,0.666667,25.0,2,39
,,B50_s1_xi0.01_end_K0.999,Ceravolo,sudden_trace_noise10_1000_cd.xes.gz,0.0,,1,19
,,B150_s1_xi0.01_end_K0.999,Ceravolo,sudden_trace_noise10_1000_cd.xes.gz,0.0,,0,6
,,B200_s1_xi0.01_end_K0.999,Ceravolo,sudden_trace_noise10_1000_cd.xes.gz,1.0,100.0,1,4
,,B300_s1_xi0.01_end_K0.999,Ceravolo,sudden_trace_noise10_1000_cd.xes.gz,0.0,,0,3
,,B100_s1_xi0.0_end_K0.999,Ceravolo,sudden_trace_noise10_1000_cf.xes.gz,1.0,0.0,1,9
,,B100_s1_xi0.005_end_K0.999,Ceravolo,sudden_trace_noise10_1000_cf.xes.gz,1.0,0.0,1,9
,,B100_s1_xi0.01_end_K0.999,Ceravolo,sudden_trace_noise10_1000_cf.xes.gz,1.0,0.0,1,9
,,B100_s1_xi0.02_end_K0.999,Ceravolo,sudden_trace_noise10_1000_cf.xes.gz,1.0,0.0,1,9
,,B100_s1_xi0.03_end_K0.999,Ceravolo,sudden_trace_noise10_1000_cf.xes.gz,0.0,,0,9
,,B100_s1_xi0.05_end_K0.999,Ceravolo,sudden_trace_noise10_1000_cf.xes.gz,0.0,,0,9
,,B100_s1_xi0.07_end_K0.999,Ceravolo,sudden_trace_noise10_1000_cf.xes.gz,0.0,,0,9
,,B100_s1_xi0.1_end_K0.999,Ceravolo,sudden_trace_noise10_1000_cf.xes.gz,0.0,,0,9
,,B100_s1_xi0.01_start_K0.999,Ceravolo,sudden_trace_noise10_1000_cf.xes.gz,1.0,99.0,1,9
,,B100_s1_xi0.01_mid_K0.999,Ceravolo,sudden_trace_noise10_1000_cf.xes.gz,1.0,50.0,1,9
,,B100_s1_xi0.01_adaptive_K0.999,Ceravolo,sudden_trace_noise10_1000_cf.xes.gz,1.0,99.0,1,9
,,B100_s1_xi0.01_refine_K0.999,Ceravolo,sudden_trace_noise10_1000_cf.xes.gz,1.0,59.0,1,9
,,B100_s2_xi0.01_end_K0.999,Ceravolo,sudden_trace_noise10_1000_cf.xes.gz,0.666667,100.0,2,7
,,B100_s3_xi0.01_end_K0.999,Ceravolo,sudden_trace_noise10_1000_cf.xes.gz,0.666667,100.0,2,5
,,B100_s4_xi0.01_end_K0.999,Ceravolo,sudden_trace_noise10_1000_cf.xes.gz,1.0,0.0,1,3
,,B100_s5_xi0.01_end_K0.999,Ceravolo,sudden_trace_noise10_1000_cf.xes.gz,1.0,100.0,1,1
,,B25_s1_xi0.01_end_K0.999,Ceravolo,sudden_trace_noise10_1000_cf.xes.gz,0.666667,25.0,2,39
,,B50_s1_xi0.01_end_K0.999,Ceravolo,sudden_trace_noise10_1000_cf.xes.gz,1.0,0.0,1,19
,,B150_s1_xi0.01_end_K0.999,Ceravolo,sudden_trace_noise10_1000_cf.xes.gz,1.0,100.0,1,6
,,B200_s1_xi0.01_end_K0.999,Ceravolo,sudden_trace_noise10_1000_cf.xes.gz,1.0,100.0,1,4
,,B300_s1_xi0.01_end_K0.999,Ceravolo,sudden_trace_noise10_1000_cf.xes.gz,0.0,,1,3
,,B100_s1_xi0.0_end_K0.999,Ceravolo,sudden_trace_noise10_1000_cp.xes.gz,1.0,0.0,1,9
,,B100_s1_xi0.005_end_K0.999,Ceravolo,sudden_trace_noise10_1000_cp.xes.gz,1.0,0.0,1,9
,,B100_s1_xi0.01_end_K0.999,Ceravolo,sudden_trace_noise10_1000_cp.xes.gz,1.0,0.0,1,9
,,B100_s1_xi0.02_end_K0.999,Ceravolo,sudden_trace_noise10_1000_cp.xes.gz,1.0,0.0,1,9
,,B100_s1_xi0.03_end_K0.999,Ceravolo,sudden_trace_noise10_1000_cp.xes.gz,1.0,0.0,1,9
,,B100_s1_xi0.05_end_K0.999,Ceravolo,sudden_trace_noise10_1000_cp.xes.gz,1.0,0.0,1,9
,,B100_s1_xi0.07_end_K0.999,Ceravolo,sudden_trace_noise10_1000_cp.xes.gz,1.0,0.0,1,9
,,B100_s1_xi0.1_end_K0.999,Ceravolo,sudden_trace_noise10_1000_cp.xes.gz,1.0,0.0,1,9
,,B100_s1_xi0.01_start_K0.999,Ceravolo,sudden_trace_noise10_1000_cp.xes.gz,1.0,99.0,1,9
,,B100_s1_xi0.01_mid_K0.999,Ceravolo,sudden_trace_noise10_1000_cp.xes.gz,1.0,50.0,1,9
,,B100_s1_xi0.01_adaptive_K0.999,Ceravolo,sudden_trace_noise10_1000_cp.xes.gz,1.0,99.0,1,9
,,B100_s1_xi0.01_refine_K0.999,Ceravolo,sudden_trace_noise10_1000_cp.xes.gz,1.0,59.0,1,9
,,B100_s2_xi0.01_end_K0.999,Ceravolo,sudden_trace_noise10_1000_cp.xes.gz,0.666667,100.0,2,7
,,B100_s3_xi0.01_end_K0.999,Ceravolo,sudden_trace_noise10_1000_cp.xes.gz,0.666667,100.0,2,5
,,B100_s4_xi0.01_end_K0.999,Ceravolo,sudden_trace_noise10_1000_cp.xes.gz,1.0,0.0,1,3
,,B100_s5_xi0.01_end_K0.999,Ceravolo,sudden_trace_noise10_1000_cp.xes.gz,1.0,100.0,1,1
,,B25_s1_xi0.01_end_K0.999,Ceravolo,sudden_trace_noise10_1000_cp.xes.gz,1.0,50.0,1,39
,,B50_s1_xi0.01_end_K0.999,Ceravolo,sudden_trace_noise10_1000_cp.xes.gz,1.0,0.0,1,19
,,B150_s1_xi0.01_end_K0.999,Ceravolo,sudden_trace_noise10_1000_cp.xes.gz,1.0,100.0,1,6
,,B200_s1_xi0.01_end_K0.999,Ceravolo,sudden_trace_noise10_1000_cp.xes.gz,1.0,100.0,1,4
,,B300_s1_xi0.01_end_K0.999,Ceravolo,sudden_trace_noise10_1000_cp.xes.gz,1.0,100.0,1,3
,,B100_s1_xi0.0_end_K0.999,Ceravolo,sudden_trace_noise10_1000_lp.xes.gz,1.0,0.0,1,9
,,B100_s1_xi0.005_end_K0.999,Ceravolo,sudden_trace_noise10_1000_lp.xes.gz,1.0,0.0,1,9
,,B100_s1_xi0.01_end_K0.999,Ceravolo,sudden_trace_noise10_1000_lp.xes.gz,1.0,0.0,1,9
,,B100_s1_xi0.02_end_K0.999,Ceravolo,sudden_trace_noise10_1000_lp.xes.gz,1.0,0.0,1,9
,,B100_s1_xi0.03_end_K0.999,Ceravolo,sudden_trace_noise10_1000_lp.xes.gz,1.0,0.0,1,9
,,B100_s1_xi0.05_end_K0.999,Ceravolo,sudden_trace_noise10_1000_lp.xes.gz,1.0,0.0,1,9
,,B100_s1_xi0.07_end_K0.999,Ceravolo,sudden_trace_noise10_1000_lp.xes.gz,1.0,0.0,1,9
,,B100_s1_xi0.1_end_K0.999,Ceravolo,sudden_trace_noise10_1000_lp.xes.gz,0.0,,0,9
,,B100_s1_xi0.01_start_K0.999,Ceravolo,sudden_trace_noise10_1000_lp.xes.gz,1.0,99.0,1,9
,,B100_s1_xi0.01_mid_K0.999,Ceravolo,sudden_trace_noise10_1000_lp.xes.gz,1.0,50.0,1,9
,,B100_s1_xi0.01_adaptive_K0.999,Ceravolo,sudden_trace_noise10_1000_lp.xes.gz,1.0,0.0,1,9
,,B100_s1_xi0.01_refine_K0.999,Ceravolo,sudden_trace_noise10_1000_lp.xes.gz,1.0,39.0,1,9
,,B100_s2_xi0.01_end_K0.999,Ceravolo,sudden_trace_noise10_1000_lp.xes.gz,0.666667,100.0,2,7
,,B100_s3_xi0.01_end_K0.999,Ceravolo,sudden_trace_noise10_1000_lp.xes.gz,0.666667,100.0,2,5
,,B100_s4_xi0.01_end_K0.999,Ceravolo,sudden_trace_noise10_1000_lp.xes.gz,1.0,0.0,1,3
,,B100_s5_xi0.01_end_K0.999,Ceravolo,sudden_trace_noise10_1000_lp.xes.gz,1.0,100.0,1,1
,,B25_s1_xi0.01_end_K0.999,Ceravolo,sudden_trace_noise10_1000_lp.xes.gz,0.666667,50.0,2,39
,,B50_s1_xi0.01_end_K0.999,Ceravolo,sudden_trace_noise10_1000_lp.xes.gz,1.0,0.0,1,19
,,B150_s1_xi0.01_end_K0.999,Ceravolo,sudden_trace_noise10_1000_lp.xes.gz,1.0,100.0,1,6
,,B200_s1_xi0.01_end_K0.999,Ceravolo,sudden_trace_noise10_1000_lp.xes.gz,1.0,100.0,1,4
,,B300_s1_xi0.01_end_K0.999,Ceravolo,sudden_trace_noise10_1000_lp.xes.gz,1.0,100.0,1,3
,,B100_s1_xi0.0_end_K0.999,Ceravolo,sudden_trace_noise10_1000_pl.xes.gz,0.0,,0,9
,,B100_s1_xi0.005_end_K0.999,Ceravolo,sudden_trace_noise10_1000_pl.xes.gz,0.0,,0,9
,,B100_s1_xi0.01_end_K0.999,Ceravolo,sudden_trace_noise10_1000_pl.xes.gz,0.0,,0,9
,,B100_s1_xi0.02_end_K0.999,Ceravolo,sudden_trace_noise10_1000_pl.xes.gz,0.0,,0,9
,,B100_s1_xi0.03_end_K0.999,Ceravolo,sudden_trace_noise10_1000_pl.xes.gz,0.0,,0,9
,,B100_s1_xi0.05_end_K0.999,Ceravolo,sudden_trace_noise10_1000_pl.xes.gz,0.0,,0,9
,,B100_s1_xi0.07_end_K0.999,Ceravolo,sudden_trace_noise10_1000_pl.xes.gz,0.0,,0,9
,,B100_s1_xi0.1_end_K0.999,Ceravolo,sudden_trace_noise10_1000_pl.xes.gz,0.0,,0,9
,,B100_s1_xi0.01_start_K0.999,Ceravolo,sudden_trace_noise10_1000_pl.xes.gz,0.0,,0,9
,,B100_s1_xi0.01_mid_K0.999,Ceravolo,sudden_trace_noise10_1000_pl.xes.gz,0.0,,0,9
,,B100_s1_xi0.01_adaptive_K0.999,Ceravolo,sudden_trace_noise10_1000_pl.xes.gz,0.0,,0,9
,,B100_s1_xi0.01_refine_K0.999,Ceravolo,sudden_trace_noise10_1000_pl.xes.gz,0.0,,0,9
,,B100_s2_xi0.01_end_K0.999,Ceravolo,sudden_trace_noise10_1000_pl.xes.gz,0.0,,0,7
,,B100_s3_xi0.01_end_K0.999,Ceravolo,sudden_trace_noise10_1000_pl.xes.gz,0.0,,0,5
,,B100_s4_xi0.01_end_K0.999,Ceravolo,sudden_trace_noise10_1000_pl.xes.gz,0.0,,0,3
,,B100_s5_xi0.01_end_K0.999,Ceravolo,sudden_trace_noise10_1000_pl.xes.gz,0.0,,0,1
,,B25_s1_xi0.01_end_K0.999,Ceravolo,sudden_trace_noise10_1000_pl.xes.gz,0.0,,1,39
,,B50_s1_xi0.01_end_K0.999,Ceravolo,sudden_trace_noise10_1000_pl.xes.gz,0.0,,0,19
,,B150_s1_xi0.01_end_K0.999,Ceravolo,sudden_trace_noise10_1000_pl.xes.gz,1.0,200.0,1,6
,,B200_s1_xi0.01_end_K0.999,Ceravolo,sudden_trace_noise10_1000_pl.xes.gz,0.0,,0,4
,,B300_s1_xi0.01_end_K0.999,Ceravolo,sudden_trace_noise10_1000_pl.xes.gz,0.0,,0,3
,,B100_s1_xi0.0_end_K0.999,Ceravolo,sudden_trace_noise10_1000_pm.xes.gz,0.666667,100.0,2,9
,,B100_s1_xi0.005_end_K0.999,Ceravolo,sudden_trace_noise10_1000_pm.xes.gz,0.666667,100.0,2,9
,,B100_s1_xi0.01_end_K0.999,Ceravolo,sudden_trace_noise10_1000_pm.xes.gz,0.666667,100.0,2,9
,,B100_s1_xi0.02_end_K0.999,Ceravolo,sudden_trace_noise10_1000_pm.xes.gz,0.666667,100.0,2,9
,,B100_s1_xi0.03_end_K0.999,Ceravolo,sudden_trace_noise10_1000_pm.xes.gz,0.666667,100.0,2,9
,,B100_s1_xi0.05_end_K0.999,Ceravolo,sudden_trace_noise10_1000_pm.xes.gz,1.0,100.0,1,9
,,B100_s1_xi0.07_end_K0.999,Ceravolo,sudden_trace_noise10_1000_pm.xes.gz,1.0,100.0,1,9
,,B100_s1_xi0.1_end_K0.999,Ceravolo,sudden_trace_noise10_1000_pm.xes.gz,1.0,100.0,1,9
,,B100_s1_xi0.01_start_K0.999,Ceravolo,sudden_trace_noise10_1000_pm.xes.gz,0.666667,101.0,2,9
,,B100_s1_xi0.01_mid_K0.999,Ceravolo,sudden_trace_noise10_1000_pm.xes.gz,0.666667,150.0,2,9
,,B100_s1_xi0.01_adaptive_K0.999,Ceravolo,sudden_trace_noise10_1000_pm.xes.gz,0.666667,199.0,2,9
,,B100_s1_xi0.01_refine_K0.999,Ceravolo,sudden_trace_noise10_1000_pm.xes.gz,0.666667,39.0,2,9
,,B100_s2_xi0.01_end_K0.999,Ceravolo,sudden_trace_noise10_1000_pm.xes.gz,0.666667,100.0,2,7
,,B100_s3_xi0.01_end_K0.999,Ceravolo,sudden_trace_noise10_1000_pm.xes.gz,0.666667,100.0,2,5
,,B100_s4_xi0.01_end_K0.999,Ceravolo,sudden_trace_noise10_1000_pm.xes.gz,1.0,0.0,1,3
,,B100_s5_xi0.01_end_K0.999,Ceravolo,sudden_trace_noise10_1000_pm.xes.gz,1.0,100.0,1,1
,,B25_s1_xi0.01_end_K0.999,Ceravolo,sudden_trace_noise10_1000_pm.xes.gz,0.666667,25.0,2,39
,,B50_s1_xi0.01_end_K0.999,Ceravolo,sudden_trace_noise10_1000_pm.xes.gz,0.666667,0.0,2,19
,,B150_s1_xi0.01_end_K0.999,Ceravolo,sudden_trace_noise10_1000_pm.xes.gz,1.0,100.0,1,6
,,B200_s1_xi0.01_end_K0.999,Ceravolo,sudden_trace_noise10_1000_pm.xes.gz,1.0,100.0,1,4
,,B300_s1_xi0.01_end_K0.999,Ceravolo,sudden_trace_noise10_1000_pm.xes.gz,0.0,,1,3
,,B100_s1_xi0.0_end_K0.999,Ceravolo,sudden_trace_noise10_1000_re.xes.gz,1.0,0.0,1,9
,,B100_s1_xi0.005_end_K0.999,Ceravolo,sudden_trace_noise10_1000_re.xes.gz,1.0,0.0,1,9
,,B100_s1_xi0.01_end_K0.999,Ceravolo,sudden_trace_noise10_1000_re.xes.gz,1.0,0.0,1,9
,,B100_s1_xi0.02_end_K0.999,Ceravolo,sudden_trace_noise10_1000_re.xes.gz,1.0,0.0,1,9
,,B100_s1_xi0.03_end_K0.999,Ceravolo,sudden_trace_noise10_1000_re.xes.gz,1.0,0.0,1,9
,,B100_s1_xi0.05_end_K0.999,Ceravolo,sudden_trace_noise10_1000_re.xes.gz,1.0,0.0,1,9
,,B100_s1_xi0.07_end_K0.999,Ceravolo,sudden_trace_noise10_1000_re.xes.gz,1.0,0.0,1,9
,,B100_s1_xi0.1_end_K0.999,Ceravolo,sudden_trace_noise10_1000_re.xes.gz,1.0,0.0,1,9
,,B100_s1_xi0.01_start_K0.999,Ceravolo,sudden_trace_noise10_1000_re.xes.gz,1.0,99.0,1,9
,,B100_s1_xi0.01_mid_K0.999,Ceravolo,sudden_trace_noise10_1000_re.xes.gz,1.0,50.0,1,9
,,B100_s1_xi0.01_adaptive_K0.999,Ceravolo,sudden_trace_noise10_1000_re.xes.gz,1.0,99.0,1,9
,,B100_s1_xi0.01_refine_K0.999,Ceravolo,sudden_trace_noise10_1000_re.xes.gz,1.0,59.0,1,9
,,B100_s2_xi0.01_end_K0.999,Ceravolo,sudden_trace_noise10_1000_re.xes.gz,0.666667,100.0,2,7
,,B100_s3_xi0.01_end_K0.999,Ceravolo,sudden_trace_noise10_1000_re.xes.gz,0.666667,100.0,2,5
,,B100_s4_xi0.01_end_K0.999,Ceravolo,sudden_trace_noise10_1000_re.xes.gz,1.0,0.0,1,3
,,B100_s5_xi0.01_end_K0.999,Ceravolo,sudden_trace_noise10_1000_re.xes.gz,1.0,100.0,1,1
,,B25_s1_xi0.01_end_K0.999,Ceravolo,sudden_trace_noise10_1000_re.xes.gz,0.666667,25.0,2,39
,,B50_s1_xi0.01_end_K0.999,Ceravolo,sudden_trace_noise10_1000_re.xes.gz,1.0,0.0,1,19
,,B150_s1_xi0.01_end_K0.999,Ceravolo,sudden_trace_noise10_1000_re.xes.gz,1.0,100.0,1,6
,,B200_s1_xi0.01_end_K0.999,Ceravolo,sudden_trace_noise10_1000_re.xes.gz,1.0,100.0,1,4
,,B300_s1_xi0.01_end_K0.999,Ceravolo,sudden_trace_noise10_1000_re.xes.gz,0.0,,1,3
,,B100_s1_xi0.0_end_K0.999,Ceravolo,sudden_trace_noise10_1000_rp.xes.gz,1.0,0.0,1,9
,,B100_s1_xi0.005_end_K0.999,Ceravolo,sudden_trace_noise10_1000_rp.xes.gz,1.0,0.0,1,9
,,B100_s1_xi0.01_end_K0.999,Ceravolo,sudden_trace_noise10_1000_rp.xes.gz,1.0,0.0,1,9
,,B100_s1_xi0.02_end_K0.999,Ceravolo,sudden_trace_noise10_1000_rp.xes.gz,1.0,0.0,1,9
,,B100_s1_xi0.03_end_K0.999,Ceravolo,sudden_trace_noise10_1000_rp.xes.gz,1.0,0.0,1,9
,,B100_s1_xi0.05_end_K0.999,Ceravolo,sudden_trace_noise10_1000_rp.xes.gz,1.0,0.0,1,9
,,B100_s1_xi0.07_end_K0.999,Ceravolo,sudden_trace_noise10_1000_rp.xes.gz,1.0,0.0,1,9
,,B100_s1_xi0.1_end_K0.999,Ceravolo,sudden_trace_noise10_1000_rp.xes.gz,1.0,0.0,1,9
,,B100_s1_xi0.01_start_K0.999,Ceravolo,sudden_trace_noise10_1000_rp.xes.gz,1.0,99.0,1,9
,,B100_s1_xi0.01_mid_K0.999,Ceravolo,sudden_trace_noise10_1000_rp.xes.gz,1.0,50.0,1,9
,,B100_s1_xi0.01_adaptive_K0.999,Ceravolo,sudden_trace_noise10_1000_rp.xes.gz,1.0,0.0,1,9
,,B100_s1_xi0.01_refine_K0.999,Ceravolo,sudden_trace_noise10_1000_rp.xes.gz,1.0,59.0,1,9
,,B100_s2_xi0.01_end_K0.999,Ceravolo,sudden_trace_noise10_1000_rp.xes.gz,0.666667,100.0,2,7
,,B100_s3_xi0.01_end_K0.999,Ceravolo,sudden_trace_noise10_1000_rp.xes.gz,0.666667,100.0,2,5
,,B100_s4_xi0.01_end_K0.999,Ceravolo,sudden_trace_noise10_1000_rp.xes.gz,1.0,0.0,1,3
,,B100_s5_xi0.01_end_K0.999,Ceravolo,sudden_trace_noise10_1000_rp.xes.gz,1.0,100.0,1,1
,,B25_s1_xi0.01_end_K0.999,Ceravolo,sudden_trace_noise10_1000_rp.xes.gz,0.666667,50.0,2,39
,,B50_s1_xi0.01_end_K0.999,Ceravolo,sudden_trace_noise10_1000_rp.xes.gz,1.0,0.0,1,19
,,B150_s1_xi0.01_end_K0.999,Ceravolo,sudden_trace_noise10_1000_rp.xes.gz,1.0,100.0,1,6
,,B200_s1_xi0.01_end_K0.999,Ceravolo,sudden_trace_noise10_1000_rp.xes.gz,1.0,100.0,1,4
,,B300_s1_xi0.01_end_K0.999,Ceravolo,sudden_trace_noise10_1000_rp.xes.gz,1.0,100.0,1,3
,,B100_s1_xi0.0_end_K0.999,Ceravolo,sudden_trace_noise10_1000_sw.xes.gz,1.0,0.0,1,9
,,B100_s1_xi0.005_end_K0.999,Ceravolo,sudden_trace_noise10_1000_sw.xes.gz,1.0,0.0,1,9
,,B100_s1_xi0.01_end_K0.999,Ceravolo,sudden_trace_noise10_1000_sw.xes.gz,1.0,0.0,1,9
,,B100_s1_xi0.02_end_K0.999,Ceravolo,sudden_trace_noise10_1000_sw.xes.gz,1.0,0.0,1,9
,,B100_s1_xi0.03_end_K0.999,Ceravolo,sudden_trace_noise10_1000_sw.xes.gz,1.0,0.0,1,9
,,B100_s1_xi0.05_end_K0.999,Ceravolo,sudden_trace_noise10_1000_sw.xes.gz,1.0,0.0,1,9
,,B100_s1_xi0.07_end_K0.999,Ceravolo,sudden_trace_noise10_1000_sw.xes.gz,1.0,0.0,1,9
,,B100_s1_xi0.1_end_K0.999,Ceravolo,sudden_trace_noise10_1000_sw.xes.gz,1.0,0.0,1,9
,,B100_s1_xi0.01_start_K0.999,Ceravolo,sudden_trace_noise10_1000_sw.xes.gz,1.0,99.0,1,9
,,B100_s1_xi0.01_mid_K0.999,Ceravolo,sudden_trace_noise10_1000_sw.xes.gz,1.0,50.0,1,9
,,B100_s1_xi0.01_adaptive_K0.999,Ceravolo,sudden_trace_noise10_1000_sw.xes.gz,1.0,0.0,1,9
,,B100_s1_xi0.01_refine_K0.999,Ceravolo,sudden_trace_noise10_1000_sw.xes.gz,1.0,59.0,1,9
,,B100_s2_xi0.01_end_K0.999,Ceravolo,sudden_trace_noise10_1000_sw.xes.gz,0.666667,100.0,2,7
,,B100_s3_xi0.01_end_K0.999,Ceravolo,sudden_trace_noise10_1000_sw.xes.gz,0.666667,100.0,2,5
,,B100_s4_xi0.01_end_K0.999,Ceravolo,sudden_trace_noise10_1000_sw.xes.gz,1.0,0.0,1,3
,,B100_s5_xi0.01_end_K0.999,Ceravolo,sudden_trace_noise10_1000_sw.xes.gz,1.0,100.0,1,1
,,B25_s1_xi0.01_end_K0.999,Ceravolo,sudden_trace_noise10_1000_sw.xes.gz,0.666667,50.0,2,39
,,B50_s1_xi0.01_end_K0.999,Ceravolo,sudden_trace_noise10_1000_sw.xes.gz,1.0,0.0,1,19
,,B150_s1_xi0.01_end_K0.999,Ceravolo,sudden_trace_noise10_1000_sw.xes.gz,1.0,100.0,1,6
,,B200_s1_xi0.01_end_K0.999,Ceravolo,sudden_trace_noise10_1000_sw.xes.gz,0.0,,1,4
,,B300_s1_xi0.01_end_K0.999,Ceravolo,sudden_trace_noise10_1000_sw.xes.gz,0.0,,1,3
,,B100_s1_xi0.0_end_K0.999,Ceravolo,sudden_trace_noise15_1000_IOR.xes.gz,1.0,0.0,1,9
,,B100_s1_xi0.005_end_K0.999,Ceravolo,sudden_trace_noise15_1000_IOR.xes.gz,1.0,0.0,1,9
,,B100_s1_xi0.01_end_K0.999,Ceravolo,sudden_trace_noise15_1000_IOR.xes.gz,1.0,0.0,1,9
,,B100_s1_xi0.02_end_K0.999,Ceravolo,sudden_trace_noise15_1000_IOR.xes.gz,1.0,0.0,1,9
,,B100_s1_xi0.03_end_K0.999,Ceravolo,sudden_trace_noise15_1000_IOR.xes.gz,1.0,0.0,1,9
,,B100_s1_xi0.05_end_K0.999,Ceravolo,sudden_trace_noise15_1000_IOR.xes.gz,1.0,0.0,1,9
,,B100_s1_xi0.07_end_K0.999,Ceravolo,sudden_trace_noise15_1000_IOR.xes.gz,1.0,0.0,1,9
,,B100_s1_xi0.1_end_K0.999,Ceravolo,sudden_trace_noise15_1000_IOR.xes.gz,1.0,0.0,1,9
,,B100_s1_xi0.01_start_K0.999,Ceravolo,sudden_trace_noise15_1000_IOR.xes.gz,1.0,99.0,1,9
,,B100_s1_xi0.01_mid_K0.999,Ceravolo,sudden_trace_noise15_1000_IOR.xes.gz,1.0,50.0,1,9
,,B100_s1_xi0.01_adaptive_K0.999,Ceravolo,sudden_trace_noise15_1000_IOR.xes.gz,1.0,0.0,1,9
,,B100_s1_xi0.01_refine_K0.999,Ceravolo,sudden_trace_noise15_1000_IOR.xes.gz,1.0,59.0,1,9
,,B100_s2_xi0.01_end_K0.999,Ceravolo,sudden_trace_noise15_1000_IOR.xes.gz,0.666667,100.0,2,7
,,B100_s3_xi0.01_end_K0.999,Ceravolo,sudden_trace_noise15_1000_IOR.xes.gz,0.666667,100.0,2,5
,,B100_s4_xi0.01_end_K0.999,Ceravolo,sudden_trace_noise15_1000_IOR.xes.gz,1.0,0.0,1,3
,,B100_s5_xi0.01_end_K0.999,Ceravolo,sudden_trace_noise15_1000_IOR.xes.gz,1.0,100.0,1,1
,,B25_s1_xi0.01_end_K0.999,Ceravolo,sudden_trace_noise15_1000_IOR.xes.gz,1.0,50.0,1,39
,,B50_s1_xi0.01_end_K0.999,Ceravolo,sudden_trace_noise15_1000_IOR.xes.gz,1.0,0.0,1,19
,,B150_s1_xi0.01_end_K0.999,Ceravolo,sudden_trace_noise15_1000_IOR.xes.gz,1.0,100.0,1,6
,,B200_s1_xi0.01_end_K0.999,Ceravolo,sudden_trace_noise15_1000_IOR.xes.gz,1.0,100.0,1,4
,,B300_s1_xi0.01_end_K0.999,Ceravolo,sudden_trace_noise15_1000_IOR.xes.gz,0.0,,1,3
,,B100_s1_xi0.0_end_K0.999,Ceravolo,sudden_trace_noise15_1000_IRO.xes.gz,1.0,0.0,1,9
,,B100_s1_xi0.005_end_K0.999,Ceravolo,sudden_trace_noise15_1000_IRO.xes.gz,1.0,0.0,1,9
,,B100_s1_xi0.01_end_K0.999,Ceravolo,sudden_trace_noise15_1000_IRO.xes.gz,1.0,0.0,1,9
,,B100_s1_xi0.02_end_K0.999,Ceravolo,sudden_trace_noise15_1000_IRO.xes.gz,1.0,0.0,1,9
,,B100_s1_xi0.03_end_K0.999,Ceravolo,sudden_trace_noise15_1000_IRO.xes.gz,1.0,0.0,1,9
,,B100_s1_xi0.05_end_K0.999,Ceravolo,sudden_trace_noise15_1000_IRO.xes.gz,1.0,0.0,1,9
,,B100_s1_xi0.07_end_K0.999,Ceravolo,sudden_trace_noise15_1000_IRO.xes.gz,1.0,0.0,1,9
,,B100_s1_xi0.1_end_K0.999,Ceravolo,sudden_trace_noise15_1000_IRO.xes.gz,1.0,0.0,1,9
,,B100_s1_xi0.01_start_K0.999,Ceravolo,sudden_trace_noise15_1000_IRO.xes.gz,1.0,99.0,1,9
,,B100_s1_xi0.01_mid_K0.999,Ceravolo,sudden_trace_noise15_1000_IRO.xes.gz,1.0,50.0,1,9
,,B100_s1_xi0.01_adaptive_K0.999,Ceravolo,sudden_trace_noise15_1000_IRO.xes.gz,1.0,99.0,1,9
,,B100_s1_xi0.01_refine_K0.999,Ceravolo,sudden_trace_noise15_1000_IRO.xes.gz,1.0,59.0,1,9
,,B100_s2_xi0.01_end_K0.999,Ceravolo,sudden_trace_noise15_1000_IRO.xes.gz,0.666667,100.0,2,7
,,B100_s3_xi0.01_end_K0.999,Ceravolo,sudden_trace_noise15_1000_IRO.xes.gz,0.666667,100.0,2,5
,,B100_s4_xi0.01_end_K0.999,Ceravolo,sudden_trace_noise15_1000_IRO.xes.gz,1.0,0.0,1,3
,,B100_s5_xi0.01_end_K0.999,Ceravolo,sudden_trace_noise15_1000_IRO.xes.gz,1.0,100.0,1,1
,,B25_s1_xi0.01_end_K0.999,Ceravolo,sudden_trace_noise15_1000_IRO.xes.gz,1.0,50.0,1,39
,,B50_s1_xi0.01_end_K0.999,Ceravolo,sudden_trace_noise15_1000_IRO.xes.gz,1.0,0.0,1,19
,,B150_s1_xi0.01_end_K0.999,Ceravolo,sudden_trace_noise15_1000_IRO.xes.gz,1.0,100.0,1,6
,,B200_s1_xi0.01_end_K0.999,Ceravolo,sudden_trace_noise15_1000_IRO.xes.gz,1.0,100.0,1,4
,,B300_s1_xi0.01_end_K0.999,Ceravolo,sudden_trace_noise15_1000_IRO.xes.gz,1.0,100.0,1,3
,,B100_s1_xi0.0_end_K0.999,Ceravolo,sudden_trace_noise15_1000_OIR.xes.gz,1.0,0.0,1,9
,,B100_s1_xi0.005_end_K0.999,Ceravolo,sudden_trace_noise15_1000_OIR.xes.gz,1.0,0.0,1,9
,,B100_s1_xi0.01_end_K0.999,Ceravolo,sudden_trace_noise15_1000_OIR.xes.gz,1.0,0.0,1,9
,,B100_s1_xi0.02_end_K0.999,Ceravolo,sudden_trace_noise15_1000_OIR.xes.gz,1.0,0.0,1,9
,,B100_s1_xi0.03_end_K0.999,Ceravolo,sudden_trace_noise15_1000_OIR.xes.gz,1.0,0.0,1,9
,,B100_s1_xi0.05_end_K0.999,Ceravolo,sudden_trace_noise15_1000_OIR.xes.gz,1.0,0.0,1,9
,,B100_s1_xi0.07_end_K0.999,Ceravolo,sudden_trace_noise15_1000_OIR.xes.gz,1.0,0.0,1,9
,,B100_s1_xi0.1_end_K0.999,Ceravolo,sudden_trace_noise15_1000_OIR.xes.gz,1.0,0.0,1,9
,,B100_s1_xi0.01_start_K0.999,Ceravolo,sudden_trace_noise15_1000_OIR.xes.gz,1.0,99.0,1,9
,,B100_s1_xi0.01_mid_K0.999,Ceravolo,sudden_trace_noise15_1000_OIR.xes.gz,1.0,50.0,1,9
,,B100_s1_xi0.01_adaptive_K0.999,Ceravolo,sudden_trace_noise15_1000_OIR.xes.gz,1.0,0.0,1,9
,,B100_s1_xi0.01_refine_K0.999,Ceravolo,sudden_trace_noise15_1000_OIR.xes.gz,1.0,59.0,1,9
,,B100_s2_xi0.01_end_K0.999,Ceravolo,sudden_trace_noise15_1000_OIR.xes.gz,0.666667,100.0,2,7
,,B100_s3_xi0.01_end_K0.999,Ceravolo,sudden_trace_noise15_1000_OIR.xes.gz,0.666667,100.0,2,5
,,B100_s4_xi0.01_end_K0.999,Ceravolo,sudden_trace_noise15_1000_OIR.xes.gz,1.0,0.0,1,3
,,B100_s5_xi0.01_end_K0.999,Ceravolo,sudden_trace_noise15_1000_OIR.xes.gz,1.0,100.0,1,1
,,B25_s1_xi0.01_end_K0.999,Ceravolo,sudden_trace_noise15_1000_OIR.xes.gz,1.0,25.0,1,39
,,B50_s1_xi0.01_end_K0.999,Ceravolo,sudden_trace_noise15_1000_OIR.xes.gz,1.0,0.0,1,19
,,B150_s1_xi0.01_end_K0.999,Ceravolo,sudden_trace_noise15_1000_OIR.xes.gz,1.0,100.0,1,6
,,B200_s1_xi0.01_end_K0.999,Ceravolo,sudden_trace_noise15_1000_OIR.xes.gz,1.0,100.0,1,4
,,B300_s1_xi0.01_end_K0.999,Ceravolo,sudden_trace_noise15_1000_OIR.xes.gz,1.0,100.0,1,3
,,B100_s1_xi0.0_end_K0.999,Ceravolo,sudden_trace_noise15_1000_RIO.xes.gz,1.0,0.0,1,9
,,B100_s1_xi0.005_end_K0.999,Ceravolo,sudden_trace_noise15_1000_RIO.xes.gz,1.0,0.0,1,9
,,B100_s1_xi0.01_end_K0.999,Ceravolo,sudden_trace_noise15_1000_RIO.xes.gz,1.0,0.0,1,9
,,B100_s1_xi0.02_end_K0.999,Ceravolo,sudden_trace_noise15_1000_RIO.xes.gz,1.0,0.0,1,9
,,B100_s1_xi0.03_end_K0.999,Ceravolo,sudden_trace_noise15_1000_RIO.xes.gz,1.0,0.0,1,9
,,B100_s1_xi0.05_end_K0.999,Ceravolo,sudden_trace_noise15_1000_RIO.xes.gz,1.0,0.0,1,9
,,B100_s1_xi0.07_end_K0.999,Ceravolo,sudden_trace_noise15_1000_RIO.xes.gz,0.0,,0,9
,,B100_s1_xi0.1_end_K0.999,Ceravolo,sudden_trace_noise15_1000_RIO.xes.gz,0.0,,0,9
,,B100_s1_xi0.01_start_K0.999,Ceravolo,sudden_trace_noise15_1000_RIO.xes.gz,1.0,99.0,1,9
,,B100_s1_xi0.01_mid_K0.999,Ceravolo,sudden_trace_noise15_1000_RIO.xes.gz,1.0,50.0,1,9
,,B100_s1_xi0.01_adaptive_K0.999,Ceravolo,sudden_trace_noise15_1000_RIO.xes.gz,1.0,99.0,1,9
,,B100_s1_xi0.01_refine_K0.999,Ceravolo,sudden_trace_noise15_1000_RIO.xes.gz,1.0,179.0,1,9
,,B100_s2_xi0.01_end_K0.999,Ceravolo,sudden_trace_noise15_1000_RIO.xes.gz,0.666667,100.0,2,7
,,B100_s3_xi0.01_end_K0.999,Ceravolo,sudden_trace_noise15_1000_RIO.xes.gz,0.666667,100.0,2,5
,,B100_s4_xi0.01_end_K0.999,Ceravolo,sudden_trace_noise15_1000_RIO.xes.gz,1.0,0.0,1,3
,,B100_s5_xi0.01_end_K0.999,Ceravolo,sudden_trace_noise15_1000_RIO.xes.gz,1.0,100.0,1,1
,,B25_s1_xi0.01_end_K0.999,Ceravolo,sudden_trace_noise15_1000_RIO.xes.gz,1.0,50.0,1,39
,,B50_s1_xi0.01_end_K0.999,Ceravolo,sudden_trace_noise15_1000_RIO.xes.gz,1.0,0.0,1,19
,,B150_s1_xi0.01_end_K0.999,Ceravolo,sudden_trace_noise15_1000_RIO.xes.gz,1.0,100.0,1,6
,,B200_s1_xi0.01_end_K0.999,Ceravolo,sudden_trace_noise15_1000_RIO.xes.gz,1.0,100.0,1,4
,,B300_s1_xi0.01_end_K0.999,Ceravolo,sudden_trace_noise15_1000_RIO.xes.gz,1.0,100.0,1,3
,,B100_s1_xi0.0_end_K0.999,Ceravolo,sudden_trace_noise15_1000_ROI.xes.gz,1.0,0.0,1,9
,,B100_s1_xi0.005_end_K0.999,Ceravolo,sudden_trace_noise15_1000_ROI.xes.gz,1.0,0.0,1,9
,,B100_s1_xi0.01_end_K0.999,Ceravolo,sudden_trace_noise15_1000_ROI.xes.gz,1.0,0.0,1,9
,,B100_s1_xi0.02_end_K0.999,Ceravolo,sudden_trace_noise15_1000_ROI.xes.gz,1.0,0.0,1,9
,,B100_s1_xi0.03_end_K0.999,Ceravolo,sudden_trace_noise15_1000_ROI.xes.gz,1.0,0.0,1,9
,,B100_s1_xi0.05_end_K0.999,Ceravolo,sudden_trace_noise15_1000_ROI.xes.gz,1.0,0.0,1,9
,,B100_s1_xi0.07_end_K0.999,Ceravolo,sudden_trace_noise15_1000_ROI.xes.gz,1.0,0.0,1,9
,,B100_s1_xi0.1_end_K0.999,Ceravolo,sudden_trace_noise15_1000_ROI.xes.gz,1.0,0.0,1,9
,,B100_s1_xi0.01_start_K0.999,Ceravolo,sudden_trace_noise15_1000_ROI.xes.gz,1.0,99.0,1,9
,,B100_s1_xi0.01_mid_K0.999,Ceravolo,sudden_trace_noise15_1000_ROI.xes.gz,1.0,50.0,1,9
,,B100_s1_xi0.01_adaptive_K0.999,Ceravolo,sudden_trace_noise15_1000_ROI.xes.gz,1.0,0.0,1,9
,,B100_s1_xi0.01_refine_K0.999,Ceravolo,sudden_trace_noise15_1000_ROI.xes.gz,1.0,59.0,1,9
,,B100_s2_xi0.01_end_K0.999,Ceravolo,sudden_trace_noise15_1000_ROI.xes.gz,0.666667,100.0,2,7
,,B100_s3_xi0.01_end_K0.999,Ceravolo,sudden_trace_noise15_1000_ROI.xes.gz,0.666667,100.0,2,5
,,B100_s4_xi0.01_end_K0.999,Ceravolo,sudden_trace_noise15_1000_ROI.xes.gz,1.0,0.0,1,3
,,B100_s5_xi0.01_end_K0.999,Ceravolo,sudden_trace_noise15_1000_ROI.xes.gz,1.0,100.0,1,1
,,B25_s1_xi0.01_end_K0.999,Ceravolo,sudden_trace_noise15_1000_ROI.xes.gz,1.0,25.0,1,39
,,B50_s1_xi0.01_end_K0.999,Ceravolo,sudden_trace_noise15_1000_ROI.xes.gz,0.666667,0.0,2,19
,,B150_s1_xi0.01_end_K0.999,Ceravolo,sudden_trace_noise15_1000_ROI.xes.gz,1.0,100.0,1,6
,,B200_s1_xi0.01_end_K0.999,Ceravolo,sudden_trace_noise15_1000_ROI.xes.gz,1.0,100.0,1,4
,,B300_s1_xi0.01_end_K0.999,Ceravolo,sudden_trace_noise15_1000_ROI.xes.gz,1.0,100.0,1,3
,,B100_s1_xi0.0_end_K0.999,Ceravolo,sudden_trace_noise15_1000_cb.xes.gz,1.0,0.0,1,9
,,B100_s1_xi0.005_end_K0.999,Ceravolo,sudden_trace_noise15_1000_cb.xes.gz,1.0,0.0,1,9
,,B100_s1_xi0.01_end_K0.999,Ceravolo,sudden_trace_noise15_1000_cb.xes.gz,1.0,0.0,1,9
,,B100_s1_xi0.02_end_K0.999,Ceravolo,sudden_trace_noise15_1000_cb.xes.gz,1.0,0.0,1,9
,,B100_s1_xi0.03_end_K0.999,Ceravolo,sudden_trace_noise15_1000_cb.xes.gz,1.0,0.0,1,9
,,B100_s1_xi0.05_end_K0.999,Ceravolo,sudden_trace_noise15_1000_cb.xes.gz,1.0,0.0,1,9
,,B100_s1_xi0.07_end_K0.999,Ceravolo,sudden_trace_noise15_1000_cb.xes.gz,1.0,0.0,1,9
,,B100_s1_xi0.1_end_K0.999,Ceravolo,sudden_trace_noise15_1000_cb.xes.gz,0.0,,0,9
,,B100_s1_xi0.01_start_K0.999,Ceravolo,sudden_trace_noise15_1000_cb.xes.gz,1.0,99.0,1,9
,,B100_s1_xi0.01_mid_K0.999,Ceravolo,sudden_trace_noise15_1000_cb.xes.gz,1.0,50.0,1,9
,,B100_s1_xi0.01_adaptive_K0.999,Ceravolo,sudden_trace_noise15_1000_cb.xes.gz,1.0,99.0,1,9
,,B100_s1_xi0.01_refine_K0.999,Ceravolo,sudden_trace_noise15_1000_cb.xes.gz,1.0,59.0,1,9
,,B100_s2_xi0.01_end_K0.999,Ceravolo,sudden_trace_noise15_1000_cb.xes.gz,0.666667,100.0,2,7
,,B100_s3_xi0.01_end_K0.999,Ceravolo,sudden_trace_noise15_1000_cb.xes.gz,0.666667,100.0,2,5
,,B100_s4_xi0.01_end_K0.999,Ceravolo,sudden_trace_noise15_1000_cb.xes.gz,1.0,0.0,1,3
,,B100_s5_xi0.01_end_K0.999,Ceravolo,sudden_trace_noise15_1000_cb.xes.gz,1.0,100.0,1,1
,,B25_s1_xi0.01_end_K0.999,Ceravolo,sudden_trace_noise15_1000_cb.xes.gz,0.666667,25.0,2,39
,,B50_s1_xi0.01_end_K0.999,Ceravolo,sudden_trace_noise15_1000_cb.xes.gz,1.0,0.0,1,19
,,B150_s1_xi0.01_end_K0.999,Ceravolo,sudden_trace_noise15_1000_cb.xes.gz,1.0,100.0,1,6
,,B200_s1_xi0.01_end_K0.999,Ceravolo,sudden_trace_noise15_1000_cb.xes.gz,1.0,100.0,1,4
,,B300_s1_xi0.01_end_K0.999,Ceravolo,sudden_trace_noise15_1000_cb.xes.gz,0.0,,1,3
,,B100_s1_xi0.0_end_K0.999,Ceravolo,sudden_trace_noise15_1000_cd.xes.gz,1.0,0.0,1,9
,,B100_s1_xi0.005_end_K0.999,Ceravolo,sudden_trace_noise15_1000_cd.xes.gz,1.0,0.0,1,9
,,B100_s1_xi0.01_end_K0.999,Ceravolo,sudden_trace_noise15_1000_cd.xes.gz,1.0,0.0,1,9
,,B100_s1_xi0.02_end_K0.999,Ceravolo,sudden_trace_noise15_1000_cd.xes.gz,1.0,0.0,1,9
,,B100_s1_xi0.03_end_K0.999,Ceravolo,sudden_trace_noise15_1000_cd.xes.gz,1.0,0.0,1,9
,,B100_s1_xi0.05_end_K0.999,Ceravolo,sudden_trace_noise15_1000_cd.xes.gz,1.0,0.0,1,9
,,B100_s1_xi0.07_end_K0.999,Ceravolo,sudden_trace_noise15_1000_cd.xes.gz,1.0,0.0,1,9
,,B100_s1_xi0.1_end_K0.999,Ceravolo,sudden_trace_noise15_1000_cd.xes.gz,1.0,0.0,1,9
,,B100_s1_xi0.01_start_K0.999,Ceravolo,sudden_trace_noise15_1000_cd.xes.gz,1.0,99.0,1,9
,,B100_s1_xi0.01_mid_K0.999,Ceravolo,sudden_trace_noise15_1000_cd.xes.gz,1.0,50.0,1,9
,,B100_s1_xi0.01_adaptive_K0.999,Ceravolo,sudden_trace_noise15_1000_cd.xes.gz,1.0,99.0,1,9
,,B100_s1_xi0.01_refine_K0.999,Ceravolo,sudden_trace_noise15_1000_cd.xes.gz,1.0,179.0,1,9
,,B100_s2_xi0.01_end_K0.999,Ceravolo,sudden_trace_noise15_1000_cd.xes.gz,1.0,100.0,1,7
,,B100_s3_xi0.01_end_K0.999,Ceravolo,sudden_trace_noise15_1000_cd.xes.gz,1.0,100.0,1,5
,,B100_s4_xi0.01_end_K0.999,Ceravolo,sudden_trace_noise15_1000_cd.xes.gz,0.0,,0,3
,,B100_s5_xi0.01_end_K0.999,Ceravolo,sudden_trace_noise15_1000_cd.xes.gz,0.0,,0,1
,,B25_s1_xi0.01_end_K0.999,Ceravolo,sudden_trace_noise15_1000_cd.xes.gz,0.5,75.0,3,39
,,B50_s1_xi0.01_end_K0.999,Ceravolo,sudden_trace_noise15_1000_cd.xes.gz,0.666667,50.0,2,19
,,B150_s1_xi0.01_end_K0.999,Ceravolo,sudden_trace_noise15_1000_cd.xes.gz,0.0,,0,6
,,B200_s1_xi0.01_end_K0.999,Ceravolo,sudden_trace_noise15_1000_cd.xes.gz,1.0,100.0,1,4
,,B300_s1_xi0.01_end_K0.999,Ceravolo,sudden_trace_noise15_1000_cd.xes.gz,1.0,100.0,1,3
,,B100_s1_xi0.0_end_K0.999,Ceravolo,sudden_trace_noise15_1000_cf.xes.gz,1.0,0.0,1,9
,,B100_s1_xi0.005_end_K0.999,Ceravolo,sudden_trace_noise15_1000_cf.xes.gz,1.0,0.0,1,9
,,B100_s1_xi0.01_end_K0.999,Ceravolo,sudden_trace_noise15_1000_cf.xes.gz,1.0,0.0,1,9
,,B100_s1_xi0.02_end_K0.999,Ceravolo,sudden_trace_noise15_1000_cf.xes.gz,1.0,0.0,1,9
,,B100_s1_xi0.03_end_K0.999,Ceravolo,sudden_trace_noise15_1000_cf.xes.gz,0.0,,0,9
,,B100_s1_xi0.05_end_K0.999,Ceravolo,sudden_trace_noise15_1000_cf.xes.gz,0.0,,0,9
,,B100_s1_xi0.07_end_K0.999,Ceravolo,sudden_trace_noise15_1000_cf.xes.gz,0.0,,0,9
,,B100_s1_xi0.1_end_K0.999,Ceravolo,sudden_trace_noise15_1000_cf.xes.gz,0.0,,0,9
,,B100_s1_xi0.01_start_K0.999,Ceravolo,sudden_trace_noise15_1000_cf.xes.gz,1.0,99.0,1,9
,,B100_s1_xi0.01_mid_K0.999,Ceravolo,sudden_trace_noise15_1000_cf.xes.gz,1.0,50.0,1,9
,,B100_s1_xi0.01_adaptive_K0.999,Ceravolo,sudden_trace_noise15_1000_cf.xes.gz,1.0,99.0,1,9
,,B100_s1_xi0.01_refine_K0.999,Ceravolo,sudden_trace_noise15_1000_cf.xes.gz,1.0,59.0,1,9
,,B100_s2_xi0.01_end_K0.999,Ceravolo,sudden_trace_noise15_1000_cf.xes.gz,0.666667,100.0,2,7
,,B100_s3_xi0.01_end_K0.999,Ceravolo,sudden_trace_noise15_1000_cf.xes.gz,0.666667,100.0,2,5
,,B100_s4_xi0.01_end_K0.999,Ceravolo,sudden_trace_noise15_1000_cf.xes.gz,1.0,0.0,1,3
,,B100_s5_xi0.01_end_K0.999,Ceravolo,sudden_trace_noise15_1000_cf.xes.gz,1.0,100.0,1,1
,,B25_s1_xi0.01_end_K0.999,Ceravolo,sudden_trace_noise15_1000_cf.xes.gz,1.0,50.0,1,39
,,B50_s1_xi0.01_end_K0.999,Ceravolo,sudden_trace_noise15_1000_cf.xes.gz,1.0,0.0,1,19
,,B150_s1_xi0.01_end_K0.999,Ceravolo,sudden_trace_noise15_1000_cf.xes.gz,1.0,100.0,1,6
,,B200_s1_xi0.01_end_K0.999,Ceravolo,sudden_trace_noise15_1000_cf.xes.gz,0.0,,1,4
,,B300_s1_xi0.01_end_K0.999,Ceravolo,sudden_trace_noise15_1000_cf.xes.gz,0.0,,1,3
,,B100_s1_xi0.0_end_K0.999,Ceravolo,sudden_trace_noise15_1000_cp.xes.gz,1.0,0.0,1,9
,,B100_s1_xi0.005_end_K0.999,Ceravolo,sudden_trace_noise15_1000_cp.xes.gz,1.0,0.0,1,9
,,B100_s1_xi0.01_end_K0.999,Ceravolo,sudden_trace_noise15_1000_cp.xes.gz,1.0,0.0,1,9
,,B100_s1_xi0.02_end_K0.999,Ceravolo,sudden_trace_noise15_1000_cp.xes.gz,1.0,0.0,1,9
,,B100_s1_xi0.03_end_K0.999,Ceravolo,sudden_trace_noise15_1000_cp.xes.gz,1.0,0.0,1,9
,,B100_s1_xi0.05_end_K0.999,Ceravolo,sudden_trace_noise15_1000_cp.xes.gz,1.0,0.0,1,9
,,B100_s1_xi0.07_end_K0.999,Ceravolo,sudden_trace_noise15_1000_cp.xes.gz,1.0,0.0,1,9
,,B100_s1_xi0.1_end_K0.999,Ceravolo,sudden_trace_noise15_1000_cp.xes.gz,1.0,0.0,1,9
,,B100_s1_xi0.01_start_K0.999,Ceravolo,sudden_trace_noise15_1000_cp.xes.gz,1.0,99.0,1,9
,,B100_s1_xi0.01_mid_K0.999,Ceravolo,sudden_trace_noise15_1000_cp.xes.gz,1.0,50.0,1,9
,,B100_s1_xi0.01_adaptive_K0.999,Ceravolo,sudden_trace_noise15_1000_cp.xes.gz,1.0,99.0,1,9
,,B100_s1_xi0.01_refine_K0.999,Ceravolo,sudden_trace_noise15_1000_cp.xes.gz,1.0,59.0,1,9
,,B100_s2_xi0.01_end_K0.999,Ceravolo,sudden_trace_noise15_1000_cp.xes.gz,0.666667,100.0,2,7
,,B100_s3_xi0.01_end_K0.999,Ceravolo,sudden_trace_noise15_1000_cp.xes.gz,0.666667,100.0,2,5
,,B100_s4_xi0.01_end_K0.999,Ceravolo,sudden_trace_noise15_1000_cp.xes.gz,1.0,0.0,1,3
,,B100_s5_xi0.01_end_K0.999,Ceravolo,sudden_trace_noise15_1000_cp.xes.gz,1.0,100.0,1,1
,,B25_s1_xi0.01_end_K0.999,Ceravolo,sudden_trace_noise15_1000_cp.xes.gz,1.0,50.0,1,39
,,B50_s1_xi0.01_end_K0.999,Ceravolo,sudden_trace_noise15_1000_cp.xes.gz,1.0,0.0,1,19
,,B150_s1_xi0.01_end_K0.999,Ceravolo,sudden_trace_noise15_1000_cp.xes.gz,1.0,100.0,1,6
,,B200_s1_xi0.01_end_K0.999,Ceravolo,sudden_trace_noise15_1000_cp.xes.gz,1.0,100.0,1,4
,,B300_s1_xi0.01_end_K0.999,Ceravolo,sudden_trace_noise15_1000_cp.xes.gz,1.0,100.0,1,3
,,B100_s1_xi0.0_end_K0.999,Ceravolo,sudden_trace_noise15_1000_lp.xes.gz,1.0,0.0,1,9
,,B100_s1_xi0.005_end_K0.999,Ceravolo,sudden_trace_noise15_1000_lp.xes.gz,1.0,0.0,1,9
,,B100_s1_xi0.01_end_K0.999,Ceravolo,sudden_trace_noise15_1000_lp.xes.gz,1.0,0.0,1,9
,,B100_s1_xi0.02_end_K0.999,Ceravolo,sudden_trace_noise15_1000_lp.xes.gz,1.0,0.0,1,9
,,B100_s1_xi0.03_end_K0.999,Ceravolo,sudden_trace_noise15_1000_lp.xes.gz,1.0,0.0,1,9
,,B100_s1_xi0.05_end_K0.999,Ceravolo,sudden_trace_noise15_1000_lp.xes.gz,1.0,0.0,1,9
,,B100_s1_xi0.07_end_K0.999,Ceravolo,sudden_trace_noise15_1000_lp.xes.gz,1.0,0.0,1,9
,,B100_s1_xi0.1_end_K0.999,Ceravolo,sudden_trace_noise15_1000_lp.xes.gz,0.0,,0,9
,,B100_s1_xi0.01_start_K0.999,Ceravolo,sudden_trace_noise15_1000_lp.xes.gz,1.0,99.0,1,9
,,B100_s1_xi0.01_mid_K0.999,Ceravolo,sudden_trace_noise15_1000_lp.xes.gz,1.0,50.0,1,9
,,B100_s1_xi0.01_adaptive_K0.999,Ceravolo,sudden_trace_noise15_1000_lp.xes.gz,1.0,0.0,1,9
,,B100_s1_xi0.01_refine_K0.999,Ceravolo,sudden_trace_noise15_1000_lp.xes.gz,1.0,39.0,1,9
,,B100_s2_xi0.01_end_K0.999,Ceravolo,sudden_trace_noise15_1000_lp.xes.gz,0.666667,100.0,2,7
,,B100_s3_xi0.01_end_K0.999,Ceravolo,sudden_trace_noise15_1000_lp.xes.gz,0.666667,100.0,2,5
,,B100_s4_xi0.01_end_K0.999,Ceravolo,sudden_trace_noise15_1000_lp.xes.gz,1.0,0.0,1,3
,,B100_s5_xi0.01_end_K0.999,Ceravolo,sudden_trace_noise15_1000_lp.xes.gz,1.0,100.0,1,1
,,B25_s1_xi0.01_end_K0.999,Ceravolo,sudden_trace_noise15_1000_lp.xes.gz,0.666667,50.0,2,39
,,B50_s1_xi0.01_end_K0.999,Ceravolo,sudden_trace_noise15_1000_lp.xes.gz,0.666667,0.0,2,19
,,B150_s1_xi0.01_end_K0.999,Ceravolo,sudden_trace_noise15_1000_lp.xes.gz,1.0,100.0,1,6
,,B200_s1_xi0.01_end_K0.999,Ceravolo,sudden_trace_noise15_1000_lp.xes.gz,1.0,100.0,1,4
,,B300_s1_xi0.01_end_K0.999,Ceravolo,sudden_trace_noise15_1000_lp.xes.gz,1.0,100.0,1,3
,,B100_s1_xi0.0_end_K0.999,Ceravolo,sudden_trace_noise15_1000_pl.xes.gz,0.0,,0,9
,,B100_s1_xi0.005_end_K0.999,Ceravolo,sudden_trace_noise15_1000_pl.xes.gz,0.0,,0,9
,,B100_s1_xi0.01_end_K0.999,Ceravolo,sudden_trace_noise15_1000_pl.xes.gz,0.0,,0,9
,,B100_s1_xi0.02_end_K0.999,Ceravolo,sudden_trace_noise15_1000_pl.xes.gz,0.0,,0,9
,,B100_s1_xi0.03_end_K0.999,Ceravolo,sudden_trace_noise15_1000_pl.xes.gz,0.0,,0,9
,,B100_s1_xi0.05_end_K0.999,Ceravolo,sudden_trace_noise15_1000_pl.xes.gz,0.0,,0,9
,,B100_s1_xi0.07_end_K0.999,Ceravolo,sudden_trace_noise15_1000_pl.xes.gz,0.0,,0,9
,,B100_s1_xi0.1_end_K0.999,Ceravolo,sudden_trace_noise15_1000_pl.xes.gz,0.0,,0,9
,,B100_s1_xi0.01_start_K0.999,Ceravolo,sudden_trace_noise15_1000_pl.xes.gz,0.0,,0,9
,,B100_s1_xi0.01_mid_K0.999,Ceravolo,sudden_trace_noise15_1000_pl.xes.gz,0.0,,0,9
,,B100_s1_xi0.01_adaptive_K0.999,Ceravolo,sudden_trace_noise15_1000_pl.xes.gz,0.0,,0,9
,,B100_s1_xi0.01_refine_K0.999,Ceravolo,sudden_trace_noise15_1000_pl.xes.gz,0.0,,0,9
,,B100_s2_xi0.01_end_K0.999,Ceravolo,sudden_trace_noise15_1000_pl.xes.gz,0.0,,0,7
,,B100_s3_xi0.01_end_K0.999,Ceravolo,sudden_trace_noise15_1000_pl.xes.gz,0.0,,0,5
,,B100_s4_xi0.01_end_K0.999,Ceravolo,sudden_trace_noise15_1000_pl.xes.gz,0.0,,0,3
,,B100_s5_xi0.01_end_K0.999,Ceravolo,sudden_trace_noise15_1000_pl.xes.gz,0.0,,0,1
,,B25_s1_xi0.01_end_K0.999,Ceravolo,sudden_trace_noise15_1000_pl.xes.gz,1.0,0.0,1,39
,,B50_s1_xi0.01_end_K0.999,Ceravolo,sudden_trace_noise15_1000_pl.xes.gz,0.0,,0,19
,,B150_s1_xi0.01_end_K0.999,Ceravolo,sudden_trace_noise15_1000_pl.xes.gz,0.0,,0,6
,,B200_s1_xi0.01_end_K0.999,Ceravolo,sudden_trace_noise15_1000_pl.xes.gz,0.0,,0,4
,,B300_s1_xi0.01_end_K0.999,Ceravolo,sudden_trace_noise15_1000_pl.xes.gz,0.0,,0,3
,,B100_s1_xi0.0_end_K0.999,Ceravolo,sudden_trace_noise15_1000_pm.xes.gz,1.0,0.0,1,9
,,B100_s1_xi0.005_end_K0.999,Ceravolo,sudden_trace_noise15_1000_pm.xes.gz,1.0,0.0,1,9
,,B100_s1_xi0.01_end_K0.999,Ceravolo,sudden_trace_noise15_1000_pm.xes.gz,1.0,0.0,1,9
,,B100_s1_xi0.02_end_K0.999,Ceravolo,sudden_trace_noise15_1000_pm.xes.gz,1.0,0.0,1,9
,,B100_s1_xi0.03_end_K0.999,Ceravolo,sudden_trace_noise15_1000_pm.xes.gz,1.0,0.0,1,9
,,B100_s1_xi0.05_end_K0.999,Ceravolo,sudden_trace_noise15_1000_pm.xes.gz,1.0,0.0,1,9
,,B100_s1_xi0.07_end_K0.999,Ceravolo,sudden_trace_noise15_1000_pm.xes.gz,1.0,0.0,1,9
,,B100_s1_xi0.1_end_K0.999,Ceravolo,sudden_trace_noise15_1000_pm.xes.gz,1.0,0.0,1,9
,,B100_s1_xi0.01_start_K0.999,Ceravolo,sudden_trace_noise15_1000_pm.xes.gz,1.0,99.0,1,9
,,B100_s1_xi0.01_mid_K0.999,Ceravolo,sudden_trace_noise15_1000_pm.xes.gz,1.0,50.0,1,9
,,B100_s1_xi0.01_adaptive_K0.999,Ceravolo,sudden_trace_noise15_1000_pm.xes.gz,1.0,99.0,1,9
,,B100_s1_xi0.01_refine_K0.999,Ceravolo,sudden_trace_noise15_1000_pm.xes.gz,1.0,99.0,1,9
,,B100_s2_xi0.01_end_K0.999,Ceravolo,sudden_trace_noise15_1000_pm.xes.gz,0.666667,100.0,2,7
,,B100_s3_xi0.01_end_K0.999,Ceravolo,sudden_trace_noise15_1000_pm.xes.gz,0.666667,100.0,2,5
,,B100_s4_xi0.01_end_K0.999,Ceravolo,sudden_trace_noise15_1000_pm.xes.gz,1.0,0.0,1,3
,,B100_s5_xi0.01_end_K0.999,Ceravolo,sudden_trace_noise15_1000_pm.xes.gz,1.0,100.0,1,1
,,B25_s1_xi0.01_end_K0.999,Ceravolo,sudden_trace_noise15_1000_pm.xes.gz,0.0,,1,39
,,B50_s1_xi0.01_end_K0.999,Ceravolo,sudden_trace_noise15_1000_pm.xes.gz,1.0,0.0,1,19
,,B150_s1_xi0.01_end_K0.999,Ceravolo,sudden_trace_noise15_1000_pm.xes.gz,1.0,100.0,1,6
,,B200_s1_xi0.01_end_K0.999,Ceravolo,sudden_trace_noise15_1000_pm.xes.gz,1.0,100.0,1,4
,,B300_s1_xi0.01_end_K0.999,Ceravolo,sudden_trace_noise15_1000_pm.xes.gz,1.0,100.0,1,3
,,B100_s1_xi0.0_end_K0.999,Ceravolo,sudden_trace_noise15_1000_re.xes.gz,1.0,0.0,1,9
,,B100_s1_xi0.005_end_K0.999,Ceravolo,sudden_trace_noise15_1000_re.xes.gz,1.0,0.0,1,9
,,B100_s1_xi0.01_end_K0.999,Ceravolo,sudden_trace_noise15_1000_re.xes.gz,1.0,0.0,1,9
,,B100_s1_xi0.02_end_K0.999,Ceravolo,sudden_trace_noise15_1000_re.xes.gz,1.0,0.0,1,9
,,B100_s1_xi0.03_end_K0.999,Ceravolo,sudden_trace_noise15_1000_re.xes.gz,1.0,0.0,1,9
,,B100_s1_xi0.05_end_K0.999,Ceravolo,sudden_trace_noise15_1000_re.xes.gz,1.0,0.0,1,9
,,B100_s1_xi0.07_end_K0.999,Ceravolo,sudden_trace_noise15_1000_re.xes.gz,1.0,0.0,1,9
,,B100_s1_xi0.1_end_K0.999,Ceravolo,sudden_trace_noise15_1000_re.xes.gz,1.0,0.0,1,9
,,B100_s1_xi0.01_start_K0.999,Ceravolo,sudden_trace_noise15_1000_re.xes.gz,1.0,99.0,1,9
,,B100_s1_xi0.01_mid_K0.999,Ceravolo,sudden_trace_noise15_1000_re.xes.gz,1.0,50.0,1,9
,,B100_s1_xi0.01_adaptive_K0.999,Ceravolo,sudden_trace_noise15_1000_re.xes.gz,1.0,99.0,1,9
,,B100_s1_xi0.01_refine_K0.999,Ceravolo,sudden_trace_noise15_1000_re.xes.gz,1.0,59.0,1,9
,,B100_s2_xi0.01_end_K0.999,Ceravolo,sudden_trace_noise15_1000_re.xes.gz,0.666667,100.0,2,7
,,B100_s3_xi0.01_end_K0.999,Ceravolo,sudden_trace_noise15_1000_re.xes.gz,0.666667,100.0,2,5
,,B100_s4_xi0.01_end_K0.999,Ceravolo,sudden_trace_noise15_1000_re.xes.gz,1.0,0.0,1,3
,,B100_s5_xi0.01_end_K0.999,Ceravolo,sudden_trace_noise15_1000_re.xes.gz,1.0,100.0,1,1
,,B25_s1_xi0.01_end_K0.999,Ceravolo,sudden_trace_noise15_1000_re.xes.gz,1.0,25.0,1,39
,,B50_s1_xi0.01_end_K0.999,Ceravolo,sudden_trace_noise15_1000_re.xes.gz,1.0,0.0,1,19
,,B150_s1_xi0.01_end_K0.999,Ceravolo,sudden_trace_noise15_1000_re.xes.gz,1.0,100.0,1,6
,,B200_s1_xi0.01_end_K0.999,Ceravolo,sudden_trace_noise15_1000_re.xes.gz,1.0,100.0,1,4
,,B300_s1_xi0.01_end_K0.999,Ceravolo,sudden_trace_noise15_1000_re.xes.gz,0.0,,1,3
,,B100_s1_xi0.0_end_K0.999,Ceravolo,sudden_trace_noise15_1000_rp.xes.gz,1.0,0.0,1,9
,,B100_s1_xi0.005_end_K0.999,Ceravolo,sudden_trace_noise15_1000_rp.xes.gz,1.0,0.0,1,9
,,B100_s1_xi0.01_end_K0.999,Ceravolo,sudden_trace_noise15_1000_rp.xes.gz,1.0,0.0,1,9
,,B100_s1_xi0.02_end_K0.999,Ceravolo,sudden_trace_noise15_1000_rp.xes.gz,1.0,0.0,1,9
,,B100_s1_xi0.03_end_K0.999,Ceravolo,sudden_trace_noise15_1000_rp.xes.gz,1.0,0.0,1,9
,,B100_s1_xi0.05_end_K0.999,Ceravolo,sudden_trace_noise15_1000_rp.xes.gz,1.0,0.0,1,9
,,B100_s1_xi0.07_end_K0.999,Ceravolo,sudden_trace_noise15_1000_rp.xes.gz,1.0,0.0,1,9
,,B100_s1_xi0.1_end_K0.999,Ceravolo,sudden_trace_noise15_1000_rp.xes.gz,1.0,0.0,1,9
,,B100_s1_xi0.01_start_K0.999,Ceravolo,sudden_trace_noise15_1000_rp.xes.gz,1.0,99.0,1,9
,,B100_s1_xi0.01_mid_K0.999,Ceravolo,sudden_trace_noise15_1000_rp.xes.gz,1.0,50.0,1,9
,,B100_s1_xi0.01_adaptive_K0.999,Ceravolo,sudden_trace_noise15_1000_rp.xes.gz,1.0,99.0,1,9
,,B100_s1_xi0.01_refine_K0.999,Ceravolo,sudden_trace_noise15_1000_rp.xes.gz,1.0,59.0,1,9
,,B100_s2_xi0.01_end_K0.999,Ceravolo,sudden_trace_noise15_1000_rp.xes.gz,0.666667,100.0,2,7
,,B100_s3_xi0.01_end_K0.999,Ceravolo,sudden_trace_noise15_1000_rp.xes.gz,0.666667,100.0,2,5
,,B100_s4_xi0.01_end_K0.999,Ceravolo,sudden_trace_noise15_1000_rp.xes.gz,1.0,0.0,1,3
,,B100_s5_xi0.01_end_K0.999,Ceravolo,sudden_trace_noise15_1000_rp.xes.gz,1.0,100.0,1,1
,,B25_s1_xi0.01_end_K0.999,Ceravolo,sudden_trace_noise15_1000_rp.xes.gz,0.5,50.0,3,39
,,B50_s1_xi0.01_end_K0.999,Ceravolo,sudden_trace_noise15_1000_rp.xes.gz,1.0,0.0,1,19
,,B150_s1_xi0.01_end_K0.999,Ceravolo,sudden_trace_noise15_1000_rp.xes.gz,1.0,100.0,1,6
,,B200_s1_xi0.01_end_K0.999,Ceravolo,sudden_trace_noise15_1000_rp.xes.gz,1.0,100.0,1,4
,,B300_s1_xi0.01_end_K0.999,Ceravolo,sudden_trace_noise15_1000_rp.xes.gz,0.0,,1,3
,,B100_s1_xi0.0_end_K0.999,Ceravolo,sudden_trace_noise15_1000_sw.xes.gz,1.0,0.0,1,9
,,B100_s1_xi0.005_end_K0.999,Ceravolo,sudden_trace_noise15_1000_sw.xes.gz,1.0,0.0,1,9
,,B100_s1_xi0.01_end_K0.999,Ceravolo,sudden_trace_noise15_1000_sw.xes.gz,1.0,0.0,1,9
,,B100_s1_xi0.02_end_K0.999,Ceravolo,sudden_trace_noise15_1000_sw.xes.gz,1.0,0.0,1,9
,,B100_s1_xi0.03_end_K0.999,Ceravolo,sudden_trace_noise15_1000_sw.xes.gz,1.0,0.0,1,9
,,B100_s1_xi0.05_end_K0.999,Ceravolo,sudden_trace_noise15_1000_sw.xes.gz,1.0,0.0,1,9
,,B100_s1_xi0.07_end_K0.999,Ceravolo,sudden_trace_noise15_1000_sw.xes.gz,1.0,0.0,1,9
,,B100_s1_xi0.1_end_K0.999,Ceravolo,sudden_trace_noise15_1000_sw.xes.gz,1.0,0.0,1,9
,,B100_s1_xi0.01_start_K0.999,Ceravolo,sudden_trace_noise15_1000_sw.xes.gz,1.0,99.0,1,9
,,B100_s1_xi0.01_mid_K0.999,Ceravolo,sudden_trace_noise15_1000_sw.xes.gz,1.0,50.0,1,9
,,B100_s1_xi0.01_adaptive_K0.999,Ceravolo,sudden_trace_noise15_1000_sw.xes.gz,1.0,0.0,1,9
,,B100_s1_xi0.01_refine_K0.999,Ceravolo,sudden_trace_noise15_1000_sw.xes.gz,1.0,59.0,1,9
,,B100_s2_xi0.01_end_K0.999,Ceravolo,sudden_trace_noise15_1000_sw.xes.gz,0.666667,100.0,2,7
,,B100_s3_xi0.01_end_K0.999,Ceravolo,sudden_trace_noise15_1000_sw.xes.gz,0.666667,100.0,2,5
,,B100_s4_xi0.01_end_K0.999,Ceravolo,sudden_trace_noise15_1000_sw.xes.gz,1.0,0.0,1,3
,,B100_s5_xi0.01_end_K0.999,Ceravolo,sudden_trace_noise15_1000_sw.xes.gz,1.0,100.0,1,1
,,B25_s1_xi0.01_end_K0.999,Ceravolo,sudden_trace_noise15_1000_sw.xes.gz,0.666667,50.0,2,39
,,B50_s1_xi0.01_end_K0.999,Ceravolo,sudden_trace_noise15_1000_sw.xes.gz,1.0,0.0,1,19
,,B150_s1_xi0.01_end_K0.999,Ceravolo,sudden_trace_noise15_1000_sw.xes.gz,1.0,100.0,1,6
,,B200_s1_xi0.01_end_K0.999,Ceravolo,sudden_trace_noise15_1000_sw.xes.gz,0.0,,1,4
,,B300_s1_xi0.01_end_K0.999,Ceravolo,sudden_trace_noise15_1000_sw.xes.gz,0.0,,1,3
,,B100_s1_xi0.0_end_K0.999,Ceravolo,sudden_trace_noise20_1000_IOR.xes.gz,1.0,0.0,1,9
,,B100_s1_xi0.005_end_K0.999,Ceravolo,sudden_trace_noise20_1000_IOR.xes.gz,1.0,0.0,1,9
,,B100_s1_xi0.01_end_K0.999,Ceravolo,sudden_trace_noise20_1000_IOR.xes.gz,1.0,0.0,1,9
,,B100_s1_xi0.02_end_K0.999,Ceravolo,sudden_trace_noise20_1000_IOR.xes.gz,1.0,0.0,1,9
,,B100_s1_xi0.03_end_K0.999,Ceravolo,sudden_trace_noise20_1000_IOR.xes.gz,1.0,0.0,1,9
,,B100_s1_xi0.05_end_K0.999,Ceravolo,sudden_trace_noise20_1000_IOR.xes.gz,1.0,0.0,1,9
,,B100_s1_xi0.07_end_K0.999,Ceravolo,sudden_trace_noise20_1000_IOR.xes.gz,1.0,0.0,1,9
,,B100_s1_xi0.1_end_K0.999,Ceravolo,sudden_trace_noise20_1000_IOR.xes.gz,1.0,0.0,1,9
,,B100_s1_xi0.01_start_K0.999,Ceravolo,sudden_trace_noise20_1000_IOR.xes.gz,1.0,99.0,1,9
,,B100_s1_xi0.01_mid_K0.999,Ceravolo,sudden_trace_noise20_1000_IOR.xes.gz,1.0,50.0,1,9
,,B100_s1_xi0.01_adaptive_K0.999,Ceravolo,sudden_trace_noise20_1000_IOR.xes.gz,1.0,0.0,1,9
,,B100_s1_xi0.01_refine_K0.999,Ceravolo,sudden_trace_noise20_1000_IOR.xes.gz,1.0,59.0,1,9
,,B100_s2_xi0.01_end_K0.999,Ceravolo,sudden_trace_noise20_1000_IOR.xes.gz,0.666667,100.0,2,7
,,B100_s3_xi0.01_end_K0.999,Ceravolo,sudden_trace_noise20_1000_IOR.xes.gz,0.666667,100.0,2,5
,,B100_s4_xi0.01_end_K0.999,Ceravolo,sudden_trace_noise20_1000_IOR.xes.gz,1.0,0.0,1,3
,,B100_s5_xi0.01_end_K0.999,Ceravolo,sudden_trace_noise20_1000_IOR.xes.gz,1.0,100.0,1,1
,,B25_s1_xi0.01_end_K0.999,Ceravolo,sudden_trace_noise20_1000_IOR.xes.gz,1.0,25.0,1,39
,,B50_s1_xi0.01_end_K0.999,Ceravolo,sudden_trace_noise20_1000_IOR.xes.gz,1.0,0.0,1,19
,,B150_s1_xi0.01_end_K0.999,Ceravolo,sudden_trace_noise20_1000_IOR.xes.gz,1.0,100.0,1,6
,,B200_s1_xi0.01_end_K0.999,Ceravolo,sudden_trace_noise20_1000_IOR.xes.gz,1.0,100.0,1,4
,,B300_s1_xi0.01_end_K0.999,Ceravolo,sudden_trace_noise20_1000_IOR.xes.gz,1.0,100.0,1,3
,,B100_s1_xi0.0_end_K0.999,Ceravolo,sudden_trace_noise20_1000_IRO.xes.gz,0.666667,0.0,2,9
,,B100_s1_xi0.005_end_K0.999,Ceravolo,sudden_trace_noise20_1000_IRO.xes.gz,0.666667,0.0,2,9
,,B100_s1_xi0.01_end_K0.999,Ceravolo,sudden_trace_noise20_1000_IRO.xes.gz,0.666667,0.0,2,9
,,B100_s1_xi0.02_end_K0.999,Ceravolo,sudden_trace_noise20_1000_IRO.xes.gz,0.666667,0.0,2,9
,,B100_s1_xi0.03_end_K0.999,Ceravolo,sudden_trace_noise20_1000_IRO.xes.gz,0.666667,0.0,2,9
,,B100_s1_xi0.05_end_K0.999,Ceravolo,sudden_trace_noise20_1000_IRO.xes.gz,0.666667,0.0,2,9
,,B100_s1_xi0.07_end_K0.999,Ceravolo,sudden_trace_noise20_1000_IRO.xes.gz,0.666667,0.0,2,9
,,B100_s1_xi0.1_end_K0.999,Ceravolo,sudden_trace_noise20_1000_IRO.xes.gz,1.0,0.0,1,9
,,B100_s1_xi0.01_start_K0.999,Ceravolo,sudden_trace_noise20_1000_IRO.xes.gz,0.666667,99.0,2,9
,,B100_s1_xi0.01_mid_K0.999,Ceravolo,sudden_trace_noise20_1000_IRO.xes.gz,0.666667,50.0,2,9
,,B100_s1_xi0.01_adaptive_K0.999,Ceravolo,sudden_trace_noise20_1000_IRO.xes.gz,0.666667,99.0,2,9
,,B100_s1_xi0.01_refine_K0.999,Ceravolo,sudden_trace_noise20_1000_IRO.xes.gz,0.666667,59.0,2,9
,,B100_s2_xi0.01_end_K0.999,Ceravolo,sudden_trace_noise20_1000_IRO.xes.gz,0.666667,100.0,2,7
,,B100_s3_xi0.01_end_K0.999,Ceravolo,sudden_trace_noise20_1000_IRO.xes.gz,0.666667,100.0,2,5
,,B100_s4_xi0.01_end_K0.999,Ceravolo,sudden_trace_noise20_1000_IRO.xes.gz,1.0,0.0,1,3
,,B100_s5_xi0.01_end_K0.999,Ceravolo,sudden_trace_noise20_1000_IRO.xes.gz,1.0,100.0,1,1
,,B25_s1_xi0.01_end_K0.999,Ceravolo,sudden_trace_noise20_1000_IRO.xes.gz,0.5,25.0,3,39
,,B50_s1_xi0.01_end_K0.999,Ceravolo,sudden_trace_noise20_1000_IRO.xes.gz,1.0,0.0,1,19
,,B150_s1_xi0.01_end_K0.999,Ceravolo,sudden_trace_noise20_1000_IRO.xes.gz,1.0,100.0,1,6
,,B200_s1_xi0.01_end_K0.999,Ceravolo,sudden_trace_noise20_1000_IRO.xes.gz,1.0,100.0,1,4
,,B300_s1_xi0.01_end_K0.999,Ceravolo,sudden_trace_noise20_1000_IRO.xes.gz,1.0,100.0,1,3
,,B100_s1_xi0.0_end_K0.999,Ceravolo,sudden_trace_noise20_1000_OIR.xes.gz,1.0,0.0,1,9
,,B100_s1_xi0.005_end_K0.999,Ceravolo,sudden_trace_noise20_1000_OIR.xes.gz,1.0,0.0,1,9
,,B100_s1_xi0.01_end_K0.999,Ceravolo,sudden_trace_noise20_1000_OIR.xes.gz,1.0,0.0,1,9
,,B100_s1_xi0.02_end_K0.999,Ceravolo,sudden_trace_noise20_1000_OIR.xes.gz,1.0,0.0,1,9
,,B100_s1_xi0.03_end_K0.999,Ceravolo,sudden_trace_noise20_1000_OIR.xes.gz,1.0,0.0,1,9
,,B100_s1_xi0.05_end_K0.999,Ceravolo,sudden_trace_noise20_1000_OIR.xes.gz,1.0,0.0,1,9
,,B100_s1_xi0.07_end_K0.999,Ceravolo,sudden_trace_noise20_1000_OIR.xes.gz,1.0,0.0,1,9
,,B100_s1_xi0.1_end_K0.999,Ceravolo,sudden_trace_noise20_1000_OIR.xes.gz,1.0,0.0,1,9
,,B100_s1_xi0.01_start_K0.999,Ceravolo,sudden_trace_noise20_1000_OIR.xes.gz,1.0,99.0,1,9
,,B100_s1_xi0.01_mid_K0.999,Ceravolo,sudden_trace_noise20_1000_OIR.xes.gz,1.0,50.0,1,9
,,B100_s1_xi0.01_adaptive_K0.999,Ceravolo,sudden_trace_noise20_1000_OIR.xes.gz,1.0,0.0,1,9
,,B100_s1_xi0.01_refine_K0.999,Ceravolo,sudden_trace_noise20_1000_OIR.xes.gz,1.0,59.0,1,9
,,B100_s2_xi0.01_end_K0.999,Ceravolo,sudden_trace_noise20_1000_OIR.xes.gz,0.666667,100.0,2,7
,,B100_s3_xi0.01_end_K0.999,Ceravolo,sudden_trace_noise20_1000_OIR.xes.gz,0.666667,100.0,2,5
,,B100_s4_xi0.01_end_K0.999,Ceravolo,sudden_trace_noise20_1000_OIR.xes.gz,1.0,0.0,1,3
,,B100_s5_xi0.01_end_K0.999,Ceravolo,sudden_trace_noise20_1000_OIR.xes.gz,1.0,100.0,1,1
,,B25_s1_xi0.01_end_K0.999,Ceravolo,sudden_trace_noise20_1000_OIR.xes.gz,1.0,25.0,1,39
,,B50_s1_xi0.01_end_K0.999,Ceravolo,sudden_trace_noise20_1000_OIR.xes.gz,1.0,0.0,1,19
,,B150_s1_xi0.01_end_K0.999,Ceravolo,sudden_trace_noise20_1000_OIR.xes.gz,1.0,100.0,1,6
,,B200_s1_xi0.01_end_K0.999,Ceravolo,sudden_trace_noise20_1000_OIR.xes.gz,1.0,100.0,1,4
,,B300_s1_xi0.01_end_K0.999,Ceravolo,sudden_trace_noise20_1000_OIR.xes.gz,1.0,100.0,1,3
,,B100_s1_xi0.0_end_K0.999,Ceravolo,sudden_trace_noise20_1000_RIO.xes.gz,1.0,0.0,1,9
,,B100_s1_xi0.005_end_K0.999,Ceravolo,sudden_trace_noise20_1000_RIO.xes.gz,1.0,0.0,1,9
,,B100_s1_xi0.01_end_K0.999,Ceravolo,sudden_trace_noise20_1000_RIO.xes.gz,1.0,0.0,1,9
,,B100_s1_xi0.02_end_K0.999,Ceravolo,sudden_trace_noise20_1000_RIO.xes.gz,1.0,0.0,1,9
,,B100_s1_xi0.03_end_K0.999,Ceravolo,sudden_trace_noise20_1000_RIO.xes.gz,1.0,0.0,1,9
,,B100_s1_xi0.05_end_K0.999,Ceravolo,sudden_trace_noise20_1000_RIO.xes.gz,1.0,0.0,1,9
,,B100_s1_xi0.07_end_K0.999,Ceravolo,sudden_trace_noise20_1000_RIO.xes.gz,0.0,,0,9
,,B100_s1_xi0.1_end_K0.999,Ceravolo,sudden_trace_noise20_1000_RIO.xes.gz,0.0,,0,9
,,B100_s1_xi0.01_start_K0.999,Ceravolo,sudden_trace_noise20_1000_RIO.xes.gz,1.0,99.0,1,9
,,B100_s1_xi0.01_mid_K0.999,Ceravolo,sudden_trace_noise20_1000_RIO.xes.gz,1.0,50.0,1,9
,,B100_s1_xi0.01_adaptive_K0.999,Ceravolo,sudden_trace_noise20_1000_RIO.xes.gz,1.0,99.0,1,9
,,B100_s1_xi0.01_refine_K0.999,Ceravolo,sudden_trace_noise20_1000_RIO.xes.gz,1.0,59.0,1,9
,,B100_s2_xi0.01_end_K0.999,Ceravolo,sudden_trace_noise20_1000_RIO.xes.gz,0.666667,100.0,2,7
,,B100_s3_xi0.01_end_K0.999,Ceravolo,sudden_trace_noise20_1000_RIO.xes.gz,0.666667,100.0,2,5
,,B100_s4_xi0.01_end_K0.999,Ceravolo,sudden_trace_noise20_1000_RIO.xes.gz,1.0,0.0,1,3
,,B100_s5_xi0.01_end_K0.999,Ceravolo,sudden_trace_noise20_1000_RIO.xes.gz,1.0,100.0,1,1
,,B25_s1_xi0.01_end_K0.999,Ceravolo,sudden_trace_noise20_1000_RIO.xes.gz,0.666667,50.0,2,39
,,B50_s1_xi0.01_end_K0.999,Ceravolo,sudden_trace_noise20_1000_RIO.xes.gz,1.0,50.0,1,19
,,B150_s1_xi0.01_end_K0.999,Ceravolo,sudden_trace_noise20_1000_RIO.xes.gz,1.0,100.0,1,6
,,B200_s1_xi0.01_end_K0.999,Ceravolo,sudden_trace_noise20_1000_RIO.xes.gz,1.0,100.0,1,4
,,B300_s1_xi0.01_end_K0.999,Ceravolo,sudden_trace_noise20_1000_RIO.xes.gz,1.0,100.0,1,3
,,B100_s1_xi0.0_end_K0.999,Ceravolo,sudden_trace_noise20_1000_ROI.xes.gz,1.0,0.0,1,9
,,B100_s1_xi0.005_end_K0.999,Ceravolo,sudden_trace_noise20_1000_ROI.xes.gz,1.0,0.0,1,9
,,B100_s1_xi0.01_end_K0.999,Ceravolo,sudden_trace_noise20_1000_ROI.xes.gz,1.0,0.0,1,9
,,B100_s1_xi0.02_end_K0.999,Ceravolo,sudden_trace_noise20_1000_ROI.xes.gz,1.0,0.0,1,9
,,B100_s1_xi0.03_end_K0.999,Ceravolo,sudden_trace_noise20_1000_ROI.xes.gz,1.0,0.0,1,9
,,B100_s1_xi0.05_end_K0.999,Ceravolo,sudden_trace_noise20_1000_ROI.xes.gz,1.0,0.0,1,9
,,B100_s1_xi0.07_end_K0.999,Ceravolo,sudden_trace_noise20_1000_ROI.xes.gz,1.0,0.0,1,9
,,B100_s1_xi0.1_end_K0.999,Ceravolo,sudden_trace_noise20_1000_ROI.xes.gz,1.0,0.0,1,9
,,B100_s1_xi0.01_start_K0.999,Ceravolo,sudden_trace_noise20_1000_ROI.xes.gz,1.0,99.0,1,9
,,B100_s1_xi0.01_mid_K0.999,Ceravolo,sudden_trace_noise20_1000_ROI.xes.gz,1.0,50.0,1,9
,,B100_s1_xi0.01_adaptive_K0.999,Ceravolo,sudden_trace_noise20_1000_ROI.xes.gz,1.0,0.0,1,9
,,B100_s1_xi0.01_refine_K0.999,Ceravolo,sudden_trace_noise20_1000_ROI.xes.gz,1.0,59.0,1,9
,,B100_s2_xi0.01_end_K0.999,Ceravolo,sudden_trace_noise20_1000_ROI.xes.gz,0.666667,100.0,2,7
,,B100_s3_xi0.01_end_K0.999,Ceravolo,sudden_trace_noise20_1000_ROI.xes.gz,0.666667,100.0,2,5
,,B100_s4_xi0.01_end_K0.999,Ceravolo,sudden_trace_noise20_1000_ROI.xes.gz,1.0,0.0,1,3
,,B100_s5_xi0.01_end_K0.999,Ceravolo,sudden_trace_noise20_1000_ROI.xes.gz,1.0,100.0,1,1
,,B25_s1_xi0.01_end_K0.999,Ceravolo,sudden_trace_noise20_1000_ROI.xes.gz,0.666667,25.0,2,39
,,B50_s1_xi0.01_end_K0.999,Ceravolo,sudden_trace_noise20_1000_ROI.xes.gz,1.0,0.0,1,19
,,B150_s1_xi0.01_end_K0.999,Ceravolo,sudden_trace_noise20_1000_ROI.xes.gz,1.0,100.0,1,6
,,B200_s1_xi0.01_end_K0.999,Ceravolo,sudden_trace_noise20_1000_ROI.xes.gz,1.0,100.0,1,4
,,B300_s1_xi0.01_end_K0.999,Ceravolo,sudden_trace_noise20_1000_ROI.xes.gz,1.0,100.0,1,3
,,B100_s1_xi0.0_end_K0.999,Ceravolo,sudden_trace_noise20_1000_cb.xes.gz,1.0,0.0,1,9
,,B100_s1_xi0.005_end_K0.999,Ceravolo,sudden_trace_noise20_1000_cb.xes.gz,1.0,0.0,1,9
,,B100_s1_xi0.01_end_K0.999,Ceravolo,sudden_trace_noise20_1000_cb.xes.gz,1.0,0.0,1,9
,,B100_s1_xi0.02_end_K0.999,Ceravolo,sudden_trace_noise20_1000_cb.xes.gz,1.0,0.0,1,9
,,B100_s1_xi0.03_end_K0.999,Ceravolo,sudden_trace_noise20_1000_cb.xes.gz,1.0,0.0,1,9
,,B100_s1_xi0.05_end_K0.999,Ceravolo,sudden_trace_noise20_1000_cb.xes.gz,1.0,0.0,1,9
,,B100_s1_xi0.07_end_K0.999,Ceravolo,sudden_trace_noise20_1000_cb.xes.gz,1.0,0.0,1,9
,,B100_s1_xi0.1_end_K0.999,Ceravolo,sudden_trace_noise20_1000_cb.xes.gz,1.0,0.0,1,9
,,B100_s1_xi0.01_start_K0.999,Ceravolo,sudden_trace_noise20_1000_cb.xes.gz,1.0,99.0,1,9
,,B100_s1_xi0.01_mid_K0.999,Ceravolo,sudden_trace_noise20_1000_cb.xes.gz,1.0,50.0,1,9
,,B100_s1_xi0.01_adaptive_K0.999,Ceravolo,sudden_trace_noise20_1000_cb.xes.gz,1.0,99.0,1,9
,,B100_s1_xi0.01_refine_K0.999,Ceravolo,sudden_trace_noise20_1000_cb.xes.gz,1.0,59.0,1,9
,,B100_s2_xi0.01_end_K0.999,Ceravolo,sudden_trace_noise20_1000_cb.xes.gz,0.666667,100.0,2,7
,,B100_s3_xi0.01_end_K0.999,Ceravolo,sudden_trace_noise20_1000_cb.xes.gz,0.666667,100.0,2,5
,,B100_s4_xi0.01_end_K0.999,Ceravolo,sudden_trace_noise20_1000_cb.xes.gz,1.0,0.0,1,3
,,B100_s5_xi0.01_end_K0.999,Ceravolo,sudden_trace_noise20_1000_cb.xes.gz,1.0,100.0,1,1
,,B25_s1_xi0.01_end_K0.999,Ceravolo,sudden_trace_noise20_1000_cb.xes.gz,1.0,25.0,1,39
,,B50_s1_xi0.01_end_K0.999,Ceravolo,sudden_trace_noise20_1000_cb.xes.gz,1.0,0.0,1,19
,,B150_s1_xi0.01_end_K0.999,Ceravolo,sudden_trace_noise20_1000_cb.xes.gz,1.0,100.0,1,6
,,B200_s1_xi0.01_end_K0.999,Ceravolo,sudden_trace_noise20_1000_cb.xes.gz,1.0,100.0,1,4
,,B300_s1_xi0.01_end_K0.999,Ceravolo,sudden_trace_noise20_1000_cb.xes.gz,0.0,,1,3
,,B100_s1_xi0.0_end_K0.999,Ceravolo,sudden_trace_noise20_1000_cd.xes.gz,1.0,0.0,1,9
,,B100_s1_xi0.005_end_K0.999,Ceravolo,sudden_trace_noise20_1000_cd.xes.gz,1.0,0.0,1,9
,,B100_s1_xi0.01_end_K0.999,Ceravolo,sudden_trace_noise20_1000_cd.xes.gz,1.0,0.0,1,9
,,B100_s1_xi0.02_end_K0.999,Ceravolo,sudden_trace_noise20_1000_cd.xes.gz,1.0,0.0,1,9
,,B100_s1_xi0.03_end_K0.999,Ceravolo,sudden_trace_noise20_1000_cd.xes.gz,0.0,,0,9
,,B100_s1_xi0.05_end_K0.999,Ceravolo,sudden_trace_noise20_1000_cd.xes.gz,0.0,,0,9
,,B100_s1_xi0.07_end_K0.999,Ceravolo,sudden_trace_noise20_1000_cd.xes.gz,0.0,,0,9
,,B100_s1_xi0.1_end_K0.999,Ceravolo,sudden_trace_noise20_1000_cd.xes.gz,0.0,,0,9
,,B100_s1_xi0.01_start_K0.999,Ceravolo,sudden_trace_noise20_1000_cd.xes.gz,1.0,99.0,1,9
,,B100_s1_xi0.01_mid_K0.999,Ceravolo,sudden_trace_noise20_1000_cd.xes.gz,1.0,50.0,1,9
,,B100_s1_xi0.01_adaptive_K0.999,Ceravolo,sudden_trace_noise20_1000_cd.xes.gz,1.0,99.0,1,9
,,B100_s1_xi0.01_refine_K0.999,Ceravolo,sudden_trace_noise20_1000_cd.xes.gz,1.0,59.0,1,9
,,B100_s2_xi0.01_end_K0.999,Ceravolo,sudden_trace_noise20_1000_cd.xes.gz,1.0,0.0,1,7
,,B100_s3_xi0.01_end_K0.999,Ceravolo,sudden_trace_noise20_1000_cd.xes.gz,0.0,,0,5
,,B100_s4_xi0.01_end_K0.999,Ceravolo,sudden_trace_noise20_1000_cd.xes.gz,0.0,,0,3
,,B100_s5_xi0.01_end_K0.999,Ceravolo,sudden_trace_noise20_1000_cd.xes.gz,0.0,,0,1
,,B25_s1_xi0.01_end_K0.999,Ceravolo,sudden_trace_noise20_1000_cd.xes.gz,0.0,,1,39
,,B50_s1_xi0.01_end_K0.999,Ceravolo,sudden_trace_noise20_1000_cd.xes.gz,0.0,,0,19
,,B150_s1_xi0.01_end_K0.999,Ceravolo,sudden_trace_noise20_1000_cd.xes.gz,0.0,,0,6
,,B200_s1_xi0.01_end_K0.999,Ceravolo,sudden_trace_noise20_1000_cd.xes.gz,1.0,100.0,1,4
,,B300_s1_xi0.01_end_K0.999,Ceravolo,sudden_trace_noise20_1000_cd.xes.gz,0.0,,0,3
,,B100_s1_xi0.0_end_K0.999,Ceravolo,sudden_trace_noise20_1000_cf.xes.gz,1.0,100.0,1,9
,,B100_s1_xi0.005_end_K0.999,Ceravolo,sudden_trace_noise20_1000_cf.xes.gz,1.0,100.0,1,9
,,B100_s1_xi0.01_end_K0.999,Ceravolo,sudden_trace_noise20_1000_cf.xes.gz,1.0,100.0,1,9
,,B100_s1_xi0.02_end_K0.999,Ceravolo,sudden_trace_noise20_1000_cf.xes.gz,1.0,100.0,1,9
,,B100_s1_xi0.03_end_K0.999,Ceravolo,sudden_trace_noise20_1000_cf.xes.gz,1.0,100.0,1,9
,,B100_s1_xi0.05_end_K0.999,Ceravolo,sudden_trace_noise20_1000_cf.xes.gz,1.0,100.0,1,9
,,B100_s1_xi0.07_end_K0.999,Ceravolo,sudden_trace_noise20_1000_cf.xes.gz,1.0,100.0,1,9
,,B100_s1_xi0.1_end_K0.999,Ceravolo,sudden_trace_noise20_1000_cf.xes.gz,1.0,100.0,1,9
,,B100_s1_xi0.01_start_K0.999,Ceravolo,sudden_trace_noise20_1000_cf.xes.gz,1.0,199.0,1,9
,,B100_s1_xi0.01_mid_K0.999,Ceravolo,sudden_trace_noise20_1000_cf.xes.gz,1.0,150.0,1,9
,,B100_s1_xi0.01_adaptive_K0.999,Ceravolo,sudden_trace_noise20_1000_cf.xes.gz,1.0,199.0,1,9
,,B100_s1_xi0.01_refine_K0.999,Ceravolo,sudden_trace_noise20_1000_cf.xes.gz,0.0,,1,9
,,B100_s2_xi0.01_end_K0.999,Ceravolo,sudden_trace_noise20_1000_cf.xes.gz,0.666667,100.0,2,7
,,B100_s3_xi0.01_end_K0.999,Ceravolo,sudden_trace_noise20_1000_cf.xes.gz,0.666667,100.0,2,5
,,B100_s4_xi0.01_end_K0.999,Ceravolo,sudden_trace_noise20_1000_cf.xes.gz,1.0,0.0,1,3
,,B100_s5_xi0.01_end_K0.999,Ceravolo,sudden_trace_noise20_1000_cf.xes.gz,1.0,100.0,1,1
,,B25_s1_xi0.01_end_K0.999,Ceravolo,sudden_trace_noise20_1000_cf.xes.gz,0.666667,25.0,2,39
,,B50_s1_xi0.01_end_K0.999,Ceravolo,sudden_trace_noise20_1000_cf.xes.gz,1.0,0.0,1,19
,,B150_s1_xi0.01_end_K0.999,Ceravolo,sudden_trace_noise20_1000_cf.xes.gz,1.0,100.0,1,6
,,B200_s1_xi0.01_end_K0.999,Ceravolo,sudden_trace_noise20_1000_cf.xes.gz,0.0,,1,4
,,B300_s1_xi0.01_end_K0.999,Ceravolo,sudden_trace_noise20_1000_cf.xes.gz,0.0,,1,3
,,B100_s1_xi0.0_end_K0.999,Ceravolo,sudden_trace_noise20_1000_cp.xes.gz,1.0,0.0,1,9
,,B100_s1_xi0.005_end_K0.999,Ceravolo,sudden_trace_noise20_1000_cp.xes.gz,1.0,0.0,1,9
,,B100_s1_xi0.01_end_K0.999,Ceravolo,sudden_trace_noise20_1000_cp.xes.gz,1.0,0.0,1,9
,,B100_s1_xi0.02_end_K0.999,Ceravolo,sudden_trace_noise20_1000_cp.xes.gz,1.0,0.0,1,9
,,B100_s1_xi0.03_end_K0.999,Ceravolo,sudden_trace_noise20_1000_cp.xes.gz,1.0,0.0,1,9
,,B100_s1_xi0.05_end_K0.999,Ceravolo,sudden_trace_noise20_1000_cp.xes.gz,1.0,0.0,1,9
,,B100_s1_xi0.07_end_K0.999,Ceravolo,sudden_trace_noise20_1000_cp.xes.gz,1.0,0.0,1,9
,,B100_s1_xi0.1_end_K0.999,Ceravolo,sudden_trace_noise20_1000_cp.xes.gz,1.0,0.0,1,9
,,B100_s1_xi0.01_start_K0.999,Ceravolo,sudden_trace_noise20_1000_cp.xes.gz,1.0,99.0,1,9
,,B100_s1_xi0.01_mid_K0.999,Ceravolo,sudden_trace_noise20_1000_cp.xes.gz,1.0,50.0,1,9
,,B100_s1_xi0.01_adaptive_K0.999,Ceravolo,sudden_trace_noise20_1000_cp.xes.gz,1.0,99.0,1,9
,,B100_s1_xi0.01_refine_K0.999,Ceravolo,sudden_trace_noise20_1000_cp.xes.gz,1.0,59.0,1,9
,,B100_s2_xi0.01_end_K0.999,Ceravolo,sudden_trace_noise20_1000_cp.xes.gz,0.666667,100.0,2,7
,,B100_s3_xi0.01_end_K0.999,Ceravolo,sudden_trace_noise20_1000_cp.xes.gz,0.666667,100.0,2,5
,,B100_s4_xi0.01_end_K0.999,Ceravolo,sudden_trace_noise20_1000_cp.xes.gz,1.0,0.0,1,3
,,B100_s5_xi0.01_end_K0.999,Ceravolo,sudden_trace_noise20_1000_cp.xes.gz,1.0,100.0,1,1
,,B25_s1_xi0.01_end_K0.999,Ceravolo,sudden_trace_noise20_1000_cp.xes.gz,1.0,50.0,1,39
,,B50_s1_xi0.01_end_K0.999,Ceravolo,sudden_trace_noise20_1000_cp.xes.gz,1.0,0.0,1,19
,,B150_s1_xi0.01_end_K0.999,Ceravolo,sudden_trace_noise20_1000_cp.xes.gz,1.0,100.0,1,6
,,B200_s1_xi0.01_end_K0.999,Ceravolo,sudden_trace_noise20_1000_cp.xes.gz,1.0,100.0,1,4
,,B300_s1_xi0.01_end_K0.999,Ceravolo,sudden_trace_noise20_1000_cp.xes.gz,1.0,100.0,1,3
,,B100_s1_xi0.0_end_K0.999,Ceravolo,sudden_trace_noise20_1000_lp.xes.gz,1.0,0.0,1,9
,,B100_s1_xi0.005_end_K0.999,Ceravolo,sudden_trace_noise20_1000_lp.xes.gz,1.0,0.0,1,9
,,B100_s1_xi0.01_end_K0.999,Ceravolo,sudden_trace_noise20_1000_lp.xes.gz,1.0,0.0,1,9
,,B100_s1_xi0.02_end_K0.999,Ceravolo,sudden_trace_noise20_1000_lp.xes.gz,1.0,0.0,1,9
,,B100_s1_xi0.03_end_K0.999,Ceravolo,sudden_trace_noise20_1000_lp.xes.gz,1.0,0.0,1,9
,,B100_s1_xi0.05_end_K0.999,Ceravolo,sudden_trace_noise20_1000_lp.xes.gz,1.0,0.0,1,9
,,B100_s1_xi0.07_end_K0.999,Ceravolo,sudden_trace_noise20_1000_lp.xes.gz,1.0,0.0,1,9
,,B100_s1_xi0.1_end_K0.999,Ceravolo,sudden_trace_noise20_1000_lp.xes.gz,0.0,,0,9
,,B100_s1_xi0.01_start_K0.999,Ceravolo,sudden_trace_noise20_1000_lp.xes.gz,1.0,99.0,1,9
,,B100_s1_xi0.01_mid_K0.999,Ceravolo,sudden_trace_noise20_1000_lp.xes.gz,1.0,50.0,1,9
,,B100_s1_xi0.01_adaptive_K0.999,Ceravolo,sudden_trace_noise20_1000_lp.xes.gz,1.0,0.0,1,9
,,B100_s1_xi0.01_refine_K0.999,Ceravolo,sudden_trace_noise20_1000_lp.xes.gz,1.0,39.0,1,9
,,B100_s2_xi0.01_end_K0.999,Ceravolo,sudden_trace_noise20_1000_lp.xes.gz,0.666667,100.0,2,7
,,B100_s3_xi0.01_end_K0.999,Ceravolo,sudden_trace_noise20_1000_lp.xes.gz,0.666667,100.0,2,5
,,B100_s4_xi0.01_end_K0.999,Ceravolo,sudden_trace_noise20_1000_lp.xes.gz,1.0,0.0,1,3
,,B100_s5_xi0.01_end_K0.999,Ceravolo,sudden_trace_noise20_1000_lp.xes.gz,1.0,100.0,1,1
,,B25_s1_xi0.01_end_K0.999,Ceravolo,sudden_trace_noise20_1000_lp.xes.gz,0.666667,50.0,2,39
,,B50_s1_xi0.01_end_K0.999,Ceravolo,sudden_trace_noise20_1000_lp.xes.gz,1.0,0.0,1,19
,,B150_s1_xi0.01_end_K0.999,Ceravolo,sudden_trace_noise20_1000_lp.xes.gz,1.0,100.0,1,6
,,B200_s1_xi0.01_end_K0.999,Ceravolo,sudden_trace_noise20_1000_lp.xes.gz,1.0,100.0,1,4
,,B300_s1_xi0.01_end_K0.999,Ceravolo,sudden_trace_noise20_1000_lp.xes.gz,1.0,100.0,1,3
,,B100_s1_xi0.0_end_K0.999,Ceravolo,sudden_trace_noise20_1000_pl.xes.gz,0.0,,0,9
,,B100_s1_xi0.005_end_K0.999,Ceravolo,sudden_trace_noise20_1000_pl.xes.gz,0.0,,0,9
,,B100_s1_xi0.01_end_K0.999,Ceravolo,sudden_trace_noise20_1000_pl.xes.gz,0.0,,0,9
,,B100_s1_xi0.02_end_K0.999,Ceravolo,sudden_trace_noise20_1000_pl.xes.gz,0.0,,0,9
,,B100_s1_xi0.03_end_K0.999,Ceravolo,sudden_trace_noise20_1000_pl.xes.gz,0.0,,0,9
,,B100_s1_xi0.05_end_K0.999,Ceravolo,sudden_trace_noise20_1000_pl.xes.gz,0.0,,0,9
,,B100_s1_xi0.07_end_K0.999,Ceravolo,sudden_trace_noise20_1000_pl.xes.gz,0.0,,0,9
,,B100_s1_xi0.1_end_K0.999,Ceravolo,sudden_trace_noise20_1000_pl.xes.gz,0.0,,0,9
,,B100_s1_xi0.01_start_K0.999,Ceravolo,sudden_trace_noise20_1000_pl.xes.gz,0.0,,0,9
,,B100_s1_xi0.01_mid_K0.999,Ceravolo,sudden_trace_noise20_1000_pl.xes.gz,0.0,,0,9
,,B100_s1_xi0.01_adaptive_K0.999,Ceravolo,sudden_trace_noise20_1000_pl.xes.gz,0.0,,0,9
,,B100_s1_xi0.01_refine_K0.999,Ceravolo,sudden_trace_noise20_1000_pl.xes.gz,0.0,,0,9
,,B100_s2_xi0.01_end_K0.999,Ceravolo,sudden_trace_noise20_1000_pl.xes.gz,0.0,,0,7
,,B100_s3_xi0.01_end_K0.999,Ceravolo,sudden_trace_noise20_1000_pl.xes.gz,0.0,,0,5
,,B100_s4_xi0.01_end_K0.999,Ceravolo,sudden_trace_noise20_1000_pl.xes.gz,0.0,,0,3
,,B100_s5_xi0.01_end_K0.999,Ceravolo,sudden_trace_noise20_1000_pl.xes.gz,0.0,,0,1
,,B25_s1_xi0.01_end_K0.999,Ceravolo,sudden_trace_noise20_1000_pl.xes.gz,0.0,,0,39
,,B50_s1_xi0.01_end_K0.999,Ceravolo,sudden_trace_noise20_1000_pl.xes.gz,0.0,,0,19
,,B150_s1_xi0.01_end_K0.999,Ceravolo,sudden_trace_noise20_1000_pl.xes.gz,0.0,,0,6
,,B200_s1_xi0.01_end_K0.999,Ceravolo,sudden_trace_noise20_1000_pl.xes.gz,0.0,,0,4
,,B300_s1_xi0.01_end_K0.999,Ceravolo,sudden_trace_noise20_1000_pl.xes.gz,0.0,,0,3
,,B100_s1_xi0.0_end_K0.999,Ceravolo,sudden_trace_noise20_1000_pm.xes.gz,1.0,0.0,1,9
,,B100_s1_xi0.005_end_K0.999,Ceravolo,sudden_trace_noise20_1000_pm.xes.gz,1.0,0.0,1,9
,,B100_s1_xi0.01_end_K0.999,Ceravolo,sudden_trace_noise20_1000_pm.xes.gz,1.0,0.0,1,9
,,B100_s1_xi0.02_end_K0.999,Ceravolo,sudden_trace_noise20_1000_pm.xes.gz,1.0,0.0,1,9
,,B100_s1_xi0.03_end_K0.999,Ceravolo,sudden_trace_noise20_1000_pm.xes.gz,1.0,0.0,1,9
,,B100_s1_xi0.05_end_K0.999,Ceravolo,sudden_trace_noise20_1000_pm.xes.gz,1.0,0.0,1,9
,,B100_s1_xi0.07_end_K0.999,Ceravolo,sudden_trace_noise20_1000_pm.xes.gz,1.0,0.0,1,9
,,B100_s1_xi0.1_end_K0.999,Ceravolo,sudden_trace_noise20_1000_pm.xes.gz,0.0,,0,9
,,B100_s1_xi0.01_start_K0.999,Ceravolo,sudden_trace_noise20_1000_pm.xes.gz,1.0,99.0,1,9
,,B100_s1_xi0.01_mid_K0.999,Ceravolo,sudden_trace_noise20_1000_pm.xes.gz,1.0,50.0,1,9
,,B100_s1_xi0.01_adaptive_K0.999,Ceravolo,sudden_trace_noise20_1000_pm.xes.gz,1.0,99.0,1,9
,,B100_s1_xi0.01_refine_K0.999,Ceravolo,sudden_trace_noise20_1000_pm.xes.gz,1.0,39.0,1,9
,,B100_s2_xi0.01_end_K0.999,Ceravolo,sudden_trace_noise20_1000_pm.xes.gz,0.5,0.0,3,7
,,B100_s3_xi0.01_end_K0.999,Ceravolo,sudden_trace_noise20_1000_pm.xes.gz,0.666667,100.0,2,5
,,B100_s4_xi0.01_end_K0.999,Ceravolo,sudden_trace_noise20_1000_pm.xes.gz,1.0,0.0,1,3
,,B100_s5_xi0.01_end_K0.999,Ceravolo,sudden_trace_noise20_1000_pm.xes.gz,1.0,100.0,1,1
,,B25_s1_xi0.01_end_K0.999,Ceravolo,sudden_trace_noise20_1000_pm.xes.gz,0.0,,3,39
,,B50_s1_xi0.01_end_K0.999,Ceravolo,sudden_trace_noise20_1000_pm.xes.gz,0.666667,0.0,2,19
,,B150_s1_xi0.01_end_K0.999,Ceravolo,sudden_trace_noise20_1000_pm.xes.gz,1.0,100.0,1,6
,,B200_s1_xi0.01_end_K0.999,Ceravolo,sudden_trace_noise20_1000_pm.xes.gz,1.0,100.0,1,4
,,B300_s1_xi0.01_end_K0.999,Ceravolo,sudden_trace_noise20_1000_pm.xes.gz,0.0,,1,3
,,B100_s1_xi0.0_end_K0.999,Ceravolo,sudden_trace_noise20_1000_re.xes.gz,1.0,0.0,1,9
,,B100_s1_xi0.005_end_K0.999,Ceravolo,sudden_trace_noise20_1000_re.xes.gz,1.0,0.0,1,9
,,B100_s1_xi0.01_end_K0.999,Ceravolo,sudden_trace_noise20_1000_re.xes.gz,1.0,0.0,1,9
,,B100_s1_xi0.02_end_K0.999,Ceravolo,sudden_trace_noise20_1000_re.xes.gz,1.0,0.0,1,9
,,B100_s1_xi0.03_end_K0.999,Ceravolo,sudden_trace_noise20_1000_re.xes.gz,1.0,0.0,1,9
,,B100_s1_xi0.05_end_K0.999,Ceravolo,sudden_trace_noise20_1000_re.xes.gz,1.0,0.0,1,9
,,B100_s1_xi0.07_end_K0.999,Ceravolo,sudden_trace_noise20_1000_re.xes.gz,1.0,0.0,1,9
,,B100_s1_xi0.1_end_K0.999,Ceravolo,sudden_trace_noise20_1000_re.xes.gz,1.0,0.0,1,9
,,B100_s1_xi0.01_start_K0.999,Ceravolo,sudden_trace_noise20_1000_re.xes.gz,1.0,99.0,1,9
,,B100_s1_xi0.01_mid_K0.999,Ceravolo,sudden_trace_noise20_1000_re.xes.gz,1.0,50.0,1,9
,,B100_s1_xi0.01_adaptive_K0.999,Ceravolo,sudden_trace_noise20_1000_re.xes.gz,1.0,0.0,1,9
,,B100_s1_xi0.01_refine_K0.999,Ceravolo,sudden_trace_noise20_1000_re.xes.gz,1.0,59.0,1,9
,,B100_s2_xi0.01_end_K0.999,Ceravolo,sudden_trace_noise20_1000_re.xes.gz,0.666667,100.0,2,7
,,B100_s3_xi0.01_end_K0.999,Ceravolo,sudden_trace_noise20_1000_re.xes.gz,0.666667,100.0,2,5
,,B100_s4_xi0.01_end_K0.999,Ceravolo,sudden_trace_noise20_1000_re.xes.gz,1.0,0.0,1,3
,,B100_s5_xi0.01_end_K0.999,Ceravolo,sudden_trace_noise20_1000_re.xes.gz,1.0,100.0,1,1
,,B25_s1_xi0.01_end_K0.999,Ceravolo,sudden_trace_noise20_1000_re.xes.gz,0.5,25.0,3,39
,,B50_s1_xi0.01_end_K0.999,Ceravolo,sudden_trace_noise20_1000_re.xes.gz,0.666667,0.0,2,19
,,B150_s1_xi0.01_end_K0.999,Ceravolo,sudden_trace_noise20_1000_re.xes.gz,1.0,100.0,1,6
,,B200_s1_xi0.01_end_K0.999,Ceravolo,sudden_trace_noise20_1000_re.xes.gz,1.0,100.0,1,4
,,B300_s1_xi0.01_end_K0.999,Ceravolo,sudden_trace_noise20_1000_re.xes.gz,0.0,,1,3
,,B100_s1_xi0.0_end_K0.999,Ceravolo,sudden_trace_noise20_1000_rp.xes.gz,1.0,0.0,1,9
,,B100_s1_xi0.005_end_K0.999,Ceravolo,sudden_trace_noise20_1000_rp.xes.gz,1.0,0.0,1,9
,,B100_s1_xi0.01_end_K0.999,Ceravolo,sudden_trace_noise20_1000_rp.xes.gz,1.0,0.0,1,9
,,B100_s1_xi0.02_end_K0.999,Ceravolo,sudden_trace_noise20_1000_rp.xes.gz,1.0,0.0,1,9
,,B100_s1_xi0.03_end_K0.999,Ceravolo,sudden_trace_noise20_1000_rp.xes.gz,1.0,0.0,1,9
,,B100_s1_xi0.05_end_K0.999,Ceravolo,sudden_trace_noise20_1000_rp.xes.gz,1.0,0.0,1,9
,,B100_s1_xi0.07_end_K0.999,Ceravolo,sudden_trace_noise20_1000_rp.xes.gz,1.0,0.0,1,9
,,B100_s1_xi0.1_end_K0.999,Ceravolo,sudden_trace_noise20_1000_rp.xes.gz,1.0,0.0,1,9
,,B100_s1_xi0.01_start_K0.999,Ceravolo,sudden_trace_noise20_1000_rp.xes.gz,1.0,99.0,1,9
,,B100_s1_xi0.01_mid_K0.999,Ceravolo,sudden_trace_noise20_1000_rp.xes.gz,1.0,50.0,1,9
,,B100_s1_xi0.01_adaptive_K0.999,Ceravolo,sudden_trace_noise20_1000_rp.xes.gz,1.0,0.0,1,9
,,B100_s1_xi0.01_refine_K0.999,Ceravolo,sudden_trace_noise20_1000_rp.xes.gz,1.0,59.0,1,9
,,B100_s2_xi0.01_end_K0.999,Ceravolo,sudden_trace_noise20_1000_rp.xes.gz,0.666667,100.0,2,7
,,B100_s3_xi0.01_end_K0.999,Ceravolo,sudden_trace_noise20_1000_rp.xes.gz,0.666667,100.0,2,5
,,B100_s4_xi0.01_end_K0.999,Ceravolo,sudden_trace_noise20_1000_rp.xes.gz,1.0,0.0,1,3
,,B100_s5_xi0.01_end_K0.999,Ceravolo,sudden_trace_noise20_1000_rp.xes.gz,1.0,100.0,1,1
,,B25_s1_xi0.01_end_K0.999,Ceravolo,sudden_trace_noise20_1000_rp.xes.gz,1.0,50.0,1,39
,,B50_s1_xi0.01_end_K0.999,Ceravolo,sudden_trace_noise20_1000_rp.xes.gz,1.0,0.0,1,19
,,B150_s1_xi0.01_end_K0.999,Ceravolo,sudden_trace_noise20_1000_rp.xes.gz,1.0,100.0,1,6
,,B200_s1_xi0.01_end_K0.999,Ceravolo,sudden_trace_noise20_1000_rp.xes.gz,1.0,100.0,1,4
,,B300_s1_xi0.01_end_K0.999,Ceravolo,sudden_trace_noise20_1000_rp.xes.gz,0.0,,1,3
,,B100_s1_xi0.0_end_K0.999,Ceravolo,sudden_trace_noise20_1000_sw.xes.gz,1.0,0.0,1,9
,,B100_s1_xi0.005_end_K0.999,Ceravolo,sudden_trace_noise20_1000_sw.xes.gz,1.0,0.0,1,9
,,B100_s1_xi0.01_end_K0.999,Ceravolo,sudden_trace_noise20_1000_sw.xes.gz,1.0,0.0,1,9
,,B100_s1_xi0.02_end_K0.999,Ceravolo,sudden_trace_noise20_1000_sw.xes.gz,1.0,0.0,1,9
,,B100_s1_xi0.03_end_K0.999,Ceravolo,sudden_trace_noise20_1000_sw.xes.gz,1.0,0.0,1,9
,,B100_s1_xi0.05_end_K0.999,Ceravolo,sudden_trace_noise20_1000_sw.xes.gz,1.0,0.0,1,9
,,B100_s1_xi0.07_end_K0.999,Ceravolo,sudden_trace_noise20_1000_sw.xes.gz,1.0,0.0,1,9
,,B100_s1_xi0.1_end_K0.999,Ceravolo,sudden_trace_noise20_1000_sw.xes.gz,1.0,0.0,1,9
,,B100_s1_xi0.01_start_K0.999,Ceravolo,sudden_trace_noise20_1000_sw.xes.gz,1.0,99.0,1,9
,,B100_s1_xi0.01_mid_K0.999,Ceravolo,sudden_trace_noise20_1000_sw.xes.gz,1.0,50.0,1,9
,,B100_s1_xi0.01_adaptive_K0.999,Ceravolo,sudden_trace_noise20_1000_sw.xes.gz,1.0,0.0,1,9
,,B100_s1_xi0.01_refine_K0.999,Ceravolo,sudden_trace_noise20_1000_sw.xes.gz,1.0,59.0,1,9
,,B100_s2_xi0.01_end_K0.999,Ceravolo,sudden_trace_noise20_1000_sw.xes.gz,0.666667,100.0,2,7
,,B100_s3_xi0.01_end_K0.999,Ceravolo,sudden_trace_noise20_1000_sw.xes.gz,0.666667,100.0,2,5
,,B100_s4_xi0.01_end_K0.999,Ceravolo,sudden_trace_noise20_1000_sw.xes.gz,1.0,0.0,1,3
,,B100_s5_xi0.01_end_K0.999,Ceravolo,sudden_trace_noise20_1000_sw.xes.gz,1.0,100.0,1,1
,,B25_s1_xi0.01_end_K0.999,Ceravolo,sudden_trace_noise20_1000_sw.xes.gz,0.5,50.0,3,39
,,B50_s1_xi0.01_end_K0.999,Ceravolo,sudden_trace_noise20_1000_sw.xes.gz,1.0,0.0,1,19
,,B150_s1_xi0.01_end_K0.999,Ceravolo,sudden_trace_noise20_1000_sw.xes.gz,1.0,100.0,1,6
,,B200_s1_xi0.01_end_K0.999,Ceravolo,sudden_trace_noise20_1000_sw.xes.gz,1.0,100.0,1,4
,,B300_s1_xi0.01_end_K0.999,Ceravolo,sudden_trace_noise20_1000_sw.xes.gz,0.0,,1,3
,,B100_s1_xi0.0_end_K0.999,Ceravolo,sudden_trace_noise5_1000_IOR.xes.gz,1.0,0.0,1,9
,,B100_s1_xi0.005_end_K0.999,Ceravolo,sudden_trace_noise5_1000_IOR.xes.gz,1.0,0.0,1,9
,,B100_s1_xi0.01_end_K0.999,Ceravolo,sudden_trace_noise5_1000_IOR.xes.gz,1.0,0.0,1,9
,,B100_s1_xi0.02_end_K0.999,Ceravolo,sudden_trace_noise5_1000_IOR.xes.gz,1.0,0.0,1,9
,,B100_s1_xi0.03_end_K0.999,Ceravolo,sudden_trace_noise5_1000_IOR.xes.gz,1.0,0.0,1,9
,,B100_s1_xi0.05_end_K0.999,Ceravolo,sudden_trace_noise5_1000_IOR.xes.gz,1.0,0.0,1,9
,,B100_s1_xi0.07_end_K0.999,Ceravolo,sudden_trace_noise5_1000_IOR.xes.gz,1.0,0.0,1,9
,,B100_s1_xi0.1_end_K0.999,Ceravolo,sudden_trace_noise5_1000_IOR.xes.gz,1.0,0.0,1,9
,,B100_s1_xi0.01_start_K0.999,Ceravolo,sudden_trace_noise5_1000_IOR.xes.gz,1.0,99.0,1,9
,,B100_s1_xi0.01_mid_K0.999,Ceravolo,sudden_trace_noise5_1000_IOR.xes.gz,1.0,50.0,1,9
,,B100_s1_xi0.01_adaptive_K0.999,Ceravolo,sudden_trace_noise5_1000_IOR.xes.gz,1.0,0.0,1,9
,,B100_s1_xi0.01_refine_K0.999,Ceravolo,sudden_trace_noise5_1000_IOR.xes.gz,1.0,59.0,1,9
,,B100_s2_xi0.01_end_K0.999,Ceravolo,sudden_trace_noise5_1000_IOR.xes.gz,0.666667,100.0,2,7
,,B100_s3_xi0.01_end_K0.999,Ceravolo,sudden_trace_noise5_1000_IOR.xes.gz,0.666667,100.0,2,5
,,B100_s4_xi0.01_end_K0.999,Ceravolo,sudden_trace_noise5_1000_IOR.xes.gz,1.0,0.0,1,3
,,B100_s5_xi0.01_end_K0.999,Ceravolo,sudden_trace_noise5_1000_IOR.xes.gz,1.0,100.0,1,1
,,B25_s1_xi0.01_end_K0.999,Ceravolo,sudden_trace_noise5_1000_IOR.xes.gz,1.0,25.0,1,39
,,B50_s1_xi0.01_end_K0.999,Ceravolo,sudden_trace_noise5_1000_IOR.xes.gz,1.0,0.0,1,19
,,B150_s1_xi0.01_end_K0.999,Ceravolo,sudden_trace_noise5_1000_IOR.xes.gz,1.0,100.0,1,6
,,B200_s1_xi0.01_end_K0.999,Ceravolo,sudden_trace_noise5_1000_IOR.xes.gz,1.0,100.0,1,4
,,B300_s1_xi0.01_end_K0.999,Ceravolo,sudden_trace_noise5_1000_IOR.xes.gz,0.0,,1,3
,,B100_s1_xi0.0_end_K0.999,Ceravolo,sudden_trace_noise5_1000_IRO.xes.gz,0.666667,0.0,2,9
,,B100_s1_xi0.005_end_K0.999,Ceravolo,sudden_trace_noise5_1000_IRO.xes.gz,0.666667,0.0,2,9
,,B100_s1_xi0.01_end_K0.999,Ceravolo,sudden_trace_noise5_1000_IRO.xes.gz,0.666667,0.0,2,9
,,B100_s1_xi0.02_end_K0.999,Ceravolo,sudden_trace_noise5_1000_IRO.xes.gz,0.666667,0.0,2,9
,,B100_s1_xi0.03_end_K0.999,Ceravolo,sudden_trace_noise5_1000_IRO.xes.gz,0.666667,0.0,2,9
,,B100_s1_xi0.05_end_K0.999,Ceravolo,sudden_trace_noise5_1000_IRO.xes.gz,0.666667,0.0,2,9
,,B100_s1_xi0.07_end_K0.999,Ceravolo,sudden_trace_noise5_1000_IRO.xes.gz,0.666667,0.0,2,9
,,B100_s1_xi0.1_end_K0.999,Ceravolo,sudden_trace_noise5_1000_IRO.xes.gz,0.666667,0.0,2,9
,,B100_s1_xi0.01_start_K0.999,Ceravolo,sudden_trace_noise5_1000_IRO.xes.gz,0.666667,99.0,2,9
,,B100_s1_xi0.01_mid_K0.999,Ceravolo,sudden_trace_noise5_1000_IRO.xes.gz,0.666667,50.0,2,9
,,B100_s1_xi0.01_adaptive_K0.999,Ceravolo,sudden_trace_noise5_1000_IRO.xes.gz,0.666667,99.0,2,9
,,B100_s1_xi0.01_refine_K0.999,Ceravolo,sudden_trace_noise5_1000_IRO.xes.gz,0.666667,59.0,2,9
,,B100_s2_xi0.01_end_K0.999,Ceravolo,sudden_trace_noise5_1000_IRO.xes.gz,0.666667,100.0,2,7
,,B100_s3_xi0.01_end_K0.999,Ceravolo,sudden_trace_noise5_1000_IRO.xes.gz,0.666667,100.0,2,5
,,B100_s4_xi0.01_end_K0.999,Ceravolo,sudden_trace_noise5_1000_IRO.xes.gz,1.0,0.0,1,3
,,B100_s5_xi0.01_end_K0.999,Ceravolo,sudden_trace_noise5_1000_IRO.xes.gz,1.0,100.0,1,1
,,B25_s1_xi0.01_end_K0.999,Ceravolo,sudden_trace_noise5_1000_IRO.xes.gz,0.666667,50.0,2,39
,,B50_s1_xi0.01_end_K0.999,Ceravolo,sudden_trace_noise5_1000_IRO.xes.gz,1.0,0.0,1,19
,,B150_s1_xi0.01_end_K0.999,Ceravolo,sudden_trace_noise5_1000_IRO.xes.gz,1.0,100.0,1,6
,,B200_s1_xi0.01_end_K0.999,Ceravolo,sudden_trace_noise5_1000_IRO.xes.gz,1.0,100.0,1,4
,,B300_s1_xi0.01_end_K0.999,Ceravolo,sudden_trace_noise5_1000_IRO.xes.gz,1.0,100.0,1,3
,,B100_s1_xi0.0_end_K0.999,Ceravolo,sudden_trace_noise5_1000_OIR.xes.gz,1.0,0.0,1,9
,,B100_s1_xi0.005_end_K0.999,Ceravolo,sudden_trace_noise5_1000_OIR.xes.gz,1.0,0.0,1,9
,,B100_s1_xi0.01_end_K0.999,Ceravolo,sudden_trace_noise5_1000_OIR.xes.gz,1.0,0.0,1,9
,,B100_s1_xi0.02_end_K0.999,Ceravolo,sudden_trace_noise5_1000_OIR.xes.gz,1.0,0.0,1,9
,,B100_s1_xi0.03_end_K0.999,Ceravolo,sudden_trace_noise5_1000_OIR.xes.gz,1.0,0.0,1,9
,,B100_s1_xi0.05_end_K0.999,Ceravolo,sudden_trace_noise5_1000_OIR.xes.gz,1.0,0.0,1,9
,,B100_s1_xi0.07_end_K0.999,Ceravolo,sudden_trace_noise5_1000_OIR.xes.gz,1.0,0.0,1,9
,,B100_s1_xi0.1_end_K0.999,Ceravolo,sudden_trace_noise5_1000_OIR.xes.gz,1.0,0.0,1,9
,,B100_s1_xi0.01_start_K0.999,Ceravolo,sudden_trace_noise5_1000_OIR.xes.gz,1.0,99.0,1,9
,,B100_s1_xi0.01_mid_K0.999,Ceravolo,sudden_trace_noise5_1000_OIR.xes.gz,1.0,50.0,1,9
,,B100_s1_xi0.01_adaptive_K0.999,Ceravolo,sudden_trace_noise5_1000_OIR.xes.gz,1.0,0.0,1,9
,,B100_s1_xi0.01_refine_K0.999,Ceravolo,sudden_trace_noise5_1000_OIR.xes.gz,1.0,59.0,1,9
,,B100_s2_xi0.01_end_K0.999,Ceravolo,sudden_trace_noise5_1000_OIR.xes.gz,0.666667,100.0,2,7
,,B100_s3_xi0.01_end_K0.999,Ceravolo,sudden_trace_noise5_1000_OIR.xes.gz,0.666667,100.0,2,5
,,B100_s4_xi0.01_end_K0.999,Ceravolo,sudden_trace_noise5_1000_OIR.xes.gz,1.0,0.0,1,3
,,B100_s5_xi0.01_end_K0.999,Ceravolo,sudden_trace_noise5_1000_OIR.xes.gz,1.0,100.0,1,1
,,B25_s1_xi0.01_end_K0.999,Ceravolo,sudden_trace_noise5_1000_OIR.xes.gz,0.5,25.0,3,39
,,B50_s1_xi0.01_end_K0.999,Ceravolo,sudden_trace_noise5_1000_OIR.xes.gz,1.0,0.0,1,19
,,B150_s1_xi0.01_end_K0.999,Ceravolo,sudden_trace_noise5_1000_OIR.xes.gz,1.0,100.0,1,6
,,B200_s1_xi0.01_end_K0.999,Ceravolo,sudden_trace_noise5_1000_OIR.xes.gz,0.0,,1,4
,,B300_s1_xi0.01_end_K0.999,Ceravolo,sudden_trace_noise5_1000_OIR.xes.gz,1.0,100.0,1,3
,,B100_s1_xi0.0_end_K0.999,Ceravolo,sudden_trace_noise5_1000_RIO.xes.gz,1.0,0.0,1,9
,,B100_s1_xi0.005_end_K0.999,Ceravolo,sudden_trace_noise5_1000_RIO.xes.gz,1.0,0.0,1,9
,,B100_s1_xi0.01_end_K0.999,Ceravolo,sudden_trace_noise5_1000_RIO.xes.gz,1.0,0.0,1,9
,,B100_s1_xi0.02_end_K0.999,Ceravolo,sudden_trace_noise5_1000_RIO.xes.gz,1.0,0.0,1,9
,,B100_s1_xi0.03_end_K0.999,Ceravolo,sudden_trace_noise5_1000_RIO.xes.gz,1.0,0.0,1,9
,,B100_s1_xi0.05_end_K0.999,Ceravolo,sudden_trace_noise5_1000_RIO.xes.gz,1.0,0.0,1,9
,,B100_s1_xi0.07_end_K0.999,Ceravolo,sudden_trace_noise5_1000_RIO.xes.gz,0.0,,0,9
,,B100_s1_xi0.1_end_K0.999,Ceravolo,sudden_trace_noise5_1000_RIO.xes.gz,0.0,,0,9
,,B100_s1_xi0.01_start_K0.999,Ceravolo,sudden_trace_noise5_1000_RIO.xes.gz,1.0,99.0,1,9
,,B100_s1_xi0.01_mid_K0.999,Ceravolo,sudden_trace_noise5_1000_RIO.xes.gz,1.0,50.0,1,9
,,B100_s1_xi0.01_adaptive_K0.999,Ceravolo,sudden_trace_noise5_1000_RIO.xes.gz,1.0,99.0,1,9
,,B100_s1_xi0.01_refine_K0.999,Ceravolo,sudden_trace_noise5_1000_RIO.xes.gz,1.0,81.0,1,9
,,B100_s2_xi0.01_end_K0.999,Ceravolo,sudden_trace_noise5_1000_RIO.xes.gz,0.666667,100.0,2,7
,,B100_s3_xi0.01_end_K0.999,Ceravolo,sudden_trace_noise5_1000_RIO.xes.gz,0.666667,100.0,2,5
,,B100_s4_xi0.01_end_K0.999,Ceravolo,sudden_trace_noise5_1000_RIO.xes.gz,1.0,0.0,1,3
,,B100_s5_xi0.01_end_K0.999,Ceravolo,sudden_trace_noise5_1000_RIO.xes.gz,1.0,100.0,1,1
,,B25_s1_xi0.01_end_K0.999,Ceravolo,sudden_trace_noise5_1000_RIO.xes.gz,1.0,50.0,1,39
,,B50_s1_xi0.01_end_K0.999,Ceravolo,sudden_trace_noise5_1000_RIO.xes.gz,1.0,50.0,1,19
,,B150_s1_xi0.01_end_K0.999,Ceravolo,sudden_trace_noise5_1000_RIO.xes.gz,1.0,100.0,1,6
,,B200_s1_xi0.01_end_K0.999,Ceravolo,sudden_trace_noise5_1000_RIO.xes.gz,1.0,100.0,1,4
,,B300_s1_xi0.01_end_K0.999,Ceravolo,sudden_trace_noise5_1000_RIO.xes.gz,1.0,100.0,1,3
,,B100_s1_xi0.0_end_K0.999,Ceravolo,sudden_trace_noise5_1000_ROI.xes.gz,1.0,0.0,1,9
,,B100_s1_xi0.005_end_K0.999,Ceravolo,sudden_trace_noise5_1000_ROI.xes.gz,1.0,0.0,1,9
,,B100_s1_xi0.01_end_K0.999,Ceravolo,sudden_trace_noise5_1000_ROI.xes.gz,1.0,0.0,1,9
,,B100_s1_xi0.02_end_K0.999,Ceravolo,sudden_trace_noise5_1000_ROI.xes.gz,1.0,0.0,1,9
,,B100_s1_xi0.03_end_K0.999,Ceravolo,sudden_trace_noise5_1000_ROI.xes.gz,1.0,0.0,1,9
,,B100_s1_xi0.05_end_K0.999,Ceravolo,sudden_trace_noise5_1000_ROI.xes.gz,1.0,0.0,1,9
,,B100_s1_xi0.07_end_K0.999,Ceravolo,sudden_trace_noise5_1000_ROI.xes.gz,1.0,0.0,1,9
,,B100_s1_xi0.1_end_K0.999,Ceravolo,sudden_trace_noise5_1000_ROI.xes.gz,1.0,0.0,1,9
,,B100_s1_xi0.01_start_K0.999,Ceravolo,sudden_trace_noise5_1000_ROI.xes.gz,1.0,99.0,1,9
,,B100_s1_xi0.01_mid_K0.999,Ceravolo,sudden_trace_noise5_1000_ROI.xes.gz,1.0,50.0,1,9
,,B100_s1_xi0.01_adaptive_K0.999,Ceravolo,sudden_trace_noise5_1000_ROI.xes.gz,1.0,0.0,1,9
,,B100_s1_xi0.01_refine_K0.999,Ceravolo,sudden_trace_noise5_1000_ROI.xes.gz,1.0,59.0,1,9
,,B100_s2_xi0.01_end_K0.999,Ceravolo,sudden_trace_noise5_1000_ROI.xes.gz,0.666667,100.0,2,7
,,B100_s3_xi0.01_end_K0.999,Ceravolo,sudden_trace_noise5_1000_ROI.xes.gz,0.666667,100.0,2,5
,,B100_s4_xi0.01_end_K0.999,Ceravolo,sudden_trace_noise5_1000_ROI.xes.gz,1.0,0.0,1,3
,,B100_s5_xi0.01_end_K0.999,Ceravolo,sudden_trace_noise5_1000_ROI.xes.gz,1.0,100.0,1,1
,,B25_s1_xi0.01_end_K0.999,Ceravolo,sudden_trace_noise5_1000_ROI.xes.gz,0.5,25.0,3,39
,,B50_s1_xi0.01_end_K0.999,Ceravolo,sudden_trace_noise5_1000_ROI.xes.gz,0.666667,0.0,2,19
,,B150_s1_xi0.01_end_K0.999,Ceravolo,sudden_trace_noise5_1000_ROI.xes.gz,1.0,100.0,1,6
,,B200_s1_xi0.01_end_K0.999,Ceravolo,sudden_trace_noise5_1000_ROI.xes.gz,1.0,100.0,1,4
,,B300_s1_xi0.01_end_K0.999,Ceravolo,sudden_trace_noise5_1000_ROI.xes.gz,1.0,100.0,1,3
,,B100_s1_xi0.0_end_K0.999,Ceravolo,sudden_trace_noise5_1000_cb.xes.gz,1.0,0.0,1,9
,,B100_s1_xi0.005_end_K0.999,Ceravolo,sudden_trace_noise5_1000_cb.xes.gz,1.0,0.0,1,9
,,B100_s1_xi0.01_end_K0.999,Ceravolo,sudden_trace_noise5_1000_cb.xes.gz,1.0,0.0,1,9
,,B100_s1_xi0.02_end_K0.999,Ceravolo,sudden_trace_noise5_1000_cb.xes.gz,1.0,0.0,1,9
,,B100_s1_xi0.03_end_K0.999,Ceravolo,sudden_trace_noise5_1000_cb.xes.gz,1.0,0.0,1,9
,,B100_s1_xi0.05_end_K0.999,Ceravolo,sudden_trace_noise5_1000_cb.xes.gz,1.0,0.0,1,9
,,B100_s1_xi0.07_end_K0.999,Ceravolo,sudden_trace_noise5_1000_cb.xes.gz,1.0,0.0,1,9
,,B100_s1_xi0.1_end_K0.999,Ceravolo,sudden_trace_noise5_1000_cb.xes.gz,1.0,0.0,1,9
,,B100_s1_xi0.01_start_K0.999,Ceravolo,sudden_trace_noise5_1000_cb.xes.gz,1.0,99.0,1,9
,,B100_s1_xi0.01_mid_K0.999,Ceravolo,sudden_trace_noise5_1000_cb.xes.gz,1.0,50.0,1,9
,,B100_s1_xi0.01_adaptive_K0.999,Ceravolo,sudden_trace_noise5_1000_cb.xes.gz,1.0,99.0,1,9
,,B100_s1_xi0.01_refine_K0.999,Ceravolo,sudden_trace_noise5_1000_cb.xes.gz,1.0,59.0,1,9
,,B100_s2_xi0.01_end_K0.999,Ceravolo,sudden_trace_noise5_1000_cb.xes.gz,0.666667,100.0,2,7
,,B100_s3_xi0.01_end_K0.999,Ceravolo,sudden_trace_noise5_1000_cb.xes.gz,0.666667,100.0,2,5
,,B100_s4_xi0.01_end_K0.999,Ceravolo,sudden_trace_noise5_1000_cb.xes.gz,1.0,0.0,1,3
,,B100_s5_xi0.01_end_K0.999,Ceravolo,sudden_trace_noise5_1000_cb.xes.gz,1.0,100.0,1,1
,,B25_s1_xi0.01_end_K0.999,Ceravolo,sudden_trace_noise5_1000_cb.xes.gz,1.0,50.0,1,39
,,B50_s1_xi0.01_end_K0.999,Ceravolo,sudden_trace_noise5_1000_cb.xes.gz,1.0,0.0,1,19
,,B150_s1_xi0.01_end_K0.999,Ceravolo,sudden_trace_noise5_1000_cb.xes.gz,1.0,100.0,1,6
,,B200_s1_xi0.01_end_K0.999,Ceravolo,sudden_trace_noise5_1000_cb.xes.gz,1.0,100.0,1,4
,,B300_s1_xi0.01_end_K0.999,Ceravolo,sudden_trace_noise5_1000_cb.xes.gz,0.0,,1,3
,,B100_s1_xi0.0_end_K0.999,Ceravolo,sudden_trace_noise5_1000_cd.xes.gz,1.0,0.0,1,9
,,B100_s1_xi0.005_end_K0.999,Ceravolo,sudden_trace_noise5_1000_cd.xes.gz,1.0,0.0,1,9
,,B100_s1_xi0.01_end_K0.999,Ceravolo,sudden_trace_noise5_1000_cd.xes.gz,1.0,0.0,1,9
,,B100_s1_xi0.02_end_K0.999,Ceravolo,sudden_trace_noise5_1000_cd.xes.gz,1.0,0.0,1,9
,,B100_s1_xi0.03_end_K0.999,Ceravolo,sudden_trace_noise5_1000_cd.xes.gz,0.0,,0,9
,,B100_s1_xi0.05_end_K0.999,Ceravolo,sudden_trace_noise5_1000_cd.xes.gz,0.0,,0,9
,,B100_s1_xi0.07_end_K0.999,Ceravolo,sudden_trace_noise5_1000_cd.xes.gz,0.0,,0,9
,,B100_s1_xi0.1_end_K0.999,Ceravolo,sudden_trace_noise5_1000_cd.xes.gz,0.0,,0,9
,,B100_s1_xi0.01_start_K0.999,Ceravolo,sudden_trace_noise5_1000_cd.xes.gz,1.0,99.0,1,9
,,B100_s1_xi0.01_mid_K0.999,Ceravolo,sudden_trace_noise5_1000_cd.xes.gz,1.0,50.0,1,9
,,B100_s1_xi0.01_adaptive_K0.999,Ceravolo,sudden_trace_noise5_1000_cd.xes.gz,1.0,99.0,1,9
,,B100_s1_xi0.01_refine_K0.999,Ceravolo,sudden_trace_noise5_1000_cd.xes.gz,1.0,179.0,1,9
,,B100_s2_xi0.01_end_K0.999,Ceravolo,sudden_trace_noise5_1000_cd.xes.gz,1.0,0.0,1,7
,,B100_s3_xi0.01_end_K0.999,Ceravolo,sudden_trace_noise5_1000_cd.xes.gz,0.0,,0,5
,,B100_s4_xi0.01_end_K0.999,Ceravolo,sudden_trace_noise5_1000_cd.xes.gz,0.0,,0,3
,,B100_s5_xi0.01_end_K0.999,Ceravolo,sudden_trace_noise5_1000_cd.xes.gz,0.0,,0,1
,,B25_s1_xi0.01_end_K0.999,Ceravolo,sudden_trace_noise5_1000_cd.xes.gz,0.666667,25.0,2,39
,,B50_s1_xi0.01_end_K0.999,Ceravolo,sudden_trace_noise5_1000_cd.xes.gz,0.0,,0,19
,,B150_s1_xi0.01_end_K0.999,Ceravolo,sudden_trace_noise5_1000_cd.xes.gz,0.0,,0,6
,,B200_s1_xi0.01_end_K0.999,Ceravolo,sudden_trace_noise5_1000_cd.xes.gz,1.0,100.0,1,4
,,B300_s1_xi0.01_end_K0.999,Ceravolo,sudden_trace_noise5_1000_cd.xes.gz,0.0,,0,3
,,B100_s1_xi0.0_end_K0.999,Ceravolo,sudden_trace_noise5_1000_cf.xes.gz,1.0,100.0,1,9
,,B100_s1_xi0.005_end_K0.999,Ceravolo,sudden_trace_noise5_1000_cf.xes.gz,1.0,100.0,1,9
,,B100_s1_xi0.01_end_K0.999,Ceravolo,sudden_trace_noise5_1000_cf.xes.gz,1.0,100.0,1,9
,,B100_s1_xi0.02_end_K0.999,Ceravolo,sudden_trace_noise5_1000_cf.xes.gz,1.0,100.0,1,9
,,B100_s1_xi0.03_end_K0.999,Ceravolo,sudden_trace_noise5_1000_cf.xes.gz,1.0,100.0,1,9
,,B100_s1_xi0.05_end_K0.999,Ceravolo,sudden_trace_noise5_1000_cf.xes.gz,0.0,,0,9
,,B100_s1_xi0.07_end_K0.999,Ceravolo,sudden_trace_noise5_1000_cf.xes.gz,0.0,,0,9
,,B100_s1_xi0.1_end_K0.999,Ceravolo,sudden_trace_noise5_1000_cf.xes.gz,0.0,,0,9
,,B100_s1_xi0.01_start_K0.999,Ceravolo,sudden_trace_noise5_1000_cf.xes.gz,1.0,1.0,1,9
,,B100_s1_xi0.01_mid_K0.999,Ceravolo,sudden_trace_noise5_1000_cf.xes.gz,1.0,50.0,1,9
,,B100_s1_xi0.01_adaptive_K0.999,Ceravolo,sudden_trace_noise5_1000_cf.xes.gz,1.0,100.0,1,9
,,B100_s1_xi0.01_refine_K0.999,Ceravolo,sudden_trace_noise5_1000_cf.xes.gz,1.0,59.0,1,9
,,B100_s2_xi0.01_end_K0.999,Ceravolo,sudden_trace_noise5_1000_cf.xes.gz,0.666667,100.0,2,7
,,B100_s3_xi0.01_end_K0.999,Ceravolo,sudden_trace_noise5_1000_cf.xes.gz,0.666667,100.0,2,5
,,B100_s4_xi0.01_end_K0.999,Ceravolo,sudden_trace_noise5_1000_cf.xes.gz,1.0,0.0,1,3
,,B100_s5_xi0.01_end_K0.999,Ceravolo,sudden_trace_noise5_1000_cf.xes.gz,1.0,100.0,1,1
,,B25_s1_xi0.01_end_K0.999,Ceravolo,sudden_trace_noise5_1000_cf.xes.gz,1.0,50.0,1,39
,,B50_s1_xi0.01_end_K0.999,Ceravolo,sudden_trace_noise5_1000_cf.xes.gz,1.0,0.0,1,19
,,B150_s1_xi0.01_end_K0.999,Ceravolo,sudden_trace_noise5_1000_cf.xes.gz,1.0,100.0,1,6
,,B200_s1_xi0.01_end_K0.999,Ceravolo,sudden_trace_noise5_1000_cf.xes.gz,0.0,,1,4
,,B300_s1_xi0.01_end_K0.999,Ceravolo,sudden_trace_noise5_1000_cf.xes.gz,0.0,,1,3
,,B100_s1_xi0.0_end_K0.999,Ceravolo,sudden_trace_noise5_1000_cp.xes.gz,1.0,0.0,1,9
,,B100_s1_xi0.005_end_K0.999,Ceravolo,sudden_trace_noise5_1000_cp.xes.gz,1.0,0.0,1,9
,,B100_s1_xi0.01_end_K0.999,Ceravolo,sudden_trace_noise5_1000_cp.xes.gz,1.0,0.0,1,9
,,B100_s1_xi0.02_end_K0.999,Ceravolo,sudden_trace_noise5_1000_cp.xes.gz,1.0,0.0,1,9
,,B100_s1_xi0.03_end_K0.999,Ceravolo,sudden_trace_noise5_1000_cp.xes.gz,1.0,0.0,1,9
,,B100_s1_xi0.05_end_K0.999,Ceravolo,sudden_trace_noise5_1000_cp.xes.gz,1.0,0.0,1,9
,,B100_s1_xi0.07_end_K0.999,Ceravolo,sudden_trace_noise5_1000_cp.xes.gz,1.0,0.0,1,9
,,B100_s1_xi0.1_end_K0.999,Ceravolo,sudden_trace_noise5_1000_cp.xes.gz,1.0,0.0,1,9
,,B100_s1_xi0.01_start_K0.999,Ceravolo,sudden_trace_noise5_1000_cp.xes.gz,1.0,99.0,1,9
,,B100_s1_xi0.01_mid_K0.999,Ceravolo,sudden_trace_noise5_1000_cp.xes.gz,1.0,50.0,1,9
,,B100_s1_xi0.01_adaptive_K0.999,Ceravolo,sudden_trace_noise5_1000_cp.xes.gz,1.0,99.0,1,9
,,B100_s1_xi0.01_refine_K0.999,Ceravolo,sudden_trace_noise5_1000_cp.xes.gz,1.0,59.0,1,9
,,B100_s2_xi0.01_end_K0.999,Ceravolo,sudden_trace_noise5_1000_cp.xes.gz,0.666667,100.0,2,7
,,B100_s3_xi0.01_end_K0.999,Ceravolo,sudden_trace_noise5_1000_cp.xes.gz,0.666667,100.0,2,5
,,B100_s4_xi0.01_end_K0.999,Ceravolo,sudden_trace_noise5_1000_cp.xes.gz,1.0,0.0,1,3
,,B100_s5_xi0.01_end_K0.999,Ceravolo,sudden_trace_noise5_1000_cp.xes.gz,1.0,100.0,1,1
,,B25_s1_xi0.01_end_K0.999,Ceravolo,sudden_trace_noise5_1000_cp.xes.gz,1.0,50.0,1,39
,,B50_s1_xi0.01_end_K0.999,Ceravolo,sudden_trace_noise5_1000_cp.xes.gz,1.0,0.0,1,19
,,B150_s1_xi0.01_end_K0.999,Ceravolo,sudden_trace_noise5_1000_cp.xes.gz,1.0,100.0,1,6
,,B200_s1_xi0.01_end_K0.999,Ceravolo,sudden_trace_noise5_1000_cp.xes.gz,1.0,100.0,1,4
,,B300_s1_xi0.01_end_K0.999,Ceravolo,sudden_trace_noise5_1000_cp.xes.gz,1.0,100.0,1,3
,,B100_s1_xi0.0_end_K0.999,Ceravolo,sudden_trace_noise5_1000_lp.xes.gz,1.0,0.0,1,9
,,B100_s1_xi0.005_end_K0.999,Ceravolo,sudden_trace_noise5_1000_lp.xes.gz,1.0,0.0,1,9
,,B100_s1_xi0.01_end_K0.999,Ceravolo,sudden_trace_noise5_1000_lp.xes.gz,1.0,0.0,1,9
,,B100_s1_xi0.02_end_K0.999,Ceravolo,sudden_trace_noise5_1000_lp.xes.gz,1.0,0.0,1,9
,,B100_s1_xi0.03_end_K0.999,Ceravolo,sudden_trace_noise5_1000_lp.xes.gz,1.0,0.0,1,9
,,B100_s1_xi0.05_end_K0.999,Ceravolo,sudden_trace_noise5_1000_lp.xes.gz,1.0,0.0,1,9
,,B100_s1_xi0.07_end_K0.999,Ceravolo,sudden_trace_noise5_1000_lp.xes.gz,1.0,0.0,1,9
,,B100_s1_xi0.1_end_K0.999,Ceravolo,sudden_trace_noise5_1000_lp.xes.gz,0.0,,0,9
,,B100_s1_xi0.01_start_K0.999,Ceravolo,sudden_trace_noise5_1000_lp.xes.gz,1.0,99.0,1,9
,,B100_s1_xi0.01_mid_K0.999,Ceravolo,sudden_trace_noise5_1000_lp.xes.gz,1.0,50.0,1,9
,,B100_s1_xi0.01_adaptive_K0.999,Ceravolo,sudden_trace_noise5_1000_lp.xes.gz,1.0,0.0,1,9
,,B100_s1_xi0.01_refine_K0.999,Ceravolo,sudden_trace_noise5_1000_lp.xes.gz,1.0,39.0,1,9
,,B100_s2_xi0.01_end_K0.999,Ceravolo,sudden_trace_noise5_1000_lp.xes.gz,0.666667,100.0,2,7
,,B100_s3_xi0.01_end_K0.999,Ceravolo,sudden_trace_noise5_1000_lp.xes.gz,0.666667,100.0,2,5
,,B100_s4_xi0.01_end_K0.999,Ceravolo,sudden_trace_noise5_1000_lp.xes.gz,1.0,0.0,1,3
,,B100_s5_xi0.01_end_K0.999,Ceravolo,sudden_trace_noise5_1000_lp.xes.gz,1.0,100.0,1,1
,,B25_s1_xi0.01_end_K0.999,Ceravolo,sudden_trace_noise5_1000_lp.xes.gz,1.0,50.0,1,39
,,B50_s1_xi0.01_end_K0.999,Ceravolo,sudden_trace_noise5_1000_lp.xes.gz,1.0,0.0,1,19
,,B150_s1_xi0.01_end_K0.999,Ceravolo,sudden_trace_noise5_1000_lp.xes.gz,1.0,100.0,1,6
,,B200_s1_xi0.01_end_K0.999,Ceravolo,sudden_trace_noise5_1000_lp.xes.gz,1.0,100.0,1,4
,,B300_s1_xi0.01_end_K0.999,Ceravolo,sudden_trace_noise5_1000_lp.xes.gz,1.0,100.0,1,3
,,B100_s1_xi0.0_end_K0.999,Ceravolo,sudden_trace_noise5_1000_pl.xes.gz,0.0,,0,9
,,B100_s1_xi0.005_end_K0.999,Ceravolo,sudden_trace_noise5_1000_pl.xes.gz,0.0,,0,9
,,B100_s1_xi0.01_end_K0.999,Ceravolo,sudden_trace_noise5_1000_pl.xes.gz,0.0,,0,9
,,B100_s1_xi0.02_end_K0.999,Ceravolo,sudden_trace_noise5_1000_pl.xes.gz,0.0,,0,9
,,B100_s1_xi0.03_end_K0.999,Ceravolo,sudden_trace_noise5_1000_pl.xes.gz,0.0,,0,9
,,B100_s1_xi0.05_end_K0.999,Ceravolo,sudden_trace_noise5_1000_pl.xes.gz,0.0,,0,9
,,B100_s1_xi0.07_end_K0.999,Ceravolo,sudden_trace_noise5_1000_pl.xes.gz,0.0,,0,9
,,B100_s1_xi0.1_end_K0.999,Ceravolo,sudden_trace_noise5_1000_pl.xes.gz,0.0,,0,9
,,B100_s1_xi0.01_start_K0.999,Ceravolo,sudden_trace_noise5_1000_pl.xes.gz,0.0,,0,9
,,B100_s1_xi0.01_mid_K0.999,Ceravolo,sudden_trace_noise5_1000_pl.xes.gz,0.0,,0,9
,,B100_s1_xi0.01_adaptive_K0.999,Ceravolo,sudden_trace_noise5_1000_pl.xes.gz,0.0,,0,9
,,B100_s1_xi0.01_refine_K0.999,Ceravolo,sudden_trace_noise5_1000_pl.xes.gz,0.0,,0,9
,,B100_s2_xi0.01_end_K0.999,Ceravolo,sudden_trace_noise5_1000_pl.xes.gz,0.0,,0,7
,,B100_s3_xi0.01_end_K0.999,Ceravolo,sudden_trace_noise5_1000_pl.xes.gz,0.0,,0,5
,,B100_s4_xi0.01_end_K0.999,Ceravolo,sudden_trace_noise5_1000_pl.xes.gz,0.0,,0,3
,,B100_s5_xi0.01_end_K0.999,Ceravolo,sudden_trace_noise5_1000_pl.xes.gz,0.0,,0,1
,,B25_s1_xi0.01_end_K0.999,Ceravolo,sudden_trace_noise5_1000_pl.xes.gz,0.0,,0,39
,,B50_s1_xi0.01_end_K0.999,Ceravolo,sudden_trace_noise5_1000_pl.xes.gz,0.0,,0,19
,,B150_s1_xi0.01_end_K0.999,Ceravolo,sudden_trace_noise5_1000_pl.xes.gz,1.0,200.0,1,6
,,B200_s1_xi0.01_end_K0.999,Ceravolo,sudden_trace_noise5_1000_pl.xes.gz,0.0,,0,4
,,B300_s1_xi0.01_end_K0.999,Ceravolo,sudden_trace_noise5_1000_pl.xes.gz,0.0,,0,3
,,B100_s1_xi0.0_end_K0.999,Ceravolo,sudden_trace_noise5_1000_pm.xes.gz,0.666667,0.0,2,9
,,B100_s1_xi0.005_end_K0.999,Ceravolo,sudden_trace_noise5_1000_pm.xes.gz,0.666667,0.0,2,9
,,B100_s1_xi0.01_end_K0.999,Ceravolo,sudden_trace_noise5_1000_pm.xes.gz,0.666667,0.0,2,9
,,B100_s1_xi0.02_end_K0.999,Ceravolo,sudden_trace_noise5_1000_pm.xes.gz,0.666667,0.0,2,9
,,B100_s1_xi0.03_end_K0.999,Ceravolo,sudden_trace_noise5_1000_pm.xes.gz,0.666667,0.0,2,9
,,B100_s1_xi0.05_end_K0.999,Ceravolo,sudden_trace_noise5_1000_pm.xes.gz,0.666667,0.0,2,9
,,B100_s1_xi0.07_end_K0.999,Ceravolo,sudden_trace_noise5_1000_pm.xes.gz,1.0,0.0,1,9
,,B100_s1_xi0.1_end_K0.999,Ceravolo,sudden_trace_noise5_1000_pm.xes.gz,1.0,0.0,1,9
,,B100_s1_xi0.01_start_K0.999,Ceravolo,sudden_trace_noise5_1000_pm.xes.gz,0.666667,99.0,2,9
,,B100_s1_xi0.01_mid_K0.999,Ceravolo,sudden_trace_noise5_1000_pm.xes.gz,0.666667,50.0,2,9
,,B100_s1_xi0.01_adaptive_K0.999,Ceravolo,sudden_trace_noise5_1000_pm.xes.gz,0.666667,99.0,2,9
,,B100_s1_xi0.01_refine_K0.999,Ceravolo,sudden_trace_noise5_1000_pm.xes.gz,0.666667,139.0,2,9
,,B100_s2_xi0.01_end_K0.999,Ceravolo,sudden_trace_noise5_1000_pm.xes.gz,0.666667,100.0,2,7
,,B100_s3_xi0.01_end_K0.999,Ceravolo,sudden_trace_noise5_1000_pm.xes.gz,0.666667,100.0,2,5
,,B100_s4_xi0.01_end_K0.999,Ceravolo,sudden_trace_noise5_1000_pm.xes.gz,1.0,0.0,1,3
,,B100_s5_xi0.01_end_K0.999,Ceravolo,sudden_trace_noise5_1000_pm.xes.gz,1.0,100.0,1,1
,,B25_s1_xi0.01_end_K0.999,Ceravolo,sudden_trace_noise5_1000_pm.xes.gz,1.0,25.0,1,39
,,B50_s1_xi0.01_end_K0.999,Ceravolo,sudden_trace_noise5_1000_pm.xes.gz,1.0,0.0,1,19
,,B150_s1_xi0.01_end_K0.999,Ceravolo,sudden_trace_noise5_1000_pm.xes.gz,1.0,100.0,1,6
,,B200_s1_xi0.01_end_K0.999,Ceravolo,sudden_trace_noise5_1000_pm.xes.gz,1.0,100.0,1,4
,,B300_s1_xi0.01_end_K0.999,Ceravolo,sudden_trace_noise5_1000_pm.xes.gz,0.0,,1,3
,,B100_s1_xi0.0_end_K0.999,Ceravolo,sudden_trace_noise5_1000_re.xes.gz,1.0,0.0,1,9
,,B100_s1_xi0.005_end_K0.999,Ceravolo,sudden_trace_noise5_1000_re.xes.gz,1.0,0.0,1,9
,,B100_s1_xi0.01_end_K0.999,Ceravolo,sudden_trace_noise5_1000_re.xes.gz,1.0,0.0,1,9
,,B100_s1_xi0.02_end_K0.999,Ceravolo,sudden_trace_noise5_1000_re.xes.gz,1.0,0.0,1,9
,,B100_s1_xi0.03_end_K0.999,Ceravolo,sudden_trace_noise5_1000_re.xes.gz,1.0,0.0,1,9
,,B100_s1_xi0.05_end_K0.999,Ceravolo,sudden_trace_noise5_1000_re.xes.gz,1.0,0.0,1,9
,,B100_s1_xi0.07_end_K0.999,Ceravolo,sudden_trace_noise5_1000_re.xes.gz,1.0,0.0,1,9
,,B100_s1_xi0.1_end_K0.999,Ceravolo,sudden_trace_noise5_1000_re.xes.gz,1.0,0.0,1,9
,,B100_s1_xi0.01_start_K0.999,Ceravolo,sudden_trace_noise5_1000_re.xes.gz,1.0,99.0,1,9
,,B100_s1_xi0.01_mid_K0.999,Ceravolo,sudden_trace_noise5_1000_re.xes.gz,1.0,50.0,1,9
,,B100_s1_xi0.01_adaptive_K0.999,Ceravolo,sudden_trace_noise5_1000_re.xes.gz,1.0,99.0,1,9
,,B100_s1_xi0.01_refine_K0.999,Ceravolo,sudden_trace_noise5_1000_re.xes.gz,1.0,59.0,1,9
,,B100_s2_xi0.01_end_K0.999,Ceravolo,sudden_trace_noise5_1000_re.xes.gz,0.666667,100.0,2,7
,,B100_s3_xi0.01_end_K0.999,Ceravolo,sudden_trace_noise5_1000_re.xes.gz,0.666667,100.0,2,5
,,B100_s4_xi0.01_end_K0.999,Ceravolo,sudden_trace_noise5_1000_re.xes.gz,1.0,0.0,1,3
,,B100_s5_xi0.01_end_K0.999,Ceravolo,sudden_trace_noise5_1000_re.xes.gz,1.0,100.0,1,1
,,B25_s1_xi0.01_end_K0.999,Ceravolo,sudden_trace_noise5_1000_re.xes.gz,0.666667,25.0,2,39
,,B50_s1_xi0.01_end_K0.999,Ceravolo,sudden_trace_noise5_1000_re.xes.gz,1.0,0.0,1,19
,,B150_s1_xi0.01_end_K0.999,Ceravolo,sudden_trace_noise5_1000_re.xes.gz,1.0,100.0,1,6
,,B200_s1_xi0.01_end_K0.999,Ceravolo,sudden_trace_noise5_1000_re.xes.gz,1.0,100.0,1,4
,,B300_s1_xi0.01_end_K0.999,Ceravolo,sudden_trace_noise5_1000_re.xes.gz,1.0,100.0,1,3
,,B100_s1_xi0.0_end_K0.999,Ceravolo,sudden_trace_noise5_1000_rp.xes.gz,1.0,0.0,1,9
,,B100_s1_xi0.005_end_K0.999,Ceravolo,sudden_trace_noise5_1000_rp.xes.gz,1.0,0.0,1,9
,,B100_s1_xi0.01_end_K0.999,Ceravolo,sudden_trace_noise5_1000_rp.xes.gz,1.0,0.0,1,9
,,B100_s1_xi0.02_end_K0.999,Ceravolo,sudden_trace_noise5_1000_rp.xes.gz,1.0,0.0,1,9
,,B100_s1_xi0.03_end_K0.999,Ceravolo,sudden_trace_noise5_1000_rp.xes.gz,1.0,0.0,1,9
,,B100_s1_xi0.05_end_K0.999,Ceravolo,sudden_trace_noise5_1000_rp.xes.gz,1.0,0.0,1,9
,,B100_s1_xi0.07_end_K0.999,Ceravolo,sudden_trace_noise5_1000_rp.xes.gz,1.0,0.0,1,9
,,B100_s1_xi0.1_end_K0.999,Ceravolo,sudden_trace_noise5_1000_rp.xes.gz,1.0,0.0,1,9
,,B100_s1_xi0.01_start_K0.999,Ceravolo,sudden_trace_noise5_1000_rp.xes.gz,1.0,99.0,1,9
,,B100_s1_xi0.01_mid_K0.999,Ceravolo,sudden_trace_noise5_1000_rp.xes.gz,1.0,50.0,1,9
,,B100_s1_xi0.01_adaptive_K0.999,Ceravolo,sudden_trace_noise5_1000_rp.xes.gz,1.0,0.0,1,9
,,B100_s1_xi0.01_refine_K0.999,Ceravolo,sudden_trace_noise5_1000_rp.xes.gz,1.0,59.0,1,9
,,B100_s2_xi0.01_end_K0.999,Ceravolo,sudden_trace_noise5_1000_rp.xes.gz,0.666667,100.0,2,7
,,B100_s3_xi0.01_end_K0.999,Ceravolo,sudden_trace_noise5_1000_rp.xes.gz,0.666667,100.0,2,5
,,B100_s4_xi0.01_end_K0.999,Ceravolo,sudden_trace_noise5_1000_rp.xes.gz,1.0,0.0,1,3
,,B100_s5_xi0.01_end_K0.999,Ceravolo,sudden_trace_noise5_1000_rp.xes.gz,1.0,100.0,1,1
,,B25_s1_xi0.01_end_K0.999,Ceravolo,sudden_trace_noise5_1000_rp.xes.gz,1.0,50.0,1,39
,,B50_s1_xi0.01_end_K0.999,Ceravolo,sudden_trace_noise5_1000_rp.xes.gz,1.0,0.0,1,19
,,B150_s1_xi0.01_end_K0.999,Ceravolo,sudden_trace_noise5_1000_rp.xes.gz,1.0,100.0,1,6
,,B200_s1_xi0.01_end_K0.999,Ceravolo,sudden_trace_noise5_1000_rp.xes.gz,1.0,100.0,1,4
,,B300_s1_xi0.01_end_K0.999,Ceravolo,sudden_trace_noise5_1000_rp.xes.gz,0.0,,1,3
,,B100_s1_xi0.0_end_K0.999,Ceravolo,sudden_trace_noise5_1000_sw.xes.gz,1.0,0.0,1,9
,,B100_s1_xi0.005_end_K0.999,Ceravolo,sudden_trace_noise5_1000_sw.xes.gz,1.0,0.0,1,9
,,B100_s1_xi0.01_end_K0.999,Ceravolo,sudden_trace_noise5_1000_sw.xes.gz,1.0,0.0,1,9
,,B100_s1_xi0.02_end_K0.999,Ceravolo,sudden_trace_noise5_1000_sw.xes.gz,1.0,0.0,1,9
,,B100_s1_xi0.03_end_K0.999,Ceravolo,sudden_trace_noise5_1000_sw.xes.gz,1.0,0.0,1,9
,,B100_s1_xi0.05_end_K0.999,Ceravolo,sudden_trace_noise5_1000_sw.xes.gz,1.0,0.0,1,9
,,B100_s1_xi0.07_end_K0.999,Ceravolo,sudden_trace_noise5_1000_sw.xes.gz,1.0,0.0,1,9
,,B100_s1_xi0.1_end_K0.999,Ceravolo,sudden_trace_noise5_1000_sw.xes.gz,1.0,0.0,1,9
,,B100_s1_xi0.01_start_K0.999,Ceravolo,sudden_trace_noise5_1000_sw.xes.gz,1.0,99.0,1,9
,,B100_s1_xi0.01_mid_K0.999,Ceravolo,sudden_trace_noise5_1000_sw.xes.gz,1.0,50.0,1,9
,,B100_s1_xi0.01_adaptive_K0.999,Ceravolo,sudden_trace_noise5_1000_sw.xes.gz,1.0,0.0,1,9
,,B100_s1_xi0.01_refine_K0.999,Ceravolo,sudden_trace_noise5_1000_sw.xes.gz,1.0,59.0,1,9
,,B100_s2_xi0.01_end_K0.999,Ceravolo,sudden_trace_noise5_1000_sw.xes.gz,0.666667,100.0,2,7
,,B100_s3_xi0.01_end_K0.999,Ceravolo,sudden_trace_noise5_1000_sw.xes.gz,0.666667,100.0,2,5
,,B100_s4_xi0.01_end_K0.999,Ceravolo,sudden_trace_noise5_1000_sw.xes.gz,1.0,0.0,1,3
,,B100_s5_xi0.01_end_K0.999,Ceravolo,sudden_trace_noise5_1000_sw.xes.gz,1.0,100.0,1,1
,,B25_s1_xi0.01_end_K0.999,Ceravolo,sudden_trace_noise5_1000_sw.xes.gz,0.5,50.0,3,39
,,B50_s1_xi0.01_end_K0.999,Ceravolo,sudden_trace_noise5_1000_sw.xes.gz,1.0,0.0,1,19
,,B150_s1_xi0.01_end_K0.999,Ceravolo,sudden_trace_noise5_1000_sw.xes.gz,1.0,100.0,1,6
,,B200_s1_xi0.01_end_K0.999,Ceravolo,sudden_trace_noise5_1000_sw.xes.gz,0.0,,1,4
,,B300_s1_xi0.01_end_K0.999,Ceravolo,sudden_trace_noise5_1000_sw.xes.gz,0.0,,1,3
,,B100_s1_xi0.0_end_K0.999,Ostovar,Atomic_ConditionalMove_output_ConditionalMove.xes.gz,0.571429,0.0,5,29
,,B100_s1_xi0.005_end_K0.999,Ostovar,Atomic_ConditionalMove_output_ConditionalMove.xes.gz,0.666667,0.0,4,29
,,B100_s1_xi0.01_end_K0.999,Ostovar,Atomic_ConditionalMove_output_ConditionalMove.xes.gz,0.8,0.0,3,29
,,B100_s1_xi0.02_end_K0.999,Ostovar,Atomic_ConditionalMove_output_ConditionalMove.xes.gz,1.0,0.0,2,29
,,B100_s1_xi0.03_end_K0.999,Ostovar,Atomic_ConditionalMove_output_ConditionalMove.xes.gz,1.0,0.0,2,29
,,B100_s1_xi0.05_end_K0.999,Ostovar,Atomic_ConditionalMove_output_ConditionalMove.xes.gz,1.0,0.0,2,29
,,B100_s1_xi0.07_end_K0.999,Ostovar,Atomic_ConditionalMove_output_ConditionalMove.xes.gz,1.0,0.0,2,29
,,B100_s1_xi0.1_end_K0.999,Ostovar,Atomic_ConditionalMove_output_ConditionalMove.xes.gz,1.0,0.0,2,29
,,B100_s1_xi0.01_start_K0.999,Ostovar,Atomic_ConditionalMove_output_ConditionalMove.xes.gz,0.8,99.0,3,29
,,B100_s1_xi0.01_mid_K0.999,Ostovar,Atomic_ConditionalMove_output_ConditionalMove.xes.gz,0.8,50.0,3,29
,,B100_s1_xi0.01_adaptive_K0.999,Ostovar,Atomic_ConditionalMove_output_ConditionalMove.xes.gz,0.8,99.0,3,29
,,B100_s1_xi0.01_refine_K0.999,Ostovar,Atomic_ConditionalMove_output_ConditionalMove.xes.gz,0.8,59.0,3,29
,,B100_s2_xi0.01_end_K0.999,Ostovar,Atomic_ConditionalMove_output_ConditionalMove.xes.gz,0.571429,0.0,5,27
,,B100_s3_xi0.01_end_K0.999,Ostovar,Atomic_ConditionalMove_output_ConditionalMove.xes.gz,0.666667,50.0,4,25
,,B100_s4_xi0.01_end_K0.999,Ostovar,Atomic_ConditionalMove_output_ConditionalMove.xes.gz,0.666667,100.0,4,23
,,B100_s5_xi0.01_end_K0.999,Ostovar,Atomic_ConditionalMove_output_ConditionalMove.xes.gz,0.666667,100.0,4,21
,,B25_s1_xi0.01_end_K0.999,Ostovar,Atomic_ConditionalMove_output_ConditionalMove.xes.gz,0.8,37.5,3,119
,,B50_s1_xi0.01_end_K0.999,Ostovar,Atomic_ConditionalMove_output_ConditionalMove.xes.gz,0.666667,0.0,4,59
,,B150_s1_xi0.01_end_K0.999,Ostovar,Atomic_ConditionalMove_output_ConditionalMove.xes.gz,0.8,75.0,3,19
,,B200_s1_xi0.01_end_K0.999,Ostovar,Atomic_ConditionalMove_output_ConditionalMove.xes.gz,1.0,200.0,2,14
,,B300_s1_xi0.01_end_K0.999,Ostovar,Atomic_ConditionalMove_output_ConditionalMove.xes.gz,1.0,150.0,2,9
,,B100_s1_xi0.0_end_K0.999,Ostovar,Atomic_ConditionalMove_output_ConditionalMove_2.xes.gz,0.4,0.0,8,29
,,B100_s1_xi0.005_end_K0.999,Ostovar,Atomic_ConditionalMove_output_ConditionalMove_2.xes.gz,0.8,0.0,3,29
,,B100_s1_xi0.01_end_K0.999,Ostovar,Atomic_ConditionalMove_output_ConditionalMove_2.xes.gz,1.0,0.0,2,29
,,B100_s1_xi0.02_end_K0.999,Ostovar,Atomic_ConditionalMove_output_ConditionalMove_2.xes.gz,1.0,0.0,2,29
,,B100_s1_xi0.03_end_K0.999,Ostovar,Atomic_ConditionalMove_output_ConditionalMove_2.xes.gz,1.0,0.0,2,29
,,B100_s1_xi0.05_end_K0.999,Ostovar,Atomic_ConditionalMove_output_ConditionalMove_2.xes.gz,0.0,,0,29
,,B100_s1_xi0.07_end_K0.999,Ostovar,Atomic_ConditionalMove_output_ConditionalMove_2.xes.gz,0.0,,0,29
,,B100_s1_xi0.1_end_K0.999,Ostovar,Atomic_ConditionalMove_output_ConditionalMove_2.xes.gz,0.0,,0,29
,,B100_s1_xi0.01_start_K0.999,Ostovar,Atomic_ConditionalMove_output_ConditionalMove_2.xes.gz,1.0,99.0,2,29
,,B100_s1_xi0.01_mid_K0.999,Ostovar,Atomic_ConditionalMove_output_ConditionalMove_2.xes.gz,1.0,50.0,2,29
,,B100_s1_xi0.01_adaptive_K0.999,Ostovar,Atomic_ConditionalMove_output_ConditionalMove_2.xes.gz,1.0,99.0,2,29
,,B100_s1_xi0.01_refine_K0.999,Ostovar,Atomic_ConditionalMove_output_ConditionalMove_2.xes.gz,1.0,59.0,2,29
,,B100_s2_xi0.01_end_K0.999,Ostovar,Atomic_ConditionalMove_output_ConditionalMove_2.xes.gz,0.8,0.0,3,27
,,B100_s3_xi0.01_end_K0.999,Ostovar,Atomic_ConditionalMove_output_ConditionalMove_2.xes.gz,0.8,0.0,3,25
,,B100_s4_xi0.01_end_K0.999,Ostovar,Atomic_ConditionalMove_output_ConditionalMove_2.xes.gz,0.666667,100.0,4,23
,,B100_s5_xi0.01_end_K0.999,Ostovar,Atomic_ConditionalMove_output_ConditionalMove_2.xes.gz,0.8,100.0,3,21
,,B25_s1_xi0.01_end_K0.999,Ostovar,Atomic_ConditionalMove_output_ConditionalMove_2.xes.gz,0.666667,25.0,1,119
,,B50_s1_xi0.01_end_K0.999,Ostovar,Atomic_ConditionalMove_output_ConditionalMove_2.xes.gz,1.0,0.0,2,59
,,B150_s1_xi0.01_end_K0.999,Ostovar,Atomic_ConditionalMove_output_ConditionalMove_2.xes.gz,1.0,75.0,2,19
,,B200_s1_xi0.01_end_K0.999,Ostovar,Atomic_ConditionalMove_output_ConditionalMove_2.xes.gz,1.0,200.0,2,14
,,B300_s1_xi0.01_end_K0.999,Ostovar,Atomic_ConditionalMove_output_ConditionalMove_2.xes.gz,1.0,150.0,2,9
,,B100_s1_xi0.0_end_K0.999,Ostovar,Atomic_ConditionalMove_output_ConditionalMove_5.xes.gz,0.4,0.0,8,29
,,B100_s1_xi0.005_end_K0.999,Ostovar,Atomic_ConditionalMove_output_ConditionalMove_5.xes.gz,1.0,0.0,2,29
,,B100_s1_xi0.01_end_K0.999,Ostovar,Atomic_ConditionalMove_output_ConditionalMove_5.xes.gz,1.0,0.0,2,29
,,B100_s1_xi0.02_end_K0.999,Ostovar,Atomic_ConditionalMove_output_ConditionalMove_5.xes.gz,1.0,0.0,2,29
,,B100_s1_xi0.03_end_K0.999,Ostovar,Atomic_ConditionalMove_output_ConditionalMove_5.xes.gz,1.0,0.0,2,29
,,B100_s1_xi0.05_end_K0.999,Ostovar,Atomic_ConditionalMove_output_ConditionalMove_5.xes.gz,0.0,,0,29
,,B100_s1_xi0.07_end_K0.999,Ostovar,Atomic_ConditionalMove_output_ConditionalMove_5.xes.gz,0.0,,0,29
,,B100_s1_xi0.1_end_K0.999,Ostovar,Atomic_ConditionalMove_output_ConditionalMove_5.xes.gz,0.0,,0,29
,,B100_s1_xi0.01_start_K0.999,Ostovar,Atomic_ConditionalMove_output_ConditionalMove_5.xes.gz,1.0,99.0,2,29
,,B100_s1_xi0.01_mid_K0.999,Ostovar,Atomic_ConditionalMove_output_ConditionalMove_5.xes.gz,1.0,50.0,2,29
,,B100_s1_xi0.01_adaptive_K0.999,Ostovar,Atomic_ConditionalMove_output_ConditionalMove_5.xes.gz,1.0,99.0,2,29
,,B100_s1_xi0.01_refine_K0.999,Ostovar,Atomic_ConditionalMove_output_ConditionalMove_5.xes.gz,1.0,59.0,2,29
,,B100_s2_xi0.01_end_K0.999,Ostovar,Atomic_ConditionalMove_output_ConditionalMove_5.xes.gz,0.666667,50.0,4,27
,,B100_s3_xi0.01_end_K0.999,Ostovar,Atomic_ConditionalMove_output_ConditionalMove_5.xes.gz,0.8,0.0,3,25
,,B100_s4_xi0.01_end_K0.999,Ostovar,Atomic_ConditionalMove_output_ConditionalMove_5.xes.gz,0.8,100.0,3,23
,,B100_s5_xi0.01_end_K0.999,Ostovar,Atomic_ConditionalMove_output_ConditionalMove_5.xes.gz,0.8,100.0,3,21
,,B25_s1_xi0.01_end_K0.999,Ostovar,Atomic_ConditionalMove_output_ConditionalMove_5.xes.gz,0.666667,25.0,1,119
,,B50_s1_xi0.01_end_K0.999,Ostovar,Atomic_ConditionalMove_output_ConditionalMove_5.xes.gz,1.0,0.0,2,59
,,B150_s1_xi0.01_end_K0.999,Ostovar,Atomic_ConditionalMove_output_ConditionalMove_5.xes.gz,1.0,75.0,2,19
,,B200_s1_xi0.01_end_K0.999,Ostovar,Atomic_ConditionalMove_output_ConditionalMove_5.xes.gz,1.0,200.0,2,14
,,B300_s1_xi0.01_end_K0.999,Ostovar,Atomic_ConditionalMove_output_ConditionalMove_5.xes.gz,1.0,150.0,2,9
,,B100_s1_xi0.0_end_K0.999,Ostovar,Atomic_ConditionalRemoval_output_ConditionalRemoval.xes.gz,0.571429,0.0,5,29
,,B100_s1_xi0.005_end_K0.999,Ostovar,Atomic_ConditionalRemoval_output_ConditionalRemoval.xes.gz,0.666667,0.0,4,29
,,B100_s1_xi0.01_end_K0.999,Ostovar,Atomic_ConditionalRemoval_output_ConditionalRemoval.xes.gz,0.666667,0.0,4,29
,,B100_s1_xi0.02_end_K0.999,Ostovar,Atomic_ConditionalRemoval_output_ConditionalRemoval.xes.gz,0.8,0.0,3,29
,,B100_s1_xi0.03_end_K0.999,Ostovar,Atomic_ConditionalRemoval_output_ConditionalRemoval.xes.gz,1.0,0.0,2,29
,,B100_s1_xi0.05_end_K0.999,Ostovar,Atomic_ConditionalRemoval_output_ConditionalRemoval.xes.gz,1.0,0.0,2,29
,,B100_s1_xi0.07_end_K0.999,Ostovar,Atomic_ConditionalRemoval_output_ConditionalRemoval.xes.gz,1.0,0.0,2,29
,,B100_s1_xi0.1_end_K0.999,Ostovar,Atomic_ConditionalRemoval_output_ConditionalRemoval.xes.gz,1.0,0.0,2,29
,,B100_s1_xi0.01_start_K0.999,Ostovar,Atomic_ConditionalRemoval_output_ConditionalRemoval.xes.gz,0.666667,99.0,4,29
,,B100_s1_xi0.01_mid_K0.999,Ostovar,Atomic_ConditionalRemoval_output_ConditionalRemoval.xes.gz,0.666667,50.0,4,29
,,B100_s1_xi0.01_adaptive_K0.999,Ostovar,Atomic_ConditionalRemoval_output_ConditionalRemoval.xes.gz,0.666667,99.0,4,29
,,B100_s1_xi0.01_refine_K0.999,Ostovar,Atomic_ConditionalRemoval_output_ConditionalRemoval.xes.gz,0.666667,109.0,4,29
,,B100_s2_xi0.01_end_K0.999,Ostovar,Atomic_ConditionalRemoval_output_ConditionalRemoval.xes.gz,0.444444,100.0,7,27
,,B100_s3_xi0.01_end_K0.999,Ostovar,Atomic_ConditionalRemoval_output_ConditionalRemoval.xes.gz,0.5,100.0,6,25
,,B100_s4_xi0.01_end_K0.999,Ostovar,Atomic_ConditionalRemoval_output_ConditionalRemoval.xes.gz,0.571429,100.0,5,23
,,B100_s5_xi0.01_end_K0.999,Ostovar,Atomic_ConditionalRemoval_output_ConditionalRemoval.xes.gz,0.666667,100.0,4,21
,,B25_s1_xi0.01_end_K0.999,Ostovar,Atomic_ConditionalRemoval_output_ConditionalRemoval.xes.gz,0.571429,37.5,5,119
,,B50_s1_xi0.01_end_K0.999,Ostovar,Atomic_ConditionalRemoval_output_ConditionalRemoval.xes.gz,0.8,25.0,3,59
,,B150_s1_xi0.01_end_K0.999,Ostovar,Atomic_ConditionalRemoval_output_ConditionalRemoval.xes.gz,1.0,75.0,2,19
,,B200_s1_xi0.01_end_K0.999,Ostovar,Atomic_ConditionalRemoval_output_ConditionalRemoval.xes.gz,0.8,200.0,3,14
,,B300_s1_xi0.01_end_K0.999,Ostovar,Atomic_ConditionalRemoval_output_ConditionalRemoval.xes.gz,1.0,150.0,2,9
,,B100_s1_xi0.0_end_K0.999,Ostovar,Atomic_ConditionalRemoval_output_ConditionalRemoval_2.xes.gz,0.444444,0.0,7,29
,,B100_s1_xi0.005_end_K0.999,Ostovar,Atomic_ConditionalRemoval_output_ConditionalRemoval_2.xes.gz,0.8,0.0,3,29
,,B100_s1_xi0.01_end_K0.999,Ostovar,Atomic_ConditionalRemoval_output_ConditionalRemoval_2.xes.gz,1.0,0.0,2,29
,,B100_s1_xi0.02_end_K0.999,Ostovar,Atomic_ConditionalRemoval_output_ConditionalRemoval_2.xes.gz,1.0,0.0,2,29
,,B100_s1_xi0.03_end_K0.999,Ostovar,Atomic_ConditionalRemoval_output_ConditionalRemoval_2.xes.gz,1.0,0.0,2,29
,,B100_s1_xi0.05_end_K0.999,Ostovar,Atomic_ConditionalRemoval_output_ConditionalRemoval_2.xes.gz,0.0,,0,29
,,B100_s1_xi0.07_end_K0.999,Ostovar,Atomic_ConditionalRemoval_output_ConditionalRemoval_2.xes.gz,0.0,,0,29
,,B100_s1_xi0.1_end_K0.999,Ostovar,Atomic_ConditionalRemoval_output_ConditionalRemoval_2.xes.gz,0.0,,0,29
,,B100_s1_xi0.01_start_K0.999,Ostovar,Atomic_ConditionalRemoval_output_ConditionalRemoval_2.xes.gz,1.0,99.0,2,29
,,B100_s1_xi0.01_mid_K0.999,Ostovar,Atomic_ConditionalRemoval_output_ConditionalRemoval_2.xes.gz,1.0,50.0,2,29
,,B100_s1_xi0.01_adaptive_K0.999,Ostovar,Atomic_ConditionalRemoval_output_ConditionalRemoval_2.xes.gz,1.0,99.0,2,29
,,B100_s1_xi0.01_refine_K0.999,Ostovar,Atomic_ConditionalRemoval_output_ConditionalRemoval_2.xes.gz,1.0,109.0,2,29
,,B100_s2_xi0.01_end_K0.999,Ostovar,Atomic_ConditionalRemoval_output_ConditionalRemoval_2.xes.gz,0.666667,100.0,4,27
,,B100_s3_xi0.01_end_K0.999,Ostovar,Atomic_ConditionalRemoval_output_ConditionalRemoval_2.xes.gz,0.666667,100.0,4,25
,,B100_s4_xi0.01_end_K0.999,Ostovar,Atomic_ConditionalRemoval_output_ConditionalRemoval_2.xes.gz,0.666667,100.0,4,23
,,B100_s5_xi0.01_end_K0.999,Ostovar,Atomic_ConditionalRemoval_output_ConditionalRemoval_2.xes.gz,0.8,100.0,3,21
,,B25_s1_xi0.01_end_K0.999,Ostovar,Atomic_ConditionalRemoval_output_ConditionalRemoval_2.xes.gz,0.5,25.0,2,119
,,B50_s1_xi0.01_end_K0.999,Ostovar,Atomic_ConditionalRemoval_output_ConditionalRemoval_2.xes.gz,0.8,0.0,3,59
,,B150_s1_xi0.01_end_K0.999,Ostovar,Atomic_ConditionalRemoval_output_ConditionalRemoval_2.xes.gz,1.0,75.0,2,19
,,B200_s1_xi0.01_end_K0.999,Ostovar,Atomic_ConditionalRemoval_output_ConditionalRemoval_2.xes.gz,1.0,200.0,2,14
,,B300_s1_xi0.01_end_K0.999,Ostovar,Atomic_ConditionalRemoval_output_ConditionalRemoval_2.xes.gz,1.0,150.0,2,9
,,B100_s1_xi0.0_end_K0.999,Ostovar,Atomic_ConditionalRemoval_output_ConditionalRemoval_5.xes.gz,0.4,50.0,8,29
,,B100_s1_xi0.005_end_K0.999,Ostovar,Atomic_ConditionalRemoval_output_ConditionalRemoval_5.xes.gz,0.8,50.0,3,29
,,B100_s1_xi0.01_end_K0.999,Ostovar,Atomic_ConditionalRemoval_output_ConditionalRemoval_5.xes.gz,1.0,50.0,2,29
,,B100_s1_xi0.02_end_K0.999,Ostovar,Atomic_ConditionalRemoval_output_ConditionalRemoval_5.xes.gz,1.0,50.0,2,29
,,B100_s1_xi0.03_end_K0.999,Ostovar,Atomic_ConditionalRemoval_output_ConditionalRemoval_5.xes.gz,1.0,50.0,2,29
,,B100_s1_xi0.05_end_K0.999,Ostovar,Atomic_ConditionalRemoval_output_ConditionalRemoval_5.xes.gz,0.666667,0.0,1,29
,,B100_s1_xi0.07_end_K0.999,Ostovar,Atomic_ConditionalRemoval_output_ConditionalRemoval_5.xes.gz,0.0,,0,29
,,B100_s1_xi0.1_end_K0.999,Ostovar,Atomic_ConditionalRemoval_output_ConditionalRemoval_5.xes.gz,0.0,,0,29
,,B100_s1_xi0.01_start_K0.999,Ostovar,Atomic_ConditionalRemoval_output_ConditionalRemoval_5.xes.gz,1.0,50.0,2,29
,,B100_s1_xi0.01_mid_K0.999,Ostovar,Atomic_ConditionalRemoval_output_ConditionalRemoval_5.xes.gz,1.0,50.0,2,29
,,B100_s1_xi0.01_adaptive_K0.999,Ostovar,Atomic_ConditionalRemoval_output_ConditionalRemoval_5.xes.gz,1.0,0.5,2,29
,,B100_s1_xi0.01_refine_K0.999,Ostovar,Atomic_ConditionalRemoval_output_ConditionalRemoval_5.xes.gz,1.0,59.0,2,29
,,B100_s2_xi0.01_end_K0.999,Ostovar,Atomic_ConditionalRemoval_output_ConditionalRemoval_5.xes.gz,0.666667,50.0,4,27
,,B100_s3_xi0.01_end_K0.999,Ostovar,Atomic_ConditionalRemoval_output_ConditionalRemoval_5.xes.gz,0.666667,50.0,4,25
,,B100_s4_xi0.01_end_K0.999,Ostovar,Atomic_ConditionalRemoval_output_ConditionalRemoval_5.xes.gz,0.666667,100.0,4,23
,,B100_s5_xi0.01_end_K0.999,Ostovar,Atomic_ConditionalRemoval_output_ConditionalRemoval_5.xes.gz,0.666667,100.0,4,21
,,B25_s1_xi0.01_end_K0.999,Ostovar,Atomic_ConditionalRemoval_output_ConditionalRemoval_5.xes.gz,0.8,50.0,3,119
,,B50_s1_xi0.01_end_K0.999,Ostovar,Atomic_ConditionalRemoval_output_ConditionalRemoval_5.xes.gz,1.0,0.0,2,59
,,B150_s1_xi0.01_end_K0.999,Ostovar,Atomic_ConditionalRemoval_output_ConditionalRemoval_5.xes.gz,1.0,75.0,2,19
,,B200_s1_xi0.01_end_K0.999,Ostovar,Atomic_ConditionalRemoval_output_ConditionalRemoval_5.xes.gz,1.0,200.0,2,14
,,B300_s1_xi0.01_end_K0.999,Ostovar,Atomic_ConditionalRemoval_output_ConditionalRemoval_5.xes.gz,1.0,150.0,2,9
,,B100_s1_xi0.0_end_K0.999,Ostovar,Atomic_ConditionalToSequence_output_ConditionalToSequence.xes.gz,0.571429,0.0,5,29
,,B100_s1_xi0.005_end_K0.999,Ostovar,Atomic_ConditionalToSequence_output_ConditionalToSequence.xes.gz,0.666667,0.0,4,29
,,B100_s1_xi0.01_end_K0.999,Ostovar,Atomic_ConditionalToSequence_output_ConditionalToSequence.xes.gz,1.0,0.0,2,29
,,B100_s1_xi0.02_end_K0.999,Ostovar,Atomic_ConditionalToSequence_output_ConditionalToSequence.xes.gz,1.0,0.0,2,29
,,B100_s1_xi0.03_end_K0.999,Ostovar,Atomic_ConditionalToSequence_output_ConditionalToSequence.xes.gz,1.0,0.0,2,29
,,B100_s1_xi0.05_end_K0.999,Ostovar,Atomic_ConditionalToSequence_output_ConditionalToSequence.xes.gz,1.0,0.0,2,29
,,B100_s1_xi0.07_end_K0.999,Ostovar,Atomic_ConditionalToSequence_output_ConditionalToSequence.xes.gz,1.0,0.0,2,29
,,B100_s1_xi0.1_end_K0.999,Ostovar,Atomic_ConditionalToSequence_output_ConditionalToSequence.xes.gz,1.0,0.0,2,29
,,B100_s1_xi0.01_start_K0.999,Ostovar,Atomic_ConditionalToSequence_output_ConditionalToSequence.xes.gz,1.0,99.0,2,29
,,B100_s1_xi0.01_mid_K0.999,Ostovar,Atomic_ConditionalToSequence_output_ConditionalToSequence.xes.gz,1.0,50.0,2,29
,,B100_s1_xi0.01_adaptive_K0.999,Ostovar,Atomic_ConditionalToSequence_output_ConditionalToSequence.xes.gz,1.0,49.5,2,29
,,B100_s1_xi0.01_refine_K0.999,Ostovar,Atomic_ConditionalToSequence_output_ConditionalToSequence.xes.gz,1.0,49.0,2,29
,,B100_s2_xi0.01_end_K0.999,Ostovar,Atomic_ConditionalToSequence_output_ConditionalToSequence.xes.gz,0.5,100.0,6,27
,,B100_s3_xi0.01_end_K0.999,Ostovar,Atomic_ConditionalToSequence_output_ConditionalToSequence.xes.gz,0.571429,100.0,5,25
,,B100_s4_xi0.01_end_K0.999,Ostovar,Atomic_ConditionalToSequence_output_ConditionalToSequence.xes.gz,0.571429,100.0,5,23
,,B100_s5_xi0.01_end_K0.999,Ostovar,Atomic_ConditionalToSequence_output_ConditionalToSequence.xes.gz,0.666667,100.0,4,21
,,B25_s1_xi0.01_end_K0.999,Ostovar,Atomic_ConditionalToSequence_output_ConditionalToSequence.xes.gz,0.4,37.5,8,119
,,B50_s1_xi0.01_end_K0.999,Ostovar,Atomic_ConditionalToSequence_output_ConditionalToSequence.xes.gz,0.8,0.0,3,59
,,B150_s1_xi0.01_end_K0.999,Ostovar,Atomic_ConditionalToSequence_output_ConditionalToSequence.xes.gz,0.8,75.0,3,19
,,B200_s1_xi0.01_end_K0.999,Ostovar,Atomic_ConditionalToSequence_output_ConditionalToSequence.xes.gz,0.8,200.0,3,14
,,B300_s1_xi0.01_end_K0.999,Ostovar,Atomic_ConditionalToSequence_output_ConditionalToSequence.xes.gz,1.0,150.0,2,9
,,B100_s1_xi0.0_end_K0.999,Ostovar,Atomic_ConditionalToSequence_output_ConditionalToSequence_2.xes.gz,0.444444,50.0,7,29
,,B100_s1_xi0.005_end_K0.999,Ostovar,Atomic_ConditionalToSequence_output_ConditionalToSequence_2.xes.gz,0.8,50.0,3,29
,,B100_s1_xi0.01_end_K0.999,Ostovar,Atomic_ConditionalToSequence_output_ConditionalToSequence_2.xes.gz,1.0,50.0,2,29
,,B100_s1_xi0.02_end_K0.999,Ostovar,Atomic_ConditionalToSequence_output_ConditionalToSequence_2.xes.gz,1.0,50.0,2,29
,,B100_s1_xi0.03_end_K0.999,Ostovar,Atomic_ConditionalToSequence_output_ConditionalToSequence_2.xes.gz,1.0,50.0,2,29
,,B100_s1_xi0.05_end_K0.999,Ostovar,Atomic_ConditionalToSequence_output_ConditionalToSequence_2.xes.gz,1.0,50.0,2,29
,,B100_s1_xi0.07_end_K0.999,Ostovar,Atomic_ConditionalToSequence_output_ConditionalToSequence_2.xes.gz,0.0,,0,29
,,B100_s1_xi0.1_end_K0.999,Ostovar,Atomic_ConditionalToSequence_output_ConditionalToSequence_2.xes.gz,0.0,,0,29
,,B100_s1_xi0.01_start_K0.999,Ostovar,Atomic_ConditionalToSequence_output_ConditionalToSequence_2.xes.gz,1.0,50.0,2,29
,,B100_s1_xi0.01_mid_K0.999,Ostovar,Atomic_ConditionalToSequence_output_ConditionalToSequence_2.xes.gz,1.0,50.0,2,29
,,B100_s1_xi0.01_adaptive_K0.999,Ostovar,Atomic_ConditionalToSequence_output_ConditionalToSequence_2.xes.gz,1.0,50.0,2,29
,,B100_s1_xi0.01_refine_K0.999,Ostovar,Atomic_ConditionalToSequence_output_ConditionalToSequence_2.xes.gz,1.0,59.0,2,29
,,B100_s2_xi0.01_end_K0.999,Ostovar,Atomic_ConditionalToSequence_output_ConditionalToSequence_2.xes.gz,0.666667,0.0,4,27
,,B100_s3_xi0.01_end_K0.999,Ostovar,Atomic_ConditionalToSequence_output_ConditionalToSequence_2.xes.gz,0.666667,50.0,4,25
,,B100_s4_xi0.01_end_K0.999,Ostovar,Atomic_ConditionalToSequence_output_ConditionalToSequence_2.xes.gz,0.666667,100.0,4,23
,,B100_s5_xi0.01_end_K0.999,Ostovar,Atomic_ConditionalToSequence_output_ConditionalToSequence_2.xes.gz,0.8,100.0,3,21
,,B25_s1_xi0.01_end_K0.999,Ostovar,Atomic_ConditionalToSequence_output_ConditionalToSequence_2.xes.gz,0.8,37.5,3,119
,,B50_s1_xi0.01_end_K0.999,Ostovar,Atomic_ConditionalToSequence_output_ConditionalToSequence_2.xes.gz,1.0,0.0,2,59
,,B150_s1_xi0.01_end_K0.999,Ostovar,Atomic_ConditionalToSequence_output_ConditionalToSequence_2.xes.gz,1.0,75.0,2,19
,,B200_s1_xi0.01_end_K0.999,Ostovar,Atomic_ConditionalToSequence_output_ConditionalToSequence_2.xes.gz,1.0,200.0,2,14
,,B300_s1_xi0.01_end_K0.999,Ostovar,Atomic_ConditionalToSequence_output_ConditionalToSequence_2.xes.gz,1.0,150.0,2,9
,,B100_s1_xi0.0_end_K0.999,Ostovar,Atomic_ConditionalToSequence_output_ConditionalToSequence_5.xes.gz,0.4,50.0,8,29
,,B100_s1_xi0.005_end_K0.999,Ostovar,Atomic_ConditionalToSequence_output_ConditionalToSequence_5.xes.gz,0.8,50.0,3,29
,,B100_s1_xi0.01_end_K0.999,Ostovar,Atomic_ConditionalToSequence_output_ConditionalToSequence_5.xes.gz,0.8,50.0,3,29
,,B100_s1_xi0.02_end_K0.999,Ostovar,Atomic_ConditionalToSequence_output_ConditionalToSequence_5.xes.gz,1.0,50.0,2,29
,,B100_s1_xi0.03_end_K0.999,Ostovar,Atomic_ConditionalToSequence_output_ConditionalToSequence_5.xes.gz,1.0,50.0,2,29
,,B100_s1_xi0.05_end_K0.999,Ostovar,Atomic_ConditionalToSequence_output_ConditionalToSequence_5.xes.gz,1.0,50.0,2,29
,,B100_s1_xi0.07_end_K0.999,Ostovar,Atomic_ConditionalToSequence_output_ConditionalToSequence_5.xes.gz,0.0,,0,29
,,B100_s1_xi0.1_end_K0.999,Ostovar,Atomic_ConditionalToSequence_output_ConditionalToSequence_5.xes.gz,0.0,,0,29
,,B100_s1_xi0.01_start_K0.999,Ostovar,Atomic_ConditionalToSequence_output_ConditionalToSequence_5.xes.gz,0.8,50.0,3,29
,,B100_s1_xi0.01_mid_K0.999,Ostovar,Atomic_ConditionalToSequence_output_ConditionalToSequence_5.xes.gz,0.8,50.0,3,29
,,B100_s1_xi0.01_adaptive_K0.999,Ostovar,Atomic_ConditionalToSequence_output_ConditionalToSequence_5.xes.gz,0.8,50.0,3,29
,,B100_s1_xi0.01_refine_K0.999,Ostovar,Atomic_ConditionalToSequence_output_ConditionalToSequence_5.xes.gz,0.8,49.0,3,29
,,B100_s2_xi0.01_end_K0.999,Ostovar,Atomic_ConditionalToSequence_output_ConditionalToSequence_5.xes.gz,0.666667,50.0,4,27
,,B100_s3_xi0.01_end_K0.999,Ostovar,Atomic_ConditionalToSequence_output_ConditionalToSequence_5.xes.gz,0.666667,50.0,4,25
,,B100_s4_xi0.01_end_K0.999,Ostovar,Atomic_ConditionalToSequence_output_ConditionalToSequence_5.xes.gz,0.666667,100.0,4,23
,,B100_s5_xi0.01_end_K0.999,Ostovar,Atomic_ConditionalToSequence_output_ConditionalToSequence_5.xes.gz,0.666667,100.0,4,21
,,B25_s1_xi0.01_end_K0.999,Ostovar,Atomic_ConditionalToSequence_output_ConditionalToSequence_5.xes.gz,1.0,25.0,2,119
,,B50_s1_xi0.01_end_K0.999,Ostovar,Atomic_ConditionalToSequence_output_ConditionalToSequence_5.xes.gz,1.0,0.0,2,59
,,B150_s1_xi0.01_end_K0.999,Ostovar,Atomic_ConditionalToSequence_output_ConditionalToSequence_5.xes.gz,1.0,75.0,2,19
,,B200_s1_xi0.01_end_K0.999,Ostovar,Atomic_ConditionalToSequence_output_ConditionalToSequence_5.xes.gz,1.0,200.0,2,14
,,B300_s1_xi0.01_end_K0.999,Ostovar,Atomic_ConditionalToSequence_output_ConditionalToSequence_5.xes.gz,1.0,150.0,2,9
,,B100_s1_xi0.0_end_K0.999,Ostovar,Atomic_Frequency_output_Frequency.xes.gz,0.571429,50.0,5,29
,,B100_s1_xi0.005_end_K0.999,Ostovar,Atomic_Frequency_output_Frequency.xes.gz,0.571429,50.0,5,29
,,B100_s1_xi0.01_end_K0.999,Ostovar,Atomic_Frequency_output_Frequency.xes.gz,0.571429,50.0,5,29
,,B100_s1_xi0.02_end_K0.999,Ostovar,Atomic_Frequency_output_Frequency.xes.gz,0.571429,50.0,5,29
,,B100_s1_xi0.03_end_K0.999,Ostovar,Atomic_Frequency_output_Frequency.xes.gz,0.666667,50.0,4,29
,,B100_s1_xi0.05_end_K0.999,Ostovar,Atomic_Frequency_output_Frequency.xes.gz,0.666667,50.0,4,29
,,B100_s1_xi0.07_end_K0.999,Ostovar,Atomic_Frequency_output_Frequency.xes.gz,1.0,50.0,2,29
,,B100_s1_xi0.1_end_K0.999,Ostovar,Atomic_Frequency_output_Frequency.xes.gz,1.0,50.0,2,29
,,B100_s1_xi0.01_start_K0.999,Ostovar,Atomic_Frequency_output_Frequency.xes.gz,0.571429,50.0,5,29
,,B100_s1_xi0.01_mid_K0.999,Ostovar,Atomic_Frequency_output_Frequency.xes.gz,0.571429,50.0,5,29
,,B100_s1_xi0.01_adaptive_K0.999,Ostovar,Atomic_Frequency_output_Frequency.xes.gz,0.571429,50.0,5,29
,,B100_s1_xi0.01_refine_K0.999,Ostovar,Atomic_Frequency_output_Frequency.xes.gz,0.571429,69.0,5,29
,,B100_s2_xi0.01_end_K0.999,Ostovar,Atomic_Frequency_output_Frequency.xes.gz,0.5,100.0,6,27
,,B100_s3_xi0.01_end_K0.999,Ostovar,Atomic_Frequency_output_Frequency.xes.gz,0.571429,100.0,5,25
,,B100_s4_xi0.01_end_K0.999,Ostovar,Atomic_Frequency_output_Frequency.xes.gz,0.571429,100.0,5,23
,,B100_s5_xi0.01_end_K0.999,Ostovar,Atomic_Frequency_output_Frequency.xes.gz,0.666667,150.0,4,21
,,B25_s1_xi0.01_end_K0.999,Ostovar,Atomic_Frequency_output_Frequency.xes.gz,0.444444,37.5,7,119
,,B50_s1_xi0.01_end_K0.999,Ostovar,Atomic_Frequency_output_Frequency.xes.gz,0.666667,0.0,4,59
,,B150_s1_xi0.01_end_K0.999,Ostovar,Atomic_Frequency_output_Frequency.xes.gz,0.666667,75.0,4,19
,,B200_s1_xi0.01_end_K0.999,Ostovar,Atomic_Frequency_output_Frequency.xes.gz,0.8,200.0,3,14
,,B300_s1_xi0.01_end_K0.999,Ostovar,Atomic_Frequency_output_Frequency.xes.gz,1.0,150.0,2,9
,,B100_s1_xi0.0_end_K0.999,Ostovar,Atomic_Frequency_output_Frequency_2.xes.gz,0.4,50.0,8,29
,,B100_s1_xi0.005_end_K0.999,Ostovar,Atomic_Frequency_output_Frequency_2.xes.gz,0.444444,50.0,7,29
,,B100_s1_xi0.01_end_K0.999,Ostovar,Atomic_Frequency_output_Frequency_2.xes.gz,0.666667,50.0,4,29
,,B100_s1_xi0.02_end_K0.999,Ostovar,Atomic_Frequency_output_Frequency_2.xes.gz,1.0,50.0,2,29
,,B100_s1_xi0.03_end_K0.999,Ostovar,Atomic_Frequency_output_Frequency_2.xes.gz,1.0,50.0,2,29
,,B100_s1_xi0.05_end_K0.999,Ostovar,Atomic_Frequency_output_Frequency_2.xes.gz,1.0,50.0,2,29
,,B100_s1_xi0.07_end_K0.999,Ostovar,Atomic_Frequency_output_Frequency_2.xes.gz,0.666667,0.0,1,29
,,B100_s1_xi0.1_end_K0.999,Ostovar,Atomic_Frequency_output_Frequency_2.xes.gz,0.0,,0,29
,,B100_s1_xi0.01_start_K0.999,Ostovar,Atomic_Frequency_output_Frequency_2.xes.gz,0.666667,50.0,4,29
,,B100_s1_xi0.01_mid_K0.999,Ostovar,Atomic_Frequency_output_Frequency_2.xes.gz,0.666667,50.0,4,29
,,B100_s1_xi0.01_adaptive_K0.999,Ostovar,Atomic_Frequency_output_Frequency_2.xes.gz,0.666667,50.0,4,29
,,B100_s1_xi0.01_refine_K0.999,Ostovar,Atomic_Frequency_output_Frequency_2.xes.gz,0.666667,69.0,4,29
,,B100_s2_xi0.01_end_K0.999,Ostovar,Atomic_Frequency_output_Frequency_2.xes.gz,0.571429,100.0,5,27
,,B100_s3_xi0.01_end_K0.999,Ostovar,Atomic_Frequency_output_Frequency_2.xes.gz,0.666667,100.0,4,25
,,B100_s4_xi0.01_end_K0.999,Ostovar,Atomic_Frequency_output_Frequency_2.xes.gz,0.571429,100.0,5,23
,,B100_s5_xi0.01_end_K0.999,Ostovar,Atomic_Frequency_output_Frequency_2.xes.gz,0.666667,150.0,4,21
,,B25_s1_xi0.01_end_K0.999,Ostovar,Atomic_Frequency_output_Frequency_2.xes.gz,1.0,37.5,2,119
,,B50_s1_xi0.01_end_K0.999,Ostovar,Atomic_Frequency_output_Frequency_2.xes.gz,1.0,0.0,2,59
,,B150_s1_xi0.01_end_K0.999,Ostovar,Atomic_Frequency_output_Frequency_2.xes.gz,0.8,75.0,3,19
,,B200_s1_xi0.01_end_K0.999,Ostovar,Atomic_Frequency_output_Frequency_2.xes.gz,1.0,200.0,2,14
,,B300_s1_xi0.01_end_K0.999,Ostovar,Atomic_Frequency_output_Frequency_2.xes.gz,1.0,150.0,2,9
,,B100_s1_xi0.0_end_K0.999,Ostovar,Atomic_Frequency_output_Frequency_5.xes.gz,0.363636,0.0,9,29
,,B100_s1_xi0.005_end_K0.999,Ostovar,Atomic_Frequency_output_Frequency_5.xes.gz,0.571429,0.0,5,29
,,B100_s1_xi0.01_end_K0.999,Ostovar,Atomic_Frequency_output_Frequency_5.xes.gz,0.666667,0.0,4,29
,,B100_s1_xi0.02_end_K0.999,Ostovar,Atomic_Frequency_output_Frequency_5.xes.gz,1.0,0.0,2,29
,,B100_s1_xi0.03_end_K0.999,Ostovar,Atomic_Frequency_output_Frequency_5.xes.gz,1.0,0.0,2,29
,,B100_s1_xi0.05_end_K0.999,Ostovar,Atomic_Frequency_output_Frequency_5.xes.gz,1.0,0.0,2,29
,,B100_s1_xi0.07_end_K0.999,Ostovar,Atomic_Frequency_output_Frequency_5.xes.gz,1.0,0.0,2,29
,,B100_s1_xi0.1_end_K0.999,Ostovar,Atomic_Frequency_output_Frequency_5.xes.gz,0.666667,0.0,1,29
,,B100_s1_xi0.01_start_K0.999,Ostovar,Atomic_Frequency_output_Frequency_5.xes.gz,0.666667,99.0,4,29
,,B100_s1_xi0.01_mid_K0.999,Ostovar,Atomic_Frequency_output_Frequency_5.xes.gz,0.666667,50.0,4,29
,,B100_s1_xi0.01_adaptive_K0.999,Ostovar,Atomic_Frequency_output_Frequency_5.xes.gz,0.666667,49.5,4,29
,,B100_s1_xi0.01_refine_K0.999,Ostovar,Atomic_Frequency_output_Frequency_5.xes.gz,0.666667,49.0,4,29
,,B100_s2_xi0.01_end_K0.999,Ostovar,Atomic_Frequency_output_Frequency_5.xes.gz,0.571429,100.0,5,27
,,B100_s3_xi0.01_end_K0.999,Ostovar,Atomic_Frequency_output_Frequency_5.xes.gz,0.666667,100.0,4,25
,,B100_s4_xi0.01_end_K0.999,Ostovar,Atomic_Frequency_output_Frequency_5.xes.gz,0.571429,100.0,5,23
,,B100_s5_xi0.01_end_K0.999,Ostovar,Atomic_Frequency_output_Frequency_5.xes.gz,0.666667,100.0,4,21
,,B25_s1_xi0.01_end_K0.999,Ostovar,Atomic_Frequency_output_Frequency_5.xes.gz,0.8,37.5,3,119
,,B50_s1_xi0.01_end_K0.999,Ostovar,Atomic_Frequency_output_Frequency_5.xes.gz,1.0,0.0,2,59
,,B150_s1_xi0.01_end_K0.999,Ostovar,Atomic_Frequency_output_Frequency_5.xes.gz,1.0,75.0,2,19
,,B200_s1_xi0.01_end_K0.999,Ostovar,Atomic_Frequency_output_Frequency_5.xes.gz,1.0,200.0,2,14
,,B300_s1_xi0.01_end_K0.999,Ostovar,Atomic_Frequency_output_Frequency_5.xes.gz,1.0,150.0,2,9
,,B100_s1_xi0.0_end_K0.999,Ostovar,Atomic_Loop_output_Loop.xes.gz,0.8,50.0,3,29
,,B100_s1_xi0.005_end_K0.999,Ostovar,Atomic_Loop_output_Loop.xes.gz,0.8,50.0,3,29
,,B100_s1_xi0.01_end_K0.999,Ostovar,Atomic_Loop_output_Loop.xes.gz,0.8,50.0,3,29
,,B100_s1_xi0.02_end_K0.999,Ostovar,Atomic_Loop_output_Loop.xes.gz,1.0,50.0,2,29
,,B100_s1_xi0.03_end_K0.999,Ostovar,Atomic_Loop_output_Loop.xes.gz,0.0,,0,29
,,B100_s1_xi0.05_end_K0.999,Ostovar,Atomic_Loop_output_Loop.xes.gz,0.0,,0,29
,,B100_s1_xi0.07_end_K0.999,Ostovar,Atomic_Loop_output_Loop.xes.gz,0.0,,0,29
,,B100_s1_xi0.1_end_K0.999,Ostovar,Atomic_Loop_output_Loop.xes.gz,0.0,,0,29
,,B100_s1_xi0.01_start_K0.999,Ostovar,Atomic_Loop_output_Loop.xes.gz,0.8,50.0,3,29
,,B100_s1_xi0.01_mid_K0.999,Ostovar,Atomic_Loop_output_Loop.xes.gz,0.8,50.0,3,29
,,B100_s1_xi0.01_adaptive_K0.999,Ostovar,Atomic_Loop_output_Loop.xes.gz,0.8,50.0,3,29
,,B100_s1_xi0.01_refine_K0.999,Ostovar,Atomic_Loop_output_Loop.xes.gz,0.8,69.0,3,29
,,B100_s2_xi0.01_end_K0.999,Ostovar,Atomic_Loop_output_Loop.xes.gz,0.666667,0.0,1,27
,,B100_s3_xi0.01_end_K0.999,Ostovar,Atomic_Loop_output_Loop.xes.gz,1.0,100.0,2,25
,,B100_s4_xi0.01_end_K0.999,Ostovar,Atomic_Loop_output_Loop.xes.gz,1.0,150.0,2,23
,,B100_s5_xi0.01_end_K0.999,Ostovar,Atomic_Loop_output_Loop.xes.gz,0.5,100.0,2,21
,,B25_s1_xi0.01_end_K0.999,Ostovar,Atomic_Loop_output_Loop.xes.gz,0.666667,25.0,4,119
,,B50_s1_xi0.01_end_K0.999,Ostovar,Atomic_Loop_output_Loop.xes.gz,0.8,75.0,3,59
,,B150_s1_xi0.01_end_K0.999,Ostovar,Atomic_Loop_output_Loop.xes.gz,0.0,,0,19
,,B200_s1_xi0.01_end_K0.999,Ostovar,Atomic_Loop_output_Loop.xes.gz,0.666667,200.0,1,14
,,B300_s1_xi0.01_end_K0.999,Ostovar,Atomic_Loop_output_Loop.xes.gz,0.666667,100.0,1,9
,,B100_s1_xi0.0_end_K0.999,Ostovar,Atomic_Loop_output_Loop_2.xes.gz,0.4,50.0,8,29
,,B100_s1_xi0.005_end_K0.999,Ostovar,Atomic_Loop_output_Loop_2.xes.gz,1.0,150.0,2,29
,,B100_s1_xi0.01_end_K0.999,Ostovar,Atomic_Loop_output_Loop_2.xes.gz,0.666667,200.0,1,29
,,B100_s1_xi0.02_end_K0.999,Ostovar,Atomic_Loop_output_Loop_2.xes.gz,0.0,,0,29
,,B100_s1_xi0.03_end_K0.999,Ostovar,Atomic_Loop_output_Loop_2.xes.gz,0.0,,0,29
,,B100_s1_xi0.05_end_K0.999,Ostovar,Atomic_Loop_output_Loop_2.xes.gz,0.0,,0,29
,,B100_s1_xi0.07_end_K0.999,Ostovar,Atomic_Loop_output_Loop_2.xes.gz,0.0,,0,29
,,B100_s1_xi0.1_end_K0.999,Ostovar,Atomic_Loop_output_Loop_2.xes.gz,0.0,,0,29
,,B100_s1_xi0.01_start_K0.999,Ostovar,Atomic_Loop_output_Loop_2.xes.gz,0.0,,1,29
,,B100_s1_xi0.01_mid_K0.999,Ostovar,Atomic_Loop_output_Loop_2.xes.gz,0.0,,1,29
,,B100_s1_xi0.01_adaptive_K0.999,Ostovar,Atomic_Loop_output_Loop_2.xes.gz,0.666667,200.0,1,29
,,B100_s1_xi0.01_refine_K0.999,Ostovar,Atomic_Loop_output_Loop_2.xes.gz,0.0,,1,29
,,B100_s2_xi0.01_end_K0.999,Ostovar,Atomic_Loop_output_Loop_2.xes.gz,0.0,,1,27
,,B100_s3_xi0.01_end_K0.999,Ostovar,Atomic_Loop_output_Loop_2.xes.gz,0.0,,0,25
,,B100_s4_xi0.01_end_K0.999,Ostovar,Atomic_Loop_output_Loop_2.xes.gz,0.0,,0,23
,,B100_s5_xi0.01_end_K0.999,Ostovar,Atomic_Loop_output_Loop_2.xes.gz,0.0,,0,21
,,B25_s1_xi0.01_end_K0.999,Ostovar,Atomic_Loop_output_Loop_2.xes.gz,0.0,,2,119
,,B50_s1_xi0.01_end_K0.999,Ostovar,Atomic_Loop_output_Loop_2.xes.gz,0.0,,0,59
,,B150_s1_xi0.01_end_K0.999,Ostovar,Atomic_Loop_output_Loop_2.xes.gz,0.0,,0,19
,,B200_s1_xi0.01_end_K0.999,Ostovar,Atomic_Loop_output_Loop_2.xes.gz,0.666667,200.0,1,14
,,B300_s1_xi0.01_end_K0.999,Ostovar,Atomic_Loop_output_Loop_2.xes.gz,0.0,,0,9
,,B100_s1_xi0.0_end_K0.999,Ostovar,Atomic_Loop_output_Loop_5.xes.gz,0.444444,50.0,7,29
,,B100_s1_xi0.005_end_K0.999,Ostovar,Atomic_Loop_output_Loop_5.xes.gz,1.0,50.0,2,29
,,B100_s1_xi0.01_end_K0.999,Ostovar,Atomic_Loop_output_Loop_5.xes.gz,1.0,50.0,2,29
,,B100_s1_xi0.02_end_K0.999,Ostovar,Atomic_Loop_output_Loop_5.xes.gz,0.0,,0,29
,,B100_s1_xi0.03_end_K0.999,Ostovar,Atomic_Loop_output_Loop_5.xes.gz,0.0,,0,29
,,B100_s1_xi0.05_end_K0.999,Ostovar,Atomic_Loop_output_Loop_5.xes.gz,0.0,,0,29
,,B100_s1_xi0.07_end_K0.999,Ostovar,Atomic_Loop_output_Loop_5.xes.gz,0.0,,0,29
,,B100_s1_xi0.1_end_K0.999,Ostovar,Atomic_Loop_output_Loop_5.xes.gz,0.0,,0,29
,,B100_s1_xi0.01_start_K0.999,Ostovar,Atomic_Loop_output_Loop_5.xes.gz,1.0,149.0,2,29
,,B100_s1_xi0.01_mid_K0.999,Ostovar,Atomic_Loop_output_Loop_5.xes.gz,1.0,100.0,2,29
,,B100_s1_xi0.01_adaptive_K0.999,Ostovar,Atomic_Loop_output_Loop_5.xes.gz,1.0,149.0,2,29
,,B100_s1_xi0.01_refine_K0.999,Ostovar,Atomic_Loop_output_Loop_5.xes.gz,1.0,39.0,2,29
,,B100_s2_xi0.01_end_K0.999,Ostovar,Atomic_Loop_output_Loop_5.xes.gz,0.0,,0,27
,,B100_s3_xi0.01_end_K0.999,Ostovar,Atomic_Loop_output_Loop_5.xes.gz,0.0,,0,25
,,B100_s4_xi0.01_end_K0.999,Ostovar,Atomic_Loop_output_Loop_5.xes.gz,0.0,,0,23
,,B100_s5_xi0.01_end_K0.999,Ostovar,Atomic_Loop_output_Loop_5.xes.gz,0.0,,0,21
,,B25_s1_xi0.01_end_K0.999,Ostovar,Atomic_Loop_output_Loop_5.xes.gz,0.0,,0,119
,,B50_s1_xi0.01_end_K0.999,Ostovar,Atomic_Loop_output_Loop_5.xes.gz,0.0,,0,59
,,B150_s1_xi0.01_end_K0.999,Ostovar,Atomic_Loop_output_Loop_5.xes.gz,0.0,,0,19
,,B200_s1_xi0.01_end_K0.999,Ostovar,Atomic_Loop_output_Loop_5.xes.gz,0.666667,0.0,1,14
,,B300_s1_xi0.01_end_K0.999,Ostovar,Atomic_Loop_output_Loop_5.xes.gz,0.0,,0,9
,,B100_s1_xi0.0_end_K0.999,Ostovar,Atomic_ParallelMove_output_ParallelMove.xes.gz,0.8,0.0,3,29
,,B100_s1_xi0.005_end_K0.999,Ostovar,Atomic_ParallelMove_output_ParallelMove.xes.gz,0.8,0.0,3,29
,,B100_s1_xi0.01_end_K0.999,Ostovar,Atomic_ParallelMove_output_ParallelMove.xes.gz,0.8,0.0,3,29
,,B100_s1_xi0.02_end_K0.999,Ostovar,Atomic_ParallelMove_output_ParallelMove.xes.gz,0.8,0.0,3,29
,,B100_s1_xi0.03_end_K0.999,Ostovar,Atomic_ParallelMove_output_ParallelMove.xes.gz,1.0,0.0,2,29
,,B100_s1_xi0.05_end_K0.999,Ostovar,Atomic_ParallelMove_output_ParallelMove.xes.gz,1.0,0.0,2,29
,,B100_s1_xi0.07_end_K0.999,Ostovar,Atomic_ParallelMove_output_ParallelMove.xes.gz,0.0,,0,29
,,B100_s1_xi0.1_end_K0.999,Ostovar,Atomic_ParallelMove_output_ParallelMove.xes.gz,0.0,,0,29
,,B100_s1_xi0.01_start_K0.999,Ostovar,Atomic_ParallelMove_output_ParallelMove.xes.gz,0.8,99.0,3,29
,,B100_s1_xi0.01_mid_K0.999,Ostovar,Atomic_ParallelMove_output_ParallelMove.xes.gz,0.8,50.0,3,29
,,B100_s1_xi0.01_adaptive_K0.999,Ostovar,Atomic_ParallelMove_output_ParallelMove.xes.gz,0.8,49.5,3,29
,,B100_s1_xi0.01_refine_K0.999,Ostovar,Atomic_ParallelMove_output_ParallelMove.xes.gz,0.8,59.0,3,29
,,B100_s2_xi0.01_end_K0.999,Ostovar,Atomic_ParallelMove_output_ParallelMove.xes.gz,0.571429,100.0,5,27
,,B100_s3_xi0.01_end_K0.999,Ostovar,Atomic_ParallelMove_output_ParallelMove.xes.gz,0.666667,100.0,4,25
,,B100_s4_xi0.01_end_K0.999,Ostovar,Atomic_ParallelMove_output_ParallelMove.xes.gz,0.666667,50.0,4,23
,,B100_s5_xi0.01_end_K0.999,Ostovar,Atomic_ParallelMove_output_ParallelMove.xes.gz,0.666667,100.0,4,21
,,B25_s1_xi0.01_end_K0.999,Ostovar,Atomic_ParallelMove_output_ParallelMove.xes.gz,0.571429,37.5,5,119
,,B50_s1_xi0.01_end_K0.999,Ostovar,Atomic_ParallelMove_output_ParallelMove.xes.gz,0.8,100.0,3,59
,,B150_s1_xi0.01_end_K0.999,Ostovar,Atomic_ParallelMove_output_ParallelMove.xes.gz,1.0,75.0,2,19
,,B200_s1_xi0.01_end_K0.999,Ostovar,Atomic_ParallelMove_output_ParallelMove.xes.gz,1.0,100.0,2,14
,,B300_s1_xi0.01_end_K0.999,Ostovar,Atomic_ParallelMove_output_ParallelMove.xes.gz,0.8,150.0,3,9
,,B100_s1_xi0.0_end_K0.999,Ostovar,Atomic_ParallelMove_output_ParallelMove_2.xes.gz,0.444444,0.0,7,29
,,B100_s1_xi0.005_end_K0.999,Ostovar,Atomic_ParallelMove_output_ParallelMove_2.xes.gz,1.0,0.0,2,29
,,B100_s1_xi0.01_end_K0.999,Ostovar,Atomic_ParallelMove_output_ParallelMove_2.xes.gz,1.0,0.0,2,29
,,B100_s1_xi0.02_end_K0.999,Ostovar,Atomic_ParallelMove_output_ParallelMove_2.xes.gz,0.666667,0.0,1,29
,,B100_s1_xi0.03_end_K0.999,Ostovar,Atomic_ParallelMove_output_ParallelMove_2.xes.gz,0.0,,0,29
,,B100_s1_xi0.05_end_K0.999,Ostovar,Atomic_ParallelMove_output_ParallelMove_2.xes.gz,0.0,,0,29
,,B100_s1_xi0.07_end_K0.999,Ostovar,Atomic_ParallelMove_output_ParallelMove_2.xes.gz,0.0,,0,29
,,B100_s1_xi0.1_end_K0.999,Ostovar,Atomic_ParallelMove_output_ParallelMove_2.xes.gz,0.0,,0,29
,,B100_s1_xi0.01_start_K0.999,Ostovar,Atomic_ParallelMove_output_ParallelMove_2.xes.gz,1.0,99.0,2,29
,,B100_s1_xi0.01_mid_K0.999,Ostovar,Atomic_ParallelMove_output_ParallelMove_2.xes.gz,1.0,50.0,2,29
,,B100_s1_xi0.01_adaptive_K0.999,Ostovar,Atomic_ParallelMove_output_ParallelMove_2.xes.gz,1.0,49.5,2,29
,,B100_s1_xi0.01_refine_K0.999,Ostovar,Atomic_ParallelMove_output_ParallelMove_2.xes.gz,1.0,49.0,2,29
,,B100_s2_xi0.01_end_K0.999,Ostovar,Atomic_ParallelMove_output_ParallelMove_2.xes.gz,0.666667,50.0,4,27
,,B100_s3_xi0.01_end_K0.999,Ostovar,Atomic_ParallelMove_output_ParallelMove_2.xes.gz,0.666667,50.0,4,25
,,B100_s4_xi0.01_end_K0.999,Ostovar,Atomic_ParallelMove_output_ParallelMove_2.xes.gz,0.8,100.0,3,23
,,B100_s5_xi0.01_end_K0.999,Ostovar,Atomic_ParallelMove_output_ParallelMove_2.xes.gz,0.8,100.0,3,21
,,B25_s1_xi0.01_end_K0.999,Ostovar,Atomic_ParallelMove_output_ParallelMove_2.xes.gz,0.666667,25.0,1,119
,,B50_s1_xi0.01_end_K0.999,Ostovar,Atomic_ParallelMove_output_ParallelMove_2.xes.gz,1.0,0.0,2,59
,,B150_s1_xi0.01_end_K0.999,Ostovar,Atomic_ParallelMove_output_ParallelMove_2.xes.gz,1.0,75.0,2,19
,,B200_s1_xi0.01_end_K0.999,Ostovar,Atomic_ParallelMove_output_ParallelMove_2.xes.gz,1.0,100.0,2,14
,,B300_s1_xi0.01_end_K0.999,Ostovar,Atomic_ParallelMove_output_ParallelMove_2.xes.gz,0.5,200.0,2,9
,,B100_s1_xi0.0_end_K0.999,Ostovar,Atomic_ParallelMove_output_ParallelMove_5.xes.gz,0.4,0.0,8,29
,,B100_s1_xi0.005_end_K0.999,Ostovar,Atomic_ParallelMove_output_ParallelMove_5.xes.gz,0.666667,0.0,4,29
,,B100_s1_xi0.01_end_K0.999,Ostovar,Atomic_ParallelMove_output_ParallelMove_5.xes.gz,1.0,0.0,2,29
,,B100_s1_xi0.02_end_K0.999,Ostovar,Atomic_ParallelMove_output_ParallelMove_5.xes.gz,0.0,,0,29
,,B100_s1_xi0.03_end_K0.999,Ostovar,Atomic_ParallelMove_output_ParallelMove_5.xes.gz,0.0,,0,29
,,B100_s1_xi0.05_end_K0.999,Ostovar,Atomic_ParallelMove_output_ParallelMove_5.xes.gz,0.0,,0,29
,,B100_s1_xi0.07_end_K0.999,Ostovar,Atomic_ParallelMove_output_ParallelMove_5.xes.gz,0.0,,0,29
,,B100_s1_xi0.1_end_K0.999,Ostovar,Atomic_ParallelMove_output_ParallelMove_5.xes.gz,0.0,,0,29
,,B100_s1_xi0.01_start_K0.999,Ostovar,Atomic_ParallelMove_output_ParallelMove_5.xes.gz,1.0,99.0,2,29
,,B100_s1_xi0.01_mid_K0.999,Ostovar,Atomic_ParallelMove_output_ParallelMove_5.xes.gz,1.0,50.0,2,29
,,B100_s1_xi0.01_adaptive_K0.999,Ostovar,Atomic_ParallelMove_output_ParallelMove_5.xes.gz,1.0,99.0,2,29
,,B100_s1_xi0.01_refine_K0.999,Ostovar,Atomic_ParallelMove_output_ParallelMove_5.xes.gz,1.0,59.0,2,29
,,B100_s2_xi0.01_end_K0.999,Ostovar,Atomic_ParallelMove_output_ParallelMove_5.xes.gz,1.0,0.0,2,27
,,B100_s3_xi0.01_end_K0.999,Ostovar,Atomic_ParallelMove_output_ParallelMove_5.xes.gz,0.666667,100.0,4,25
,,B100_s4_xi0.01_end_K0.999,Ostovar,Atomic_ParallelMove_output_ParallelMove_5.xes.gz,0.8,100.0,3,23
,,B100_s5_xi0.01_end_K0.999,Ostovar,Atomic_ParallelMove_output_ParallelMove_5.xes.gz,0.8,100.0,3,21
,,B25_s1_xi0.01_end_K0.999,Ostovar,Atomic_ParallelMove_output_ParallelMove_5.xes.gz,0.666667,150.0,1,119
,,B50_s1_xi0.01_end_K0.999,Ostovar,Atomic_ParallelMove_output_ParallelMove_5.xes.gz,1.0,75.0,2,59
,,B150_s1_xi0.01_end_K0.999,Ostovar,Atomic_ParallelMove_output_ParallelMove_5.xes.gz,1.0,75.0,2,19
,,B200_s1_xi0.01_end_K0.999,Ostovar,Atomic_ParallelMove_output_ParallelMove_5.xes.gz,1.0,100.0,2,14
,,B300_s1_xi0.01_end_K0.999,Ostovar,Atomic_ParallelMove_output_ParallelMove_5.xes.gz,1.0,150.0,2,9
,,B100_s1_xi0.0_end_K0.999,Ostovar,Atomic_ParallelRemoval_output_ParallelRemoval.xes.gz,0.8,50.0,3,29
,,B100_s1_xi0.005_end_K0.999,Ostovar,Atomic_ParallelRemoval_output_ParallelRemoval.xes.gz,1.0,50.0,2,29
,,B100_s1_xi0.01_end_K0.999,Ostovar,Atomic_ParallelRemoval_output_ParallelRemoval.xes.gz,1.0,50.0,2,29
,,B100_s1_xi0.02_end_K0.999,Ostovar,Atomic_ParallelRemoval_output_ParallelRemoval.xes.gz,1.0,50.0,2,29
,,B100_s1_xi0.03_end_K0.999,Ostovar,Atomic_ParallelRemoval_output_ParallelRemoval.xes.gz,1.0,50.0,2,29
,,B100_s1_xi0.05_end_K0.999,Ostovar,Atomic_ParallelRemoval_output_ParallelRemoval.xes.gz,1.0,50.0,2,29
,,B100_s1_xi0.07_end_K0.999,Ostovar,Atomic_ParallelRemoval_output_ParallelRemoval.xes.gz,0.666667,0.0,1,29
,,B100_s1_xi0.1_end_K0.999,Ostovar,Atomic_ParallelRemoval_output_ParallelRemoval.xes.gz,0.666667,0.0,1,29
,,B100_s1_xi0.01_start_K0.999,Ostovar,Atomic_ParallelRemoval_output_ParallelRemoval.xes.gz,1.0,50.0,2,29
,,B100_s1_xi0.01_mid_K0.999,Ostovar,Atomic_ParallelRemoval_output_ParallelRemoval.xes.gz,1.0,50.0,2,29
,,B100_s1_xi0.01_adaptive_K0.999,Ostovar,Atomic_ParallelRemoval_output_ParallelRemoval.xes.gz,1.0,99.5,2,29
,,B100_s1_xi0.01_refine_K0.999,Ostovar,Atomic_ParallelRemoval_output_ParallelRemoval.xes.gz,1.0,59.0,2,29
,,B100_s2_xi0.01_end_K0.999,Ostovar,Atomic_ParallelRemoval_output_ParallelRemoval.xes.gz,0.666667,100.0,4,27
,,B100_s3_xi0.01_end_K0.999,Ostovar,Atomic_ParallelRemoval_output_ParallelRemoval.xes.gz,0.666667,100.0,4,25
,,B100_s4_xi0.01_end_K0.999,Ostovar,Atomic_ParallelRemoval_output_ParallelRemoval.xes.gz,0.8,100.0,3,23
,,B100_s5_xi0.01_end_K0.999,Ostovar,Atomic_ParallelRemoval_output_ParallelRemoval.xes.gz,0.8,100.0,3,21
,,B25_s1_xi0.01_end_K0.999,Ostovar,Atomic_ParallelRemoval_output_ParallelRemoval.xes.gz,0.8,25.0,3,119
,,B50_s1_xi0.01_end_K0.999,Ostovar,Atomic_ParallelRemoval_output_ParallelRemoval.xes.gz,0.8,25.0,3,59
,,B150_s1_xi0.01_end_K0.999,Ostovar,Atomic_ParallelRemoval_output_ParallelRemoval.xes.gz,1.0,75.0,2,19
,,B200_s1_xi0.01_end_K0.999,Ostovar,Atomic_ParallelRemoval_output_ParallelRemoval.xes.gz,1.0,100.0,2,14
,,B300_s1_xi0.01_end_K0.999,Ostovar,Atomic_ParallelRemoval_output_ParallelRemoval.xes.gz,0.5,200.0,2,9
,,B100_s1_xi0.0_end_K0.999,Ostovar,Atomic_ParallelRemoval_output_ParallelRemoval_2.xes.gz,0.444444,0.0,7,29
,,B100_s1_xi0.005_end_K0.999,Ostovar,Atomic_ParallelRemoval_output_ParallelRemoval_2.xes.gz,1.0,0.0,2,29
,,B100_s1_xi0.01_end_K0.999,Ostovar,Atomic_ParallelRemoval_output_ParallelRemoval_2.xes.gz,1.0,0.0,2,29
,,B100_s1_xi0.02_end_K0.999,Ostovar,Atomic_ParallelRemoval_output_ParallelRemoval_2.xes.gz,0.666667,0.0,1,29
,,B100_s1_xi0.03_end_K0.999,Ostovar,Atomic_ParallelRemoval_output_ParallelRemoval_2.xes.gz,0.0,,0,29
,,B100_s1_xi0.05_end_K0.999,Ostovar,Atomic_ParallelRemoval_output_ParallelRemoval_2.xes.gz,0.0,,0,29
,,B100_s1_xi0.07_end_K0.999,Ostovar,Atomic_ParallelRemoval_output_ParallelRemoval_2.xes.gz,0.0,,0,29
,,B100_s1_xi0.1_end_K0.999,Ostovar,Atomic_ParallelRemoval_output_ParallelRemoval_2.xes.gz,0.0,,0,29
,,B100_s1_xi0.01_start_K0.999,Ostovar,Atomic_ParallelRemoval_output_ParallelRemoval_2.xes.gz,1.0,99.0,2,29
,,B100_s1_xi0.01_mid_K0.999,Ostovar,Atomic_ParallelRemoval_output_ParallelRemoval_2.xes.gz,1.0,50.0,2,29
,,B100_s1_xi0.01_adaptive_K0.999,Ostovar,Atomic_ParallelRemoval_output_ParallelRemoval_2.xes.gz,1.0,99.0,2,29
,,B100_s1_xi0.01_refine_K0.999,Ostovar,Atomic_ParallelRemoval_output_ParallelRemoval_2.xes.gz,1.0,59.0,2,29
,,B100_s2_xi0.01_end_K0.999,Ostovar,Atomic_ParallelRemoval_output_ParallelRemoval_2.xes.gz,0.8,100.0,3,27
,,B100_s3_xi0.01_end_K0.999,Ostovar,Atomic_ParallelRemoval_output_ParallelRemoval_2.xes.gz,0.8,100.0,3,25
,,B100_s4_xi0.01_end_K0.999,Ostovar,Atomic_ParallelRemoval_output_ParallelRemoval_2.xes.gz,0.8,100.0,3,23
,,B100_s5_xi0.01_end_K0.999,Ostovar,Atomic_ParallelRemoval_output_ParallelRemoval_2.xes.gz,0.8,100.0,3,21
,,B25_s1_xi0.01_end_K0.999,Ostovar,Atomic_ParallelRemoval_output_ParallelRemoval_2.xes.gz,0.5,25.0,2,119
,,B50_s1_xi0.01_end_K0.999,Ostovar,Atomic_ParallelRemoval_output_ParallelRemoval_2.xes.gz,1.0,0.0,2,59
,,B150_s1_xi0.01_end_K0.999,Ostovar,Atomic_ParallelRemoval_output_ParallelRemoval_2.xes.gz,1.0,75.0,2,19
,,B200_s1_xi0.01_end_K0.999,Ostovar,Atomic_ParallelRemoval_output_ParallelRemoval_2.xes.gz,1.0,200.0,2,14
,,B300_s1_xi0.01_end_K0.999,Ostovar,Atomic_ParallelRemoval_output_ParallelRemoval_2.xes.gz,0.5,200.0,2,9
,,B100_s1_xi0.0_end_K0.999,Ostovar,Atomic_ParallelRemoval_output_ParallelRemoval_5.xes.gz,0.4,50.0,8,29
,,B100_s1_xi0.005_end_K0.999,Ostovar,Atomic_ParallelRemoval_output_ParallelRemoval_5.xes.gz,1.0,50.0,2,29
,,B100_s1_xi0.01_end_K0.999,Ostovar,Atomic_ParallelRemoval_output_ParallelRemoval_5.xes.gz,1.0,50.0,2,29
,,B100_s1_xi0.02_end_K0.999,Ostovar,Atomic_ParallelRemoval_output_ParallelRemoval_5.xes.gz,0.666667,0.0,1,29
,,B100_s1_xi0.03_end_K0.999,Ostovar,Atomic_ParallelRemoval_output_ParallelRemoval_5.xes.gz,0.666667,0.0,1,29
,,B100_s1_xi0.05_end_K0.999,Ostovar,Atomic_ParallelRemoval_output_ParallelRemoval_5.xes.gz,0.0,,0,29
,,B100_s1_xi0.07_end_K0.999,Ostovar,Atomic_ParallelRemoval_output_ParallelRemoval_5.xes.gz,0.0,,0,29
,,B100_s1_xi0.1_end_K0.999,Ostovar,Atomic_ParallelRemoval_output_ParallelRemoval_5.xes.gz,0.0,,0,29
,,B100_s1_xi0.01_start_K0.999,Ostovar,Atomic_ParallelRemoval_output_ParallelRemoval_5.xes.gz,1.0,50.0,2,29
,,B100_s1_xi0.01_mid_K0.999,Ostovar,Atomic_ParallelRemoval_output_ParallelRemoval_5.xes.gz,1.0,50.0,2,29
,,B100_s1_xi0.01_adaptive_K0.999,Ostovar,Atomic_ParallelRemoval_output_ParallelRemoval_5.xes.gz,1.0,50.0,2,29
,,B100_s1_xi0.01_refine_K0.999,Ostovar,Atomic_ParallelRemoval_output_ParallelRemoval_5.xes.gz,1.0,59.0,2,29
,,B100_s2_xi0.01_end_K0.999,Ostovar,Atomic_ParallelRemoval_output_ParallelRemoval_5.xes.gz,0.8,100.0,3,27
,,B100_s3_xi0.01_end_K0.999,Ostovar,Atomic_ParallelRemoval_output_ParallelRemoval_5.xes.gz,0.666667,100.0,4,25
,,B100_s4_xi0.01_end_K0.999,Ostovar,Atomic_ParallelRemoval_output_ParallelRemoval_5.xes.gz,0.8,100.0,3,23
,,B100_s5_xi0.01_end_K0.999,Ostovar,Atomic_ParallelRemoval_output_ParallelRemoval_5.xes.gz,0.8,100.0,3,21
,,B25_s1_xi0.01_end_K0.999,Ostovar,Atomic_ParallelRemoval_output_ParallelRemoval_5.xes.gz,0.0,,0,119
,,B50_s1_xi0.01_end_K0.999,Ostovar,Atomic_ParallelRemoval_output_ParallelRemoval_5.xes.gz,1.0,25.0,2,59
,,B150_s1_xi0.01_end_K0.999,Ostovar,Atomic_ParallelRemoval_output_ParallelRemoval_5.xes.gz,1.0,75.0,2,19
,,B200_s1_xi0.01_end_K0.999,Ostovar,Atomic_ParallelRemoval_output_ParallelRemoval_5.xes.gz,1.0,200.0,2,14
,,B300_s1_xi0.01_end_K0.999,Ostovar,Atomic_ParallelRemoval_output_ParallelRemoval_5.xes.gz,0.5,200.0,2,9
,,B100_s1_xi0.0_end_K0.999,Ostovar,Atomic_ParallelToSequence_output_ParallelToSequence.xes.gz,0.5,50.0,6,29
,,B100_s1_xi0.005_end_K0.999,Ostovar,Atomic_ParallelToSequence_output_ParallelToSequence.xes.gz,0.666667,50.0,4,29
,,B100_s1_xi0.01_end_K0.999,Ostovar,Atomic_ParallelToSequence_output_ParallelToSequence.xes.gz,0.8,50.0,3,29
,,B100_s1_xi0.02_end_K0.999,Ostovar,Atomic_ParallelToSequence_output_ParallelToSequence.xes.gz,0.8,50.0,3,29
,,B100_s1_xi0.03_end_K0.999,Ostovar,Atomic_ParallelToSequence_output_ParallelToSequence.xes.gz,0.666667,0.0,1,29
,,B100_s1_xi0.05_end_K0.999,Ostovar,Atomic_ParallelToSequence_output_ParallelToSequence.xes.gz,0.0,,0,29
,,B100_s1_xi0.07_end_K0.999,Ostovar,Atomic_ParallelToSequence_output_ParallelToSequence.xes.gz,0.0,,0,29
,,B100_s1_xi0.1_end_K0.999,Ostovar,Atomic_ParallelToSequence_output_ParallelToSequence.xes.gz,0.0,,0,29
,,B100_s1_xi0.01_start_K0.999,Ostovar,Atomic_ParallelToSequence_output_ParallelToSequence.xes.gz,0.8,50.0,3,29
,,B100_s1_xi0.01_mid_K0.999,Ostovar,Atomic_ParallelToSequence_output_ParallelToSequence.xes.gz,0.8,50.0,3,29
,,B100_s1_xi0.01_adaptive_K0.999,Ostovar,Atomic_ParallelToSequence_output_ParallelToSequence.xes.gz,0.8,50.0,3,29
,,B100_s1_xi0.01_refine_K0.999,Ostovar,Atomic_ParallelToSequence_output_ParallelToSequence.xes.gz,0.8,49.0,3,29
,,B100_s2_xi0.01_end_K0.999,Ostovar,Atomic_ParallelToSequence_output_ParallelToSequence.xes.gz,0.571429,100.0,5,27
,,B100_s3_xi0.01_end_K0.999,Ostovar,Atomic_ParallelToSequence_output_ParallelToSequence.xes.gz,0.666667,50.0,4,25
,,B100_s4_xi0.01_end_K0.999,Ostovar,Atomic_ParallelToSequence_output_ParallelToSequence.xes.gz,0.666667,100.0,4,23
,,B100_s5_xi0.01_end_K0.999,Ostovar,Atomic_ParallelToSequence_output_ParallelToSequence.xes.gz,0.8,100.0,3,21
,,B25_s1_xi0.01_end_K0.999,Ostovar,Atomic_ParallelToSequence_output_ParallelToSequence.xes.gz,0.666667,25.0,4,119
,,B50_s1_xi0.01_end_K0.999,Ostovar,Atomic_ParallelToSequence_output_ParallelToSequence.xes.gz,1.0,25.0,2,59
,,B150_s1_xi0.01_end_K0.999,Ostovar,Atomic_ParallelToSequence_output_ParallelToSequence.xes.gz,1.0,125.0,2,19
,,B200_s1_xi0.01_end_K0.999,Ostovar,Atomic_ParallelToSequence_output_ParallelToSequence.xes.gz,1.0,100.0,2,14
,,B300_s1_xi0.01_end_K0.999,Ostovar,Atomic_ParallelToSequence_output_ParallelToSequence.xes.gz,1.0,150.0,2,9
,,B100_s1_xi0.0_end_K0.999,Ostovar,Atomic_ParallelToSequence_output_ParallelToSequence_2.xes.gz,0.4,50.0,8,29
,,B100_s1_xi0.005_end_K0.999,Ostovar,Atomic_ParallelToSequence_output_ParallelToSequence_2.xes.gz,0.8,50.0,3,29
,,B100_s1_xi0.01_end_K0.999,Ostovar,Atomic_ParallelToSequence_output_ParallelToSequence_2.xes.gz,0.666667,100.0,1,29
,,B100_s1_xi0.02_end_K0.999,Ostovar,Atomic_ParallelToSequence_output_ParallelToSequence_2.xes.gz,0.0,,0,29
,,B100_s1_xi0.03_end_K0.999,Ostovar,Atomic_ParallelToSequence_output_ParallelToSequence_2.xes.gz,0.0,,0,29
,,B100_s1_xi0.05_end_K0.999,Ostovar,Atomic_ParallelToSequence_output_ParallelToSequence_2.xes.gz,0.0,,0,29
,,B100_s1_xi0.07_end_K0.999,Ostovar,Atomic_ParallelToSequence_output_ParallelToSequence_2.xes.gz,0.0,,0,29
,,B100_s1_xi0.1_end_K0.999,Ostovar,Atomic_ParallelToSequence_output_ParallelToSequence_2.xes.gz,0.0,,0,29
,,B100_s1_xi0.01_start_K0.999,Ostovar,Atomic_ParallelToSequence_output_ParallelToSequence_2.xes.gz,0.666667,1.0,1,29
,,B100_s1_xi0.01_mid_K0.999,Ostovar,Atomic_ParallelToSequence_output_ParallelToSequence_2.xes.gz,0.666667,50.0,1,29
,,B100_s1_xi0.01_adaptive_K0.999,Ostovar,Atomic_ParallelToSequence_output_ParallelToSequence_2.xes.gz,0.666667,1.0,1,29
,,B100_s1_xi0.01_refine_K0.999,Ostovar,Atomic_ParallelToSequence_output_ParallelToSequence_2.xes.gz,0.666667,39.0,1,29
,,B100_s2_xi0.01_end_K0.999,Ostovar,Atomic_ParallelToSequence_output_ParallelToSequence_2.xes.gz,1.0,50.0,2,27
,,B100_s3_xi0.01_end_K0.999,Ostovar,Atomic_ParallelToSequence_output_ParallelToSequence_2.xes.gz,0.8,50.0,3,25
,,B100_s4_xi0.01_end_K0.999,Ostovar,Atomic_ParallelToSequence_output_ParallelToSequence_2.xes.gz,0.666667,100.0,4,23
,,B100_s5_xi0.01_end_K0.999,Ostovar,Atomic_ParallelToSequence_output_ParallelToSequence_2.xes.gz,1.0,100.0,2,21
,,B25_s1_xi0.01_end_K0.999,Ostovar,Atomic_ParallelToSequence_output_ParallelToSequence_2.xes.gz,0.0,,1,119
,,B50_s1_xi0.01_end_K0.999,Ostovar,Atomic_ParallelToSequence_output_ParallelToSequence_2.xes.gz,0.666667,150.0,1,59
,,B150_s1_xi0.01_end_K0.999,Ostovar,Atomic_ParallelToSequence_output_ParallelToSequence_2.xes.gz,0.8,150.0,3,19
,,B200_s1_xi0.01_end_K0.999,Ostovar,Atomic_ParallelToSequence_output_ParallelToSequence_2.xes.gz,0.8,100.0,3,14
,,B300_s1_xi0.01_end_K0.999,Ostovar,Atomic_ParallelToSequence_output_ParallelToSequence_2.xes.gz,0.666667,200.0,1,9
,,B100_s1_xi0.0_end_K0.999,Ostovar,Atomic_ParallelToSequence_output_ParallelToSequence_5.xes.gz,0.4,100.0,8,29
,,B100_s1_xi0.005_end_K0.999,Ostovar,Atomic_ParallelToSequence_output_ParallelToSequence_5.xes.gz,1.0,100.0,2,29
,,B100_s1_xi0.01_end_K0.999,Ostovar,Atomic_ParallelToSequence_output_ParallelToSequence_5.xes.gz,1.0,100.0,2,29
,,B100_s1_xi0.02_end_K0.999,Ostovar,Atomic_ParallelToSequence_output_ParallelToSequence_5.xes.gz,0.0,,0,29
,,B100_s1_xi0.03_end_K0.999,Ostovar,Atomic_ParallelToSequence_output_ParallelToSequence_5.xes.gz,0.0,,0,29
,,B100_s1_xi0.05_end_K0.999,Ostovar,Atomic_ParallelToSequence_output_ParallelToSequence_5.xes.gz,0.0,,0,29
,,B100_s1_xi0.07_end_K0.999,Ostovar,Atomic_ParallelToSequence_output_ParallelToSequence_5.xes.gz,0.0,,0,29
,,B100_s1_xi0.1_end_K0.999,Ostovar,Atomic_ParallelToSequence_output_ParallelToSequence_5.xes.gz,0.0,,0,29
,,B100_s1_xi0.01_start_K0.999,Ostovar,Atomic_ParallelToSequence_output_ParallelToSequence_5.xes.gz,1.0,100.0,2,29
,,B100_s1_xi0.01_mid_K0.999,Ostovar,Atomic_ParallelToSequence_output_ParallelToSequence_5.xes.gz,1.0,100.0,2,29
,,B100_s1_xi0.01_adaptive_K0.999,Ostovar,Atomic_ParallelToSequence_output_ParallelToSequence_5.xes.gz,1.0,50.5,2,29
,,B100_s1_xi0.01_refine_K0.999,Ostovar,Atomic_ParallelToSequence_output_ParallelToSequence_5.xes.gz,1.0,49.0,2,29
,,B100_s2_xi0.01_end_K0.999,Ostovar,Atomic_ParallelToSequence_output_ParallelToSequence_5.xes.gz,0.666667,50.0,4,27
,,B100_s3_xi0.01_end_K0.999,Ostovar,Atomic_ParallelToSequence_output_ParallelToSequence_5.xes.gz,0.666667,50.0,4,25
,,B100_s4_xi0.01_end_K0.999,Ostovar,Atomic_ParallelToSequence_output_ParallelToSequence_5.xes.gz,0.666667,100.0,4,23
,,B100_s5_xi0.01_end_K0.999,Ostovar,Atomic_ParallelToSequence_output_ParallelToSequence_5.xes.gz,1.0,100.0,2,21
,,B25_s1_xi0.01_end_K0.999,Ostovar,Atomic_ParallelToSequence_output_ParallelToSequence_5.xes.gz,0.5,0.0,2,119
,,B50_s1_xi0.01_end_K0.999,Ostovar,Atomic_ParallelToSequence_output_ParallelToSequence_5.xes.gz,0.666667,0.0,1,59
,,B150_s1_xi0.01_end_K0.999,Ostovar,Atomic_ParallelToSequence_output_ParallelToSequence_5.xes.gz,1.0,150.0,2,19
,,B200_s1_xi0.01_end_K0.999,Ostovar,Atomic_ParallelToSequence_output_ParallelToSequence_5.xes.gz,1.0,100.0,2,14
,,B300_s1_xi0.01_end_K0.999,Ostovar,Atomic_ParallelToSequence_output_ParallelToSequence_5.xes.gz,0.5,200.0,2,9
,,B100_s1_xi0.0_end_K0.999,Ostovar,Atomic_SerialMove_output_SerialMove.xes.gz,0.571429,0.0,5,29
,,B100_s1_xi0.005_end_K0.999,Ostovar,Atomic_SerialMove_output_SerialMove.xes.gz,0.666667,0.0,4,29
,,B100_s1_xi0.01_end_K0.999,Ostovar,Atomic_SerialMove_output_SerialMove.xes.gz,0.8,0.0,3,29
,,B100_s1_xi0.02_end_K0.999,Ostovar,Atomic_SerialMove_output_SerialMove.xes.gz,0.8,0.0,3,29
,,B100_s1_xi0.03_end_K0.999,Ostovar,Atomic_SerialMove_output_SerialMove.xes.gz,0.8,0.0,3,29
,,B100_s1_xi0.05_end_K0.999,Ostovar,Atomic_SerialMove_output_SerialMove.xes.gz,0.0,,0,29
,,B100_s1_xi0.07_end_K0.999,Ostovar,Atomic_SerialMove_output_SerialMove.xes.gz,0.0,,0,29
,,B100_s1_xi0.1_end_K0.999,Ostovar,Atomic_SerialMove_output_SerialMove.xes.gz,0.0,,0,29
,,B100_s1_xi0.01_start_K0.999,Ostovar,Atomic_SerialMove_output_SerialMove.xes.gz,0.8,99.0,3,29
,,B100_s1_xi0.01_mid_K0.999,Ostovar,Atomic_SerialMove_output_SerialMove.xes.gz,0.8,50.0,3,29
,,B100_s1_xi0.01_adaptive_K0.999,Ostovar,Atomic_SerialMove_output_SerialMove.xes.gz,0.8,49.5,3,29
,,B100_s1_xi0.01_refine_K0.999,Ostovar,Atomic_SerialMove_output_SerialMove.xes.gz,0.8,59.0,3,29
,,B100_s2_xi0.01_end_K0.999,Ostovar,Atomic_SerialMove_output_SerialMove.xes.gz,0.666667,100.0,4,27
,,B100_s3_xi0.01_end_K0.999,Ostovar,Atomic_SerialMove_output_SerialMove.xes.gz,0.571429,100.0,5,25
,,B100_s4_xi0.01_end_K0.999,Ostovar,Atomic_SerialMove_output_SerialMove.xes.gz,0.571429,100.0,5,23
,,B100_s5_xi0.01_end_K0.999,Ostovar,Atomic_SerialMove_output_SerialMove.xes.gz,0.666667,100.0,4,21
,,B25_s1_xi0.01_end_K0.999,Ostovar,Atomic_SerialMove_output_SerialMove.xes.gz,0.444444,37.5,7,119
,,B50_s1_xi0.01_end_K0.999,Ostovar,Atomic_SerialMove_output_SerialMove.xes.gz,0.8,0.0,3,59
,,B150_s1_xi0.01_end_K0.999,Ostovar,Atomic_SerialMove_output_SerialMove.xes.gz,0.8,75.0,3,19
,,B200_s1_xi0.01_end_K0.999,Ostovar,Atomic_SerialMove_output_SerialMove.xes.gz,1.0,200.0,2,14
,,B300_s1_xi0.01_end_K0.999,Ostovar,Atomic_SerialMove_output_SerialMove.xes.gz,0.4,200.0,3,9
,,B100_s1_xi0.0_end_K0.999,Ostovar,Atomic_SerialMove_output_SerialMove_2.xes.gz,0.363636,50.0,9,29
,,B100_s1_xi0.005_end_K0.999,Ostovar,Atomic_SerialMove_output_SerialMove_2.xes.gz,0.8,50.0,3,29
,,B100_s1_xi0.01_end_K0.999,Ostovar,Atomic_SerialMove_output_SerialMove_2.xes.gz,0.8,50.0,3,29
,,B100_s1_xi0.02_end_K0.999,Ostovar,Atomic_SerialMove_output_SerialMove_2.xes.gz,0.0,,0,29
,,B100_s1_xi0.03_end_K0.999,Ostovar,Atomic_SerialMove_output_SerialMove_2.xes.gz,0.0,,0,29
,,B100_s1_xi0.05_end_K0.999,Ostovar,Atomic_SerialMove_output_SerialMove_2.xes.gz,0.0,,0,29
,,B100_s1_xi0.07_end_K0.999,Ostovar,Atomic_SerialMove_output_SerialMove_2.xes.gz,0.0,,0,29
,,B100_s1_xi0.1_end_K0.999,Ostovar,Atomic_SerialMove_output_SerialMove_2.xes.gz,0.0,,0,29
,,B100_s1_xi0.01_start_K0.999,Ostovar,Atomic_SerialMove_output_SerialMove_2.xes.gz,0.8,50.0,3,29
,,B100_s1_xi0.01_mid_K0.999,Ostovar,Atomic_SerialMove_output_SerialMove_2.xes.gz,0.8,50.0,3,29
,,B100_s1_xi0.01_adaptive_K0.999,Ostovar,Atomic_SerialMove_output_SerialMove_2.xes.gz,0.8,0.5,3,29
,,B100_s1_xi0.01_refine_K0.999,Ostovar,Atomic_SerialMove_output_SerialMove_2.xes.gz,0.8,69.0,3,29
,,B100_s2_xi0.01_end_K0.999,Ostovar,Atomic_SerialMove_output_SerialMove_2.xes.gz,0.666667,100.0,4,27
,,B100_s3_xi0.01_end_K0.999,Ostovar,Atomic_SerialMove_output_SerialMove_2.xes.gz,0.666667,100.0,4,25
,,B100_s4_xi0.01_end_K0.999,Ostovar,Atomic_SerialMove_output_SerialMove_2.xes.gz,0.666667,100.0,4,23
,,B100_s5_xi0.01_end_K0.999,Ostovar,Atomic_SerialMove_output_SerialMove_2.xes.gz,0.666667,100.0,4,21
,,B25_s1_xi0.01_end_K0.999,Ostovar,Atomic_SerialMove_output_SerialMove_2.xes.gz,0.8,37.5,3,119
,,B50_s1_xi0.01_end_K0.999,Ostovar,Atomic_SerialMove_output_SerialMove_2.xes.gz,0.8,25.0,3,59
,,B150_s1_xi0.01_end_K0.999,Ostovar,Atomic_SerialMove_output_SerialMove_2.xes.gz,1.0,150.0,2,19
,,B200_s1_xi0.01_end_K0.999,Ostovar,Atomic_SerialMove_output_SerialMove_2.xes.gz,1.0,100.0,2,14
,,B300_s1_xi0.01_end_K0.999,Ostovar,Atomic_SerialMove_output_SerialMove_2.xes.gz,0.5,200.0,2,9
,,B100_s1_xi0.0_end_K0.999,Ostovar,Atomic_SerialMove_output_SerialMove_5.xes.gz,0.363636,0.0,9,29
,,B100_s1_xi0.005_end_K0.999,Ostovar,Atomic_SerialMove_output_SerialMove_5.xes.gz,0.8,0.0,3,29
,,B100_s1_xi0.01_end_K0.999,Ostovar,Atomic_SerialMove_output_SerialMove_5.xes.gz,0.8,0.0,3,29
,,B100_s1_xi0.02_end_K0.999,Ostovar,Atomic_SerialMove_output_SerialMove_5.xes.gz,0.0,,0,29
,,B100_s1_xi0.03_end_K0.999,Ostovar,Atomic_SerialMove_output_SerialMove_5.xes.gz,0.0,,0,29
,,B100_s1_xi0.05_end_K0.999,Ostovar,Atomic_SerialMove_output_SerialMove_5.xes.gz,0.0,,0,29
,,B100_s1_xi0.07_end_K0.999,Ostovar,Atomic_SerialMove_output_SerialMove_5.xes.gz,0.0,,0,29
,,B100_s1_xi0.1_end_K0.999,Ostovar,Atomic_SerialMove_output_SerialMove_5.xes.gz,0.0,,0,29
,,B100_s1_xi0.01_start_K0.999,Ostovar,Atomic_SerialMove_output_SerialMove_5.xes.gz,0.8,99.0,3,29
,,B100_s1_xi0.01_mid_K0.999,Ostovar,Atomic_SerialMove_output_SerialMove_5.xes.gz,0.8,50.0,3,29
,,B100_s1_xi0.01_adaptive_K0.999,Ostovar,Atomic_SerialMove_output_SerialMove_5.xes.gz,0.8,49.5,3,29
,,B100_s1_xi0.01_refine_K0.999,Ostovar,Atomic_SerialMove_output_SerialMove_5.xes.gz,0.8,59.0,3,29
,,B100_s2_xi0.01_end_K0.999,Ostovar,Atomic_SerialMove_output_SerialMove_5.xes.gz,0.666667,100.0,4,27
,,B100_s3_xi0.01_end_K0.999,Ostovar,Atomic_SerialMove_output_SerialMove_5.xes.gz,0.666667,50.0,4,25
,,B100_s4_xi0.01_end_K0.999,Ostovar,Atomic_SerialMove_output_SerialMove_5.xes.gz,0.571429,100.0,5,23
,,B100_s5_xi0.01_end_K0.999,Ostovar,Atomic_SerialMove_output_SerialMove_5.xes.gz,0.666667,100.0,4,21
,,B25_s1_xi0.01_end_K0.999,Ostovar,Atomic_SerialMove_output_SerialMove_5.xes.gz,1.0,37.5,2,119
,,B50_s1_xi0.01_end_K0.999,Ostovar,Atomic_SerialMove_output_SerialMove_5.xes.gz,0.666667,0.0,4,59
,,B150_s1_xi0.01_end_K0.999,Ostovar,Atomic_SerialMove_output_SerialMove_5.xes.gz,1.0,75.0,2,19
,,B200_s1_xi0.01_end_K0.999,Ostovar,Atomic_SerialMove_output_SerialMove_5.xes.gz,1.0,100.0,2,14
,,B300_s1_xi0.01_end_K0.999,Ostovar,Atomic_SerialMove_output_SerialMove_5.xes.gz,1.0,150.0,2,9
,,B100_s1_xi0.0_end_K0.999,Ostovar,Atomic_SerialRemoval_output_SerialRemoval.xes.gz,0.666667,50.0,4,29
,,B100_s1_xi0.005_end_K0.999,Ostovar,Atomic_SerialRemoval_output_SerialRemoval.xes.gz,1.0,50.0,2,29
,,B100_s1_xi0.01_end_K0.999,Ostovar,Atomic_SerialRemoval_output_SerialRemoval.xes.gz,1.0,50.0,2,29
,,B100_s1_xi0.02_end_K0.999,Ostovar,Atomic_SerialRemoval_output_SerialRemoval.xes.gz,1.0,50.0,2,29
,,B100_s1_xi0.03_end_K0.999,Ostovar,Atomic_SerialRemoval_output_SerialRemoval.xes.gz,1.0,50.0,2,29
,,B100_s1_xi0.05_end_K0.999,Ostovar,Atomic_SerialRemoval_output_SerialRemoval.xes.gz,1.0,50.0,2,29
,,B100_s1_xi0.07_end_K0.999,Ostovar,Atomic_SerialRemoval_output_SerialRemoval.xes.gz,1.0,50.0,2,29
,,B100_s1_xi0.1_end_K0.999,Ostovar,Atomic_SerialRemoval_output_SerialRemoval.xes.gz,0.666667,0.0,1,29
,,B100_s1_xi0.01_start_K0.999,Ostovar,Atomic_SerialRemoval_output_SerialRemoval.xes.gz,1.0,149.0,2,29
,,B100_s1_xi0.01_mid_K0.999,Ostovar,Atomic_SerialRemoval_output_SerialRemoval.xes.gz,1.0,100.0,2,29
,,B100_s1_xi0.01_adaptive_K0.999,Ostovar,Atomic_SerialRemoval_output_SerialRemoval.xes.gz,1.0,99.5,2,29
,,B100_s1_xi0.01_refine_K0.999,Ostovar,Atomic_SerialRemoval_output_SerialRemoval.xes.gz,1.0,69.0,2,29
,,B100_s2_xi0.01_end_K0.999,Ostovar,Atomic_SerialRemoval_output_SerialRemoval.xes.gz,0.571429,50.0,5,27
,,B100_s3_xi0.01_end_K0.999,Ostovar,Atomic_SerialRemoval_output_SerialRemoval.xes.gz,0.571429,50.0,5,25
,,B100_s4_xi0.01_end_K0.999,Ostovar,Atomic_SerialRemoval_output_SerialRemoval.xes.gz,0.666667,100.0,4,23
,,B100_s5_xi0.01_end_K0.999,Ostovar,Atomic_SerialRemoval_output_SerialRemoval.xes.gz,0.666667,100.0,4,21
,,B25_s1_xi0.01_end_K0.999,Ostovar,Atomic_SerialRemoval_output_SerialRemoval.xes.gz,0.571429,37.5,5,119
,,B50_s1_xi0.01_end_K0.999,Ostovar,Atomic_SerialRemoval_output_SerialRemoval.xes.gz,0.8,25.0,3,59
,,B150_s1_xi0.01_end_K0.999,Ostovar,Atomic_SerialRemoval_output_SerialRemoval.xes.gz,1.0,75.0,2,19
,,B200_s1_xi0.01_end_K0.999,Ostovar,Atomic_SerialRemoval_output_SerialRemoval.xes.gz,1.0,100.0,2,14
,,B300_s1_xi0.01_end_K0.999,Ostovar,Atomic_SerialRemoval_output_SerialRemoval.xes.gz,1.0,150.0,2,9
,,B100_s1_xi0.0_end_K0.999,Ostovar,Atomic_SerialRemoval_output_SerialRemoval_2.xes.gz,0.4,50.0,8,29
,,B100_s1_xi0.005_end_K0.999,Ostovar,Atomic_SerialRemoval_output_SerialRemoval_2.xes.gz,1.0,50.0,2,29
,,B100_s1_xi0.01_end_K0.999,Ostovar,Atomic_SerialRemoval_output_SerialRemoval_2.xes.gz,1.0,50.0,2,29
,,B100_s1_xi0.02_end_K0.999,Ostovar,Atomic_SerialRemoval_output_SerialRemoval_2.xes.gz,1.0,50.0,2,29
,,B100_s1_xi0.03_end_K0.999,Ostovar,Atomic_SerialRemoval_output_SerialRemoval_2.xes.gz,0.0,,0,29
,,B100_s1_xi0.05_end_K0.999,Ostovar,Atomic_SerialRemoval_output_SerialRemoval_2.xes.gz,0.0,,0,29
,,B100_s1_xi0.07_end_K0.999,Ostovar,Atomic_SerialRemoval_output_SerialRemoval_2.xes.gz,0.0,,0,29
,,B100_s1_xi0.1_end_K0.999,Ostovar,Atomic_SerialRemoval_output_SerialRemoval_2.xes.gz,0.0,,0,29
,,B100_s1_xi0.01_start_K0.999,Ostovar,Atomic_SerialRemoval_output_SerialRemoval_2.xes.gz,1.0,149.0,2,29
,,B100_s1_xi0.01_mid_K0.999,Ostovar,Atomic_SerialRemoval_output_SerialRemoval_2.xes.gz,1.0,100.0,2,29
,,B100_s1_xi0.01_adaptive_K0.999,Ostovar,Atomic_SerialRemoval_output_SerialRemoval_2.xes.gz,1.0,99.5,2,29
,,B100_s1_xi0.01_refine_K0.999,Ostovar,Atomic_SerialRemoval_output_SerialRemoval_2.xes.gz,1.0,69.0,2,29
,,B100_s2_xi0.01_end_K0.999,Ostovar,Atomic_SerialRemoval_output_SerialRemoval_2.xes.gz,0.571429,50.0,5,27
,,B100_s3_xi0.01_end_K0.999,Ostovar,Atomic_SerialRemoval_output_SerialRemoval_2.xes.gz,0.666667,50.0,4,25
,,B100_s4_xi0.01_end_K0.999,Ostovar,Atomic_SerialRemoval_output_SerialRemoval_2.xes.gz,1.0,50.0,2,23
,,B100_s5_xi0.01_end_K0.999,Ostovar,Atomic_SerialRemoval_output_SerialRemoval_2.xes.gz,0.8,100.0,3,21
,,B25_s1_xi0.01_end_K0.999,Ostovar,Atomic_SerialRemoval_output_SerialRemoval_2.xes.gz,0.666667,25.0,1,119
,,B50_s1_xi0.01_end_K0.999,Ostovar,Atomic_SerialRemoval_output_SerialRemoval_2.xes.gz,0.666667,0.0,1,59
,,B150_s1_xi0.01_end_K0.999,Ostovar,Atomic_SerialRemoval_output_SerialRemoval_2.xes.gz,1.0,75.0,2,19
,,B200_s1_xi0.01_end_K0.999,Ostovar,Atomic_SerialRemoval_output_SerialRemoval_2.xes.gz,1.0,200.0,2,14
,,B300_s1_xi0.01_end_K0.999,Ostovar,Atomic_SerialRemoval_output_SerialRemoval_2.xes.gz,1.0,150.0,2,9
,,B100_s1_xi0.0_end_K0.999,Ostovar,Atomic_SerialRemoval_output_SerialRemoval_5.xes.gz,0.4,0.0,8,29
,,B100_s1_xi0.005_end_K0.999,Ostovar,Atomic_SerialRemoval_output_SerialRemoval_5.xes.gz,1.0,0.0,2,29
,,B100_s1_xi0.01_end_K0.999,Ostovar,Atomic_SerialRemoval_output_SerialRemoval_5.xes.gz,1.0,0.0,2,29
,,B100_s1_xi0.02_end_K0.999,Ostovar,Atomic_SerialRemoval_output_SerialRemoval_5.xes.gz,0.666667,0.0,1,29
,,B100_s1_xi0.03_end_K0.999,Ostovar,Atomic_SerialRemoval_output_SerialRemoval_5.xes.gz,0.0,,0,29
,,B100_s1_xi0.05_end_K0.999,Ostovar,Atomic_SerialRemoval_output_SerialRemoval_5.xes.gz,0.0,,0,29
,,B100_s1_xi0.07_end_K0.999,Ostovar,Atomic_SerialRemoval_output_SerialRemoval_5.xes.gz,0.0,,0,29
,,B100_s1_xi0.1_end_K0.999,Ostovar,Atomic_SerialRemoval_output_SerialRemoval_5.xes.gz,0.0,,0,29
,,B100_s1_xi0.01_start_K0.999,Ostovar,Atomic_SerialRemoval_output_SerialRemoval_5.xes.gz,1.0,99.0,2,29
,,B100_s1_xi0.01_mid_K0.999,Ostovar,Atomic_SerialRemoval_output_SerialRemoval_5.xes.gz,1.0,50.0,2,29
,,B100_s1_xi0.01_adaptive_K0.999,Ostovar,Atomic_SerialRemoval_output_SerialRemoval_5.xes.gz,1.0,99.0,2,29
,,B100_s1_xi0.01_refine_K0.999,Ostovar,Atomic_SerialRemoval_output_SerialRemoval_5.xes.gz,1.0,69.0,2,29
,,B100_s2_xi0.01_end_K0.999,Ostovar,Atomic_SerialRemoval_output_SerialRemoval_5.xes.gz,0.666667,50.0,4,27
,,B100_s3_xi0.01_end_K0.999,Ostovar,Atomic_SerialRemoval_output_SerialRemoval_5.xes.gz,0.666667,50.0,4,25
,,B100_s4_xi0.01_end_K0.999,Ostovar,Atomic_SerialRemoval_output_SerialRemoval_5.xes.gz,0.666667,100.0,4,23
,,B100_s5_xi0.01_end_K0.999,Ostovar,Atomic_SerialRemoval_output_SerialRemoval_5.xes.gz,0.8,100.0,3,21
,,B25_s1_xi0.01_end_K0.999,Ostovar,Atomic_SerialRemoval_output_SerialRemoval_5.xes.gz,0.666667,25.0,1,119
,,B50_s1_xi0.01_end_K0.999,Ostovar,Atomic_SerialRemoval_output_SerialRemoval_5.xes.gz,1.0,0.0,2,59
,,B150_s1_xi0.01_end_K0.999,Ostovar,Atomic_SerialRemoval_output_SerialRemoval_5.xes.gz,1.0,75.0,2,19
,,B200_s1_xi0.01_end_K0.999,Ostovar,Atomic_SerialRemoval_output_SerialRemoval_5.xes.gz,1.0,200.0,2,14
,,B300_s1_xi0.01_end_K0.999,Ostovar,Atomic_SerialRemoval_output_SerialRemoval_5.xes.gz,0.666667,200.0,1,9
,,B100_s1_xi0.0_end_K0.999,Ostovar,Atomic_Skip_output_Skip.xes.gz,0.8,0.0,3,29
,,B100_s1_xi0.005_end_K0.999,Ostovar,Atomic_Skip_output_Skip.xes.gz,0.8,0.0,3,29
,,B100_s1_xi0.01_end_K0.999,Ostovar,Atomic_Skip_output_Skip.xes.gz,1.0,0.0,2,29
,,B100_s1_xi0.02_end_K0.999,Ostovar,Atomic_Skip_output_Skip.xes.gz,1.0,0.0,2,29
,,B100_s1_xi0.03_end_K0.999,Ostovar,Atomic_Skip_output_Skip.xes.gz,1.0,0.0,2,29
,,B100_s1_xi0.05_end_K0.999,Ostovar,Atomic_Skip_output_Skip.xes.gz,1.0,0.0,2,29
,,B100_s1_xi0.07_end_K0.999,Ostovar,Atomic_Skip_output_Skip.xes.gz,1.0,0.0,2,29
,,B100_s1_xi0.1_end_K0.999,Ostovar,Atomic_Skip_output_Skip.xes.gz,0.666667,0.0,1,29
,,B100_s1_xi0.01_start_K0.999,Ostovar,Atomic_Skip_output_Skip.xes.gz,1.0,99.0,2,29
,,B100_s1_xi0.01_mid_K0.999,Ostovar,Atomic_Skip_output_Skip.xes.gz,1.0,50.0,2,29
,,B100_s1_xi0.01_adaptive_K0.999,Ostovar,Atomic_Skip_output_Skip.xes.gz,1.0,49.5,2,29
,,B100_s1_xi0.01_refine_K0.999,Ostovar,Atomic_Skip_output_Skip.xes.gz,1.0,49.0,2,29
,,B100_s2_xi0.01_end_K0.999,Ostovar,Atomic_Skip_output_Skip.xes.gz,0.666667,100.0,4,27
,,B100_s3_xi0.01_end_K0.999,Ostovar,Atomic_Skip_output_Skip.xes.gz,0.8,100.0,3,25
,,B100_s4_xi0.01_end_K0.999,Ostovar,Atomic_Skip_output_Skip.xes.gz,0.666667,150.0,4,23
,,B100_s5_xi0.01_end_K0.999,Ostovar,Atomic_Skip_output_Skip.xes.gz,0.666667,150.0,4,21
,,B25_s1_xi0.01_end_K0.999,Ostovar,Atomic_Skip_output_Skip.xes.gz,0.5,112.5,6,119
,,B50_s1_xi0.01_end_K0.999,Ostovar,Atomic_Skip_output_Skip.xes.gz,0.666667,25.0,4,59
,,B150_s1_xi0.01_end_K0.999,Ostovar,Atomic_Skip_output_Skip.xes.gz,1.0,75.0,2,19
,,B200_s1_xi0.01_end_K0.999,Ostovar,Atomic_Skip_output_Skip.xes.gz,1.0,200.0,2,14
,,B300_s1_xi0.01_end_K0.999,Ostovar,Atomic_Skip_output_Skip.xes.gz,1.0,150.0,2,9
,,B100_s1_xi0.0_end_K0.999,Ostovar,Atomic_Skip_output_Skip_2.xes.gz,0.444444,0.0,7,29
,,B100_s1_xi0.005_end_K0.999,Ostovar,Atomic_Skip_output_Skip_2.xes.gz,1.0,0.0,2,29
,,B100_s1_xi0.01_end_K0.999,Ostovar,Atomic_Skip_output_Skip_2.xes.gz,1.0,0.0,2,29
,,B100_s1_xi0.02_end_K0.999,Ostovar,Atomic_Skip_output_Skip_2.xes.gz,1.0,0.0,2,29
,,B100_s1_xi0.03_end_K0.999,Ostovar,Atomic_Skip_output_Skip_2.xes.gz,0.0,,0,29
,,B100_s1_xi0.05_end_K0.999,Ostovar,Atomic_Skip_output_Skip_2.xes.gz,0.0,,0,29
,,B100_s1_xi0.07_end_K0.999,Ostovar,Atomic_Skip_output_Skip_2.xes.gz,0.0,,0,29
,,B100_s1_xi0.1_end_K0.999,Ostovar,Atomic_Skip_output_Skip_2.xes.gz,0.0,,0,29
,,B100_s1_xi0.01_start_K0.999,Ostovar,Atomic_Skip_output_Skip_2.xes.gz,1.0,99.0,2,29
,,B100_s1_xi0.01_mid_K0.999,Ostovar,Atomic_Skip_output_Skip_2.xes.gz,1.0,50.0,2,29
,,B100_s1_xi0.01_adaptive_K0.999,Ostovar,Atomic_Skip_output_Skip_2.xes.gz,1.0,99.0,2,29
,,B100_s1_xi0.01_refine_K0.999,Ostovar,Atomic_Skip_output_Skip_2.xes.gz,1.0,49.0,2,29
,,B100_s2_xi0.01_end_K0.999,Ostovar,Atomic_Skip_output_Skip_2.xes.gz,0.8,0.0,3,27
,,B100_s3_xi0.01_end_K0.999,Ostovar,Atomic_Skip_output_Skip_2.xes.gz,1.0,50.0,2,25
,,B100_s4_xi0.01_end_K0.999,Ostovar,Atomic_Skip_output_Skip_2.xes.gz,0.666667,100.0,4,23
,,B100_s5_xi0.01_end_K0.999,Ostovar,Atomic_Skip_output_Skip_2.xes.gz,0.8,100.0,3,21
,,B25_s1_xi0.01_end_K0.999,Ostovar,Atomic_Skip_output_Skip_2.xes.gz,1.0,12.5,2,119
,,B50_s1_xi0.01_end_K0.999,Ostovar,Atomic_Skip_output_Skip_2.xes.gz,0.8,25.0,3,59
,,B150_s1_xi0.01_end_K0.999,Ostovar,Atomic_Skip_output_Skip_2.xes.gz,1.0,75.0,2,19
,,B200_s1_xi0.01_end_K0.999,Ostovar,Atomic_Skip_output_Skip_2.xes.gz,1.0,100.0,2,14
,,B300_s1_xi0.01_end_K0.999,Ostovar,Atomic_Skip_output_Skip_2.xes.gz,1.0,150.0,2,9
,,B100_s1_xi0.0_end_K0.999,Ostovar,Atomic_Skip_output_Skip_5.xes.gz,0.4,50.0,8,29
,,B100_s1_xi0.005_end_K0.999,Ostovar,Atomic_Skip_output_Skip_5.xes.gz,1.0,50.0,2,29
,,B100_s1_xi0.01_end_K0.999,Ostovar,Atomic_Skip_output_Skip_5.xes.gz,1.0,50.0,2,29
,,B100_s1_xi0.02_end_K0.999,Ostovar,Atomic_Skip_output_Skip_5.xes.gz,1.0,50.0,2,29
,,B100_s1_xi0.03_end_K0.999,Ostovar,Atomic_Skip_output_Skip_5.xes.gz,0.0,,0,29
,,B100_s1_xi0.05_end_K0.999,Ostovar,Atomic_Skip_output_Skip_5.xes.gz,0.0,,0,29
,,B100_s1_xi0.07_end_K0.999,Ostovar,Atomic_Skip_output_Skip_5.xes.gz,0.0,,0,29
,,B100_s1_xi0.1_end_K0.999,Ostovar,Atomic_Skip_output_Skip_5.xes.gz,0.0,,0,29
,,B100_s1_xi0.01_start_K0.999,Ostovar,Atomic_Skip_output_Skip_5.xes.gz,1.0,50.0,2,29
,,B100_s1_xi0.01_mid_K0.999,Ostovar,Atomic_Skip_output_Skip_5.xes.gz,1.0,50.0,2,29
,,B100_s1_xi0.01_adaptive_K0.999,Ostovar,Atomic_Skip_output_Skip_5.xes.gz,1.0,0.5,2,29
,,B100_s1_xi0.01_refine_K0.999,Ostovar,Atomic_Skip_output_Skip_5.xes.gz,1.0,69.0,2,29
,,B100_s2_xi0.01_end_K0.999,Ostovar,Atomic_Skip_output_Skip_5.xes.gz,0.666667,100.0,4,27
,,B100_s3_xi0.01_end_K0.999,Ostovar,Atomic_Skip_output_Skip_5.xes.gz,0.8,100.0,3,25
,,B100_s4_xi0.01_end_K0.999,Ostovar,Atomic_Skip_output_Skip_5.xes.gz,0.666667,100.0,4,23
,,B100_s5_xi0.01_end_K0.999,Ostovar,Atomic_Skip_output_Skip_5.xes.gz,0.8,100.0,3,21
,,B25_s1_xi0.01_end_K0.999,Ostovar,Atomic_Skip_output_Skip_5.xes.gz,0.5,25.0,2,119
,,B50_s1_xi0.01_end_K0.999,Ostovar,Atomic_Skip_output_Skip_5.xes.gz,1.0,25.0,2,59
,,B150_s1_xi0.01_end_K0.999,Ostovar,Atomic_Skip_output_Skip_5.xes.gz,1.0,75.0,2,19
,,B200_s1_xi0.01_end_K0.999,Ostovar,Atomic_Skip_output_Skip_5.xes.gz,1.0,100.0,2,14
,,B300_s1_xi0.01_end_K0.999,Ostovar,Atomic_Skip_output_Skip_5.xes.gz,0.666667,200.0,1,9
,,B100_s1_xi0.0_end_K0.999,Ostovar,Atomic_Substitute_output_Substitute.xes.gz,0.8,0.0,3,29
,,B100_s1_xi0.005_end_K0.999,Ostovar,Atomic_Substitute_output_Substitute.xes.gz,1.0,0.0,2,29
,,B100_s1_xi0.01_end_K0.999,Ostovar,Atomic_Substitute_output_Substitute.xes.gz,1.0,0.0,2,29
,,B100_s1_xi0.02_end_K0.999,Ostovar,Atomic_Substitute_output_Substitute.xes.gz,1.0,0.0,2,29
,,B100_s1_xi0.03_end_K0.999,Ostovar,Atomic_Substitute_output_Substitute.xes.gz,1.0,0.0,2,29
,,B100_s1_xi0.05_end_K0.999,Ostovar,Atomic_Substitute_output_Substitute.xes.gz,1.0,0.0,2,29
,,B100_s1_xi0.07_end_K0.999,Ostovar,Atomic_Substitute_output_Substitute.xes.gz,1.0,0.0,2,29
,,B100_s1_xi0.1_end_K0.999,Ostovar,Atomic_Substitute_output_Substitute.xes.gz,1.0,0.0,2,29
,,B100_s1_xi0.01_start_K0.999,Ostovar,Atomic_Substitute_output_Substitute.xes.gz,1.0,99.0,2,29
,,B100_s1_xi0.01_mid_K0.999,Ostovar,Atomic_Substitute_output_Substitute.xes.gz,1.0,50.0,2,29
,,B100_s1_xi0.01_adaptive_K0.999,Ostovar,Atomic_Substitute_output_Substitute.xes.gz,1.0,99.0,2,29
,,B100_s1_xi0.01_refine_K0.999,Ostovar,Atomic_Substitute_output_Substitute.xes.gz,1.0,69.0,2,29
,,B100_s2_xi0.01_end_K0.999,Ostovar,Atomic_Substitute_output_Substitute.xes.gz,0.571429,100.0,5,27
,,B100_s3_xi0.01_end_K0.999,Ostovar,Atomic_Substitute_output_Substitute.xes.gz,0.571429,100.0,5,25
,,B100_s4_xi0.01_end_K0.999,Ostovar,Atomic_Substitute_output_Substitute.xes.gz,0.666667,100.0,4,23
,,B100_s5_xi0.01_end_K0.999,Ostovar,Atomic_Substitute_output_Substitute.xes.gz,0.666667,100.0,4,21
,,B25_s1_xi0.01_end_K0.999,Ostovar,Atomic_Substitute_output_Substitute.xes.gz,0.571429,50.0,5,119
,,B50_s1_xi0.01_end_K0.999,Ostovar,Atomic_Substitute_output_Substitute.xes.gz,0.8,25.0,3,59
,,B150_s1_xi0.01_end_K0.999,Ostovar,Atomic_Substitute_output_Substitute.xes.gz,1.0,75.0,2,19
,,B200_s1_xi0.01_end_K0.999,Ostovar,Atomic_Substitute_output_Substitute.xes.gz,1.0,100.0,2,14
,,B300_s1_xi0.01_end_K0.999,Ostovar,Atomic_Substitute_output_Substitute.xes.gz,0.8,150.0,3,9
,,B100_s1_xi0.0_end_K0.999,Ostovar,Atomic_Substitute_output_Substitute_2.xes.gz,0.444444,0.0,7,29
,,B100_s1_xi0.005_end_K0.999,Ostovar,Atomic_Substitute_output_Substitute_2.xes.gz,1.0,0.0,2,29
,,B100_s1_xi0.01_end_K0.999,Ostovar,Atomic_Substitute_output_Substitute_2.xes.gz,1.0,0.0,2,29
,,B100_s1_xi0.02_end_K0.999,Ostovar,Atomic_Substitute_output_Substitute_2.xes.gz,1.0,0.0,2,29
,,B100_s1_xi0.03_end_K0.999,Ostovar,Atomic_Substitute_output_Substitute_2.xes.gz,1.0,0.0,2,29
,,B100_s1_xi0.05_end_K0.999,Ostovar,Atomic_Substitute_output_Substitute_2.xes.gz,1.0,0.0,2,29
,,B100_s1_xi0.07_end_K0.999,Ostovar,Atomic_Substitute_output_Substitute_2.xes.gz,0.666667,0.0,1,29
,,B100_s1_xi0.1_end_K0.999,Ostovar,Atomic_Substitute_output_Substitute_2.xes.gz,0.0,,0,29
,,B100_s1_xi0.01_start_K0.999,Ostovar,Atomic_Substitute_output_Substitute_2.xes.gz,1.0,99.0,2,29
,,B100_s1_xi0.01_mid_K0.999,Ostovar,Atomic_Substitute_output_Substitute_2.xes.gz,1.0,50.0,2,29
,,B100_s1_xi0.01_adaptive_K0.999,Ostovar,Atomic_Substitute_output_Substitute_2.xes.gz,1.0,99.0,2,29
,,B100_s1_xi0.01_refine_K0.999,Ostovar,Atomic_Substitute_output_Substitute_2.xes.gz,1.0,69.0,2,29
,,B100_s2_xi0.01_end_K0.999,Ostovar,Atomic_Substitute_output_Substitute_2.xes.gz,0.666667,50.0,4,27
,,B100_s3_xi0.01_end_K0.999,Ostovar,Atomic_Substitute_output_Substitute_2.xes.gz,0.666667,100.0,4,25
,,B100_s4_xi0.01_end_K0.999,Ostovar,Atomic_Substitute_output_Substitute_2.xes.gz,0.666667,100.0,4,23
,,B100_s5_xi0.01_end_K0.999,Ostovar,Atomic_Substitute_output_Substitute_2.xes.gz,0.666667,100.0,4,21
,,B25_s1_xi0.01_end_K0.999,Ostovar,Atomic_Substitute_output_Substitute_2.xes.gz,0.8,25.0,3,119
,,B50_s1_xi0.01_end_K0.999,Ostovar,Atomic_Substitute_output_Substitute_2.xes.gz,0.8,25.0,3,59
,,B150_s1_xi0.01_end_K0.999,Ostovar,Atomic_Substitute_output_Substitute_2.xes.gz,1.0,75.0,2,19
,,B200_s1_xi0.01_end_K0.999,Ostovar,Atomic_Substitute_output_Substitute_2.xes.gz,1.0,100.0,2,14
,,B300_s1_xi0.01_end_K0.999,Ostovar,Atomic_Substitute_output_Substitute_2.xes.gz,1.0,150.0,2,9
,,B100_s1_xi0.0_end_K0.999,Ostovar,Atomic_Substitute_output_Substitute_5.xes.gz,0.444444,0.0,7,29
,,B100_s1_xi0.005_end_K0.999,Ostovar,Atomic_Substitute_output_Substitute_5.xes.gz,1.0,0.0,2,29
,,B100_s1_xi0.01_end_K0.999,Ostovar,Atomic_Substitute_output_Substitute_5.xes.gz,1.0,0.0,2,29
,,B100_s1_xi0.02_end_K0.999,Ostovar,Atomic_Substitute_output_Substitute_5.xes.gz,1.0,0.0,2,29
,,B100_s1_xi0.03_end_K0.999,Ostovar,Atomic_Substitute_output_Substitute_5.xes.gz,1.0,0.0,2,29
,,B100_s1_xi0.05_end_K0.999,Ostovar,Atomic_Substitute_output_Substitute_5.xes.gz,1.0,0.0,2,29
,,B100_s1_xi0.07_end_K0.999,Ostovar,Atomic_Substitute_output_Substitute_5.xes.gz,0.0,,0,29
,,B100_s1_xi0.1_end_K0.999,Ostovar,Atomic_Substitute_output_Substitute_5.xes.gz,0.0,,0,29
,,B100_s1_xi0.01_start_K0.999,Ostovar,Atomic_Substitute_output_Substitute_5.xes.gz,1.0,99.0,2,29
,,B100_s1_xi0.01_mid_K0.999,Ostovar,Atomic_Substitute_output_Substitute_5.xes.gz,1.0,50.0,2,29
,,B100_s1_xi0.01_adaptive_K0.999,Ostovar,Atomic_Substitute_output_Substitute_5.xes.gz,1.0,99.0,2,29
,,B100_s1_xi0.01_refine_K0.999,Ostovar,Atomic_Substitute_output_Substitute_5.xes.gz,1.0,69.0,2,29
,,B100_s2_xi0.01_end_K0.999,Ostovar,Atomic_Substitute_output_Substitute_5.xes.gz,0.666667,50.0,4,27
,,B100_s3_xi0.01_end_K0.999,Ostovar,Atomic_Substitute_output_Substitute_5.xes.gz,0.666667,100.0,4,25
,,B100_s4_xi0.01_end_K0.999,Ostovar,Atomic_Substitute_output_Substitute_5.xes.gz,0.666667,100.0,4,23
,,B100_s5_xi0.01_end_K0.999,Ostovar,Atomic_Substitute_output_Substitute_5.xes.gz,0.666667,100.0,4,21
,,B25_s1_xi0.01_end_K0.999,Ostovar,Atomic_Substitute_output_Substitute_5.xes.gz,1.0,50.0,2,119
,,B50_s1_xi0.01_end_K0.999,Ostovar,Atomic_Substitute_output_Substitute_5.xes.gz,0.8,25.0,3,59
,,B150_s1_xi0.01_end_K0.999,Ostovar,Atomic_Substitute_output_Substitute_5.xes.gz,1.0,75.0,2,19
,,B200_s1_xi0.01_end_K0.999,Ostovar,Atomic_Substitute_output_Substitute_5.xes.gz,1.0,200.0,2,14
,,B300_s1_xi0.01_end_K0.999,Ostovar,Atomic_Substitute_output_Substitute_5.xes.gz,1.0,150.0,2,9
,,B100_s1_xi0.0_end_K0.999,Ostovar,Atomic_Swap_output_Swap.xes.gz,0.5,0.0,6,29
,,B100_s1_xi0.005_end_K0.999,Ostovar,Atomic_Swap_output_Swap.xes.gz,0.666667,0.0,4,29
,,B100_s1_xi0.01_end_K0.999,Ostovar,Atomic_Swap_output_Swap.xes.gz,0.8,0.0,3,29
,,B100_s1_xi0.02_end_K0.999,Ostovar,Atomic_Swap_output_Swap.xes.gz,1.0,0.0,2,29
,,B100_s1_xi0.03_end_K0.999,Ostovar,Atomic_Swap_output_Swap.xes.gz,1.0,0.0,2,29
,,B100_s1_xi0.05_end_K0.999,Ostovar,Atomic_Swap_output_Swap.xes.gz,1.0,0.0,2,29
,,B100_s1_xi0.07_end_K0.999,Ostovar,Atomic_Swap_output_Swap.xes.gz,1.0,0.0,2,29
,,B100_s1_xi0.1_end_K0.999,Ostovar,Atomic_Swap_output_Swap.xes.gz,1.0,0.0,2,29
,,B100_s1_xi0.01_start_K0.999,Ostovar,Atomic_Swap_output_Swap.xes.gz,0.8,99.0,3,29
,,B100_s1_xi0.01_mid_K0.999,Ostovar,Atomic_Swap_output_Swap.xes.gz,0.8,50.0,3,29
,,B100_s1_xi0.01_adaptive_K0.999,Ostovar,Atomic_Swap_output_Swap.xes.gz,0.8,49.5,3,29
,,B100_s1_xi0.01_refine_K0.999,Ostovar,Atomic_Swap_output_Swap.xes.gz,0.8,59.0,3,29
,,B100_s2_xi0.01_end_K0.999,Ostovar,Atomic_Swap_output_Swap.xes.gz,0.666667,100.0,4,27
,,B100_s3_xi0.01_end_K0.999,Ostovar,Atomic_Swap_output_Swap.xes.gz,0.666667,100.0,4,25
,,B100_s4_xi0.01_end_K0.999,Ostovar,Atomic_Swap_output_Swap.xes.gz,0.666667,100.0,4,23
,,B100_s5_xi0.01_end_K0.999,Ostovar,Atomic_Swap_output_Swap.xes.gz,0.666667,100.0,4,21
,,B25_s1_xi0.01_end_K0.999,Ostovar,Atomic_Swap_output_Swap.xes.gz,0.444444,37.5,7,119
,,B50_s1_xi0.01_end_K0.999,Ostovar,Atomic_Swap_output_Swap.xes.gz,0.8,0.0,3,59
,,B150_s1_xi0.01_end_K0.999,Ostovar,Atomic_Swap_output_Swap.xes.gz,1.0,75.0,2,19
,,B200_s1_xi0.01_end_K0.999,Ostovar,Atomic_Swap_output_Swap.xes.gz,1.0,200.0,2,14
,,B300_s1_xi0.01_end_K0.999,Ostovar,Atomic_Swap_output_Swap.xes.gz,1.0,150.0,2,9
,,B100_s1_xi0.0_end_K0.999,Ostovar,Atomic_Swap_output_Swap_2.xes.gz,0.444444,0.0,7,29
,,B100_s1_xi0.005_end_K0.999,Ostovar,Atomic_Swap_output_Swap_2.xes.gz,1.0,0.0,2,29
,,B100_s1_xi0.01_end_K0.999,Ostovar,Atomic_Swap_output_Swap_2.xes.gz,1.0,0.0,2,29
,,B100_s1_xi0.02_end_K0.999,Ostovar,Atomic_Swap_output_Swap_2.xes.gz,1.0,0.0,2,29
,,B100_s1_xi0.03_end_K0.999,Ostovar,Atomic_Swap_output_Swap_2.xes.gz,1.0,0.0,2,29
,,B100_s1_xi0.05_end_K0.999,Ostovar,Atomic_Swap_output_Swap_2.xes.gz,0.0,,0,29
,,B100_s1_xi0.07_end_K0.999,Ostovar,Atomic_Swap_output_Swap_2.xes.gz,0.0,,0,29
,,B100_s1_xi0.1_end_K0.999,Ostovar,Atomic_Swap_output_Swap_2.xes.gz,0.0,,0,29
,,B100_s1_xi0.01_start_K0.999,Ostovar,Atomic_Swap_output_Swap_2.xes.gz,1.0,99.0,2,29
,,B100_s1_xi0.01_mid_K0.999,Ostovar,Atomic_Swap_output_Swap_2.xes.gz,1.0,50.0,2,29
,,B100_s1_xi0.01_adaptive_K0.999,Ostovar,Atomic_Swap_output_Swap_2.xes.gz,1.0,99.0,2,29
,,B100_s1_xi0.01_refine_K0.999,Ostovar,Atomic_Swap_output_Swap_2.xes.gz,1.0,59.0,2,29
,,B100_s2_xi0.01_end_K0.999,Ostovar,Atomic_Swap_output_Swap_2.xes.gz,0.571429,50.0,5,27
,,B100_s3_xi0.01_end_K0.999,Ostovar,Atomic_Swap_output_Swap_2.xes.gz,0.666667,50.0,4,25
,,B100_s4_xi0.01_end_K0.999,Ostovar,Atomic_Swap_output_Swap_2.xes.gz,0.666667,100.0,4,23
,,B100_s5_xi0.01_end_K0.999,Ostovar,Atomic_Swap_output_Swap_2.xes.gz,0.666667,100.0,4,21
,,B25_s1_xi0.01_end_K0.999,Ostovar,Atomic_Swap_output_Swap_2.xes.gz,0.8,50.0,3,119
,,B50_s1_xi0.01_end_K0.999,Ostovar,Atomic_Swap_output_Swap_2.xes.gz,1.0,0.0,2,59
,,B150_s1_xi0.01_end_K0.999,Ostovar,Atomic_Swap_output_Swap_2.xes.gz,1.0,75.0,2,19
,,B200_s1_xi0.01_end_K0.999,Ostovar,Atomic_Swap_output_Swap_2.xes.gz,1.0,200.0,2,14
,,B300_s1_xi0.01_end_K0.999,Ostovar,Atomic_Swap_output_Swap_2.xes.gz,1.0,150.0,2,9
,,B100_s1_xi0.0_end_K0.999,Ostovar,Atomic_Swap_output_Swap_5.xes.gz,0.4,0.0,8,29
,,B100_s1_xi0.005_end_K0.999,Ostovar,Atomic_Swap_output_Swap_5.xes.gz,1.0,0.0,2,29
,,B100_s1_xi0.01_end_K0.999,Ostovar,Atomic_Swap_output_Swap_5.xes.gz,1.0,0.0,2,29
,,B100_s1_xi0.02_end_K0.999,Ostovar,Atomic_Swap_output_Swap_5.xes.gz,1.0,0.0,2,29
,,B100_s1_xi0.03_end_K0.999,Ostovar,Atomic_Swap_output_Swap_5.xes.gz,1.0,0.0,2,29
,,B100_s1_xi0.05_end_K0.999,Ostovar,Atomic_Swap_output_Swap_5.xes.gz,0.0,,0,29
,,B100_s1_xi0.07_end_K0.999,Ostovar,Atomic_Swap_output_Swap_5.xes.gz,0.0,,0,29
,,B100_s1_xi0.1_end_K0.999,Ostovar,Atomic_Swap_output_Swap_5.xes.gz,0.0,,0,29
,,B100_s1_xi0.01_start_K0.999,Ostovar,Atomic_Swap_output_Swap_5.xes.gz,1.0,99.0,2,29
,,B100_s1_xi0.01_mid_K0.999,Ostovar,Atomic_Swap_output_Swap_5.xes.gz,1.0,50.0,2,29
,,B100_s1_xi0.01_adaptive_K0.999,Ostovar,Atomic_Swap_output_Swap_5.xes.gz,1.0,49.5,2,29
,,B100_s1_xi0.01_refine_K0.999,Ostovar,Atomic_Swap_output_Swap_5.xes.gz,1.0,59.0,2,29
,,B100_s2_xi0.01_end_K0.999,Ostovar,Atomic_Swap_output_Swap_5.xes.gz,0.666667,50.0,4,27
,,B100_s3_xi0.01_end_K0.999,Ostovar,Atomic_Swap_output_Swap_5.xes.gz,0.666667,50.0,4,25
,,B100_s4_xi0.01_end_K0.999,Ostovar,Atomic_Swap_output_Swap_5.xes.gz,0.666667,100.0,4,23
,,B100_s5_xi0.01_end_K0.999,Ostovar,Atomic_Swap_output_Swap_5.xes.gz,0.666667,100.0,4,21
,,B25_s1_xi0.01_end_K0.999,Ostovar,Atomic_Swap_output_Swap_5.xes.gz,0.666667,37.5,4,119
,,B50_s1_xi0.01_end_K0.999,Ostovar,Atomic_Swap_output_Swap_5.xes.gz,1.0,0.0,2,59
,,B150_s1_xi0.01_end_K0.999,Ostovar,Atomic_Swap_output_Swap_5.xes.gz,1.0,75.0,2,19
,,B200_s1_xi0.01_end_K0.999,Ostovar,Atomic_Swap_output_Swap_5.xes.gz,1.0,100.0,2,14
,,B300_s1_xi0.01_end_K0.999,Ostovar,Atomic_Swap_output_Swap_5.xes.gz,0.666667,200.0,1,9
,,B100_s1_xi0.0_end_K0.999,Ostovar,Composite_IOR_output_IOR.xes.gz,0.666667,0.0,4,29
,,B100_s1_xi0.005_end_K0.999,Ostovar,Composite_IOR_output_IOR.xes.gz,1.0,0.0,2,29
,,B100_s1_xi0.01_end_K0.999,Ostovar,Composite_IOR_output_IOR.xes.gz,1.0,0.0,2,29
,,B100_s1_xi0.02_end_K0.999,Ostovar,Composite_IOR_output_IOR.xes.gz,1.0,0.0,2,29
,,B100_s1_xi0.03_end_K0.999,Ostovar,Composite_IOR_output_IOR.xes.gz,1.0,0.0,2,29
,,B100_s1_xi0.05_end_K0.999,Ostovar,Composite_IOR_output_IOR.xes.gz,1.0,0.0,2,29
,,B100_s1_xi0.07_end_K0.999,Ostovar,Composite_IOR_output_IOR.xes.gz,1.0,0.0,2,29
,,B100_s1_xi0.1_end_K0.999,Ostovar,Composite_IOR_output_IOR.xes.gz,1.0,0.0,2,29
,,B100_s1_xi0.01_start_K0.999,Ostovar,Composite_IOR_output_IOR.xes.gz,1.0,99.0,2,29
,,B100_s1_xi0.01_mid_K0.999,Ostovar,Composite_IOR_output_IOR.xes.gz,1.0,50.0,2,29
,,B100_s1_xi0.01_adaptive_K0.999,Ostovar,Composite_IOR_output_IOR.xes.gz,1.0,99.0,2,29
,,B100_s1_xi0.01_refine_K0.999,Ostovar,Composite_IOR_output_IOR.xes.gz,1.0,59.0,2,29
,,B100_s2_xi0.01_end_K0.999,Ostovar,Composite_IOR_output_IOR.xes.gz,0.571429,100.0,5,27
,,B100_s3_xi0.01_end_K0.999,Ostovar,Composite_IOR_output_IOR.xes.gz,0.571429,100.0,5,25
,,B100_s4_xi0.01_end_K0.999,Ostovar,Composite_IOR_output_IOR.xes.gz,0.666667,100.0,4,23
,,B100_s5_xi0.01_end_K0.999,Ostovar,Composite_IOR_output_IOR.xes.gz,0.666667,100.0,4,21
,,B25_s1_xi0.01_end_K0.999,Ostovar,Composite_IOR_output_IOR.xes.gz,0.571429,37.5,5,119
,,B50_s1_xi0.01_end_K0.999,Ostovar,Composite_IOR_output_IOR.xes.gz,0.5,0.0,6,59
,,B150_s1_xi0.01_end_K0.999,Ostovar,Composite_IOR_output_IOR.xes.gz,1.0,75.0,2,19
,,B200_s1_xi0.01_end_K0.999,Ostovar,Composite_IOR_output_IOR.xes.gz,1.0,200.0,2,14
,,B300_s1_xi0.01_end_K0.999,Ostovar,Composite_IOR_output_IOR.xes.gz,1.0,150.0,2,9
,,B100_s1_xi0.0_end_K0.999,Ostovar,Composite_IOR_output_IOR_2.xes.gz,0.5,50.0,6,29
,,B100_s1_xi0.005_end_K0.999,Ostovar,Composite_IOR_output_IOR_2.xes.gz,1.0,50.0,2,29
,,B100_s1_xi0.01_end_K0.999,Ostovar,Composite_IOR_output_IOR_2.xes.gz,1.0,50.0,2,29
,,B100_s1_xi0.02_end_K0.999,Ostovar,Composite_IOR_output_IOR_2.xes.gz,1.0,50.0,2,29
,,B100_s1_xi0.03_end_K0.999,Ostovar,Composite_IOR_output_IOR_2.xes.gz,1.0,50.0,2,29
,,B100_s1_xi0.05_end_K0.999,Ostovar,Composite_IOR_output_IOR_2.xes.gz,1.0,50.0,2,29
,,B100_s1_xi0.07_end_K0.999,Ostovar,Composite_IOR_output_IOR_2.xes.gz,1.0,50.0,2,29
,,B100_s1_xi0.1_end_K0.999,Ostovar,Composite_IOR_output_IOR_2.xes.gz,0.0,,0,29
,,B100_s1_xi0.01_start_K0.999,Ostovar,Composite_IOR_output_IOR_2.xes.gz,1.0,50.0,2,29
,,B100_s1_xi0.01_mid_K0.999,Ostovar,Composite_IOR_output_IOR_2.xes.gz,1.0,50.0,2,29
,,B100_s1_xi0.01_adaptive_K0.999,Ostovar,Composite_IOR_output_IOR_2.xes.gz,1.0,50.0,2,29
,,B100_s1_xi0.01_refine_K0.999,Ostovar,Composite_IOR_output_IOR_2.xes.gz,1.0,69.0,2,29
,,B100_s2_xi0.01_end_K0.999,Ostovar,Composite_IOR_output_IOR_2.xes.gz,0.666667,100.0,4,27
,,B100_s3_xi0.01_end_K0.999,Ostovar,Composite_IOR_output_IOR_2.xes.gz,0.666667,100.0,4,25
,,B100_s4_xi0.01_end_K0.999,Ostovar,Composite_IOR_output_IOR_2.xes.gz,0.666667,100.0,4,23
,,B100_s5_xi0.01_end_K0.999,Ostovar,Composite_IOR_output_IOR_2.xes.gz,0.8,100.0,3,21
,,B25_s1_xi0.01_end_K0.999,Ostovar,Composite_IOR_output_IOR_2.xes.gz,0.8,37.5,3,119
,,B50_s1_xi0.01_end_K0.999,Ostovar,Composite_IOR_output_IOR_2.xes.gz,0.666667,0.0,4,59
,,B150_s1_xi0.01_end_K0.999,Ostovar,Composite_IOR_output_IOR_2.xes.gz,1.0,75.0,2,19
,,B200_s1_xi0.01_end_K0.999,Ostovar,Composite_IOR_output_IOR_2.xes.gz,1.0,200.0,2,14
,,B300_s1_xi0.01_end_K0.999,Ostovar,Composite_IOR_output_IOR_2.xes.gz,1.0,150.0,2,9
,,B100_s1_xi0.0_end_K0.999,Ostovar,Composite_IOR_output_IOR_5.xes.gz,0.4,50.0,8,29
,,B100_s1_xi0.005_end_K0.999,Ostovar,Composite_IOR_output_IOR_5.xes.gz,0.8,50.0,3,29
,,B100_s1_xi0.01_end_K0.999,Ostovar,Composite_IOR_output_IOR_5.xes.gz,1.0,50.0,2,29
,,B100_s1_xi0.02_end_K0.999,Ostovar,Composite_IOR_output_IOR_5.xes.gz,1.0,50.0,2,29
,,B100_s1_xi0.03_end_K0.999,Ostovar,Composite_IOR_output_IOR_5.xes.gz,1.0,50.0,2,29
,,B100_s1_xi0.05_end_K0.999,Ostovar,Composite_IOR_output_IOR_5.xes.gz,1.0,50.0,2,29
,,B100_s1_xi0.07_end_K0.999,Ostovar,Composite_IOR_output_IOR_5.xes.gz,1.0,50.0,2,29
,,B100_s1_xi0.1_end_K0.999,Ostovar,Composite_IOR_output_IOR_5.xes.gz,0.0,,0,29
,,B100_s1_xi0.01_start_K0.999,Ostovar,Composite_IOR_output_IOR_5.xes.gz,1.0,50.0,2,29
,,B100_s1_xi0.01_mid_K0.999,Ostovar,Composite_IOR_output_IOR_5.xes.gz,1.0,50.0,2,29
,,B100_s1_xi0.01_adaptive_K0.999,Ostovar,Composite_IOR_output_IOR_5.xes.gz,1.0,50.0,2,29
,,B100_s1_xi0.01_refine_K0.999,Ostovar,Composite_IOR_output_IOR_5.xes.gz,1.0,69.0,2,29
,,B100_s2_xi0.01_end_K0.999,Ostovar,Composite_IOR_output_IOR_5.xes.gz,0.571429,50.0,5,27
,,B100_s3_xi0.01_end_K0.999,Ostovar,Composite_IOR_output_IOR_5.xes.gz,0.666667,50.0,4,25
,,B100_s4_xi0.01_end_K0.999,Ostovar,Composite_IOR_output_IOR_5.xes.gz,0.571429,50.0,5,23
,,B100_s5_xi0.01_end_K0.999,Ostovar,Composite_IOR_output_IOR_5.xes.gz,0.666667,100.0,4,21
,,B25_s1_xi0.01_end_K0.999,Ostovar,Composite_IOR_output_IOR_5.xes.gz,0.571429,37.5,5,119
,,B50_s1_xi0.01_end_K0.999,Ostovar,Composite_IOR_output_IOR_5.xes.gz,0.571429,0.0,5,59
,,B150_s1_xi0.01_end_K0.999,Ostovar,Composite_IOR_output_IOR_5.xes.gz,1.0,75.0,2,19
,,B200_s1_xi0.01_end_K0.999,Ostovar,Composite_IOR_output_IOR_5.xes.gz,1.0,200.0,2,14
,,B300_s1_xi0.01_end_K0.999,Ostovar,Composite_IOR_output_IOR_5.xes.gz,1.0,150.0,2,9
,,B100_s1_xi0.0_end_K0.999,Ostovar,Composite_IRO_output_IRO.xes.gz,0.666667,0.0,4,29
,,B100_s1_xi0.005_end_K0.999,Ostovar,Composite_IRO_output_IRO.xes.gz,0.666667,0.0,4,29
,,B100_s1_xi0.01_end_K0.999,Ostovar,Composite_IRO_output_IRO.xes.gz,0.8,0.0,3,29
,,B100_s1_xi0.02_end_K0.999,Ostovar,Composite_IRO_output_IRO.xes.gz,0.8,0.0,3,29
,,B100_s1_xi0.03_end_K0.999,Ostovar,Composite_IRO_output_IRO.xes.gz,1.0,0.0,2,29
,,B100_s1_xi0.05_end_K0.999,Ostovar,Composite_IRO_output_IRO.xes.gz,1.0,0.0,2,29
,,B100_s1_xi0.07_end_K0.999,Ostovar,Composite_IRO_output_IRO.xes.gz,1.0,0.0,2,29
,,B100_s1_xi0.1_end_K0.999,Ostovar,Composite_IRO_output_IRO.xes.gz,1.0,0.0,2,29
,,B100_s1_xi0.01_start_K0.999,Ostovar,Composite_IRO_output_IRO.xes.gz,0.8,99.0,3,29
,,B100_s1_xi0.01_mid_K0.999,Ostovar,Composite_IRO_output_IRO.xes.gz,0.8,50.0,3,29
,,B100_s1_xi0.01_adaptive_K0.999,Ostovar,Composite_IRO_output_IRO.xes.gz,0.8,99.0,3,29
,,B100_s1_xi0.01_refine_K0.999,Ostovar,Composite_IRO_output_IRO.xes.gz,0.8,49.0,3,29
,,B100_s2_xi0.01_end_K0.999,Ostovar,Composite_IRO_output_IRO.xes.gz,0.571429,100.0,5,27
,,B100_s3_xi0.01_end_K0.999,Ostovar,Composite_IRO_output_IRO.xes.gz,0.571429,100.0,5,25
,,B100_s4_xi0.01_end_K0.999,Ostovar,Composite_IRO_output_IRO.xes.gz,0.666667,100.0,4,23
,,B100_s5_xi0.01_end_K0.999,Ostovar,Composite_IRO_output_IRO.xes.gz,0.666667,100.0,4,21
,,B25_s1_xi0.01_end_K0.999,Ostovar,Composite_IRO_output_IRO.xes.gz,0.8,25.0,3,119
,,B50_s1_xi0.01_end_K0.999,Ostovar,Composite_IRO_output_IRO.xes.gz,1.0,0.0,2,59
,,B150_s1_xi0.01_end_K0.999,Ostovar,Composite_IRO_output_IRO.xes.gz,1.0,75.0,2,19
,,B200_s1_xi0.01_end_K0.999,Ostovar,Composite_IRO_output_IRO.xes.gz,0.8,200.0,3,14
,,B300_s1_xi0.01_end_K0.999,Ostovar,Composite_IRO_output_IRO.xes.gz,1.0,150.0,2,9
,,B100_s1_xi0.0_end_K0.999,Ostovar,Composite_IRO_output_IRO_2.xes.gz,0.571429,50.0,5,29
,,B100_s1_xi0.005_end_K0.999,Ostovar,Composite_IRO_output_IRO_2.xes.gz,0.8,50.0,3,29
,,B100_s1_xi0.01_end_K0.999,Ostovar,Composite_IRO_output_IRO_2.xes.gz,1.0,50.0,2,29
,,B100_s1_xi0.02_end_K0.999,Ostovar,Composite_IRO_output_IRO_2.xes.gz,1.0,50.0,2,29
,,B100_s1_xi0.03_end_K0.999,Ostovar,Composite_IRO_output_IRO_2.xes.gz,1.0,50.0,2,29
,,B100_s1_xi0.05_end_K0.999,Ostovar,Composite_IRO_output_IRO_2.xes.gz,1.0,50.0,2,29
,,B100_s1_xi0.07_end_K0.999,Ostovar,Composite_IRO_output_IRO_2.xes.gz,1.0,50.0,2,29
,,B100_s1_xi0.1_end_K0.999,Ostovar,Composite_IRO_output_IRO_2.xes.gz,0.666667,0.0,1,29
,,B100_s1_xi0.01_start_K0.999,Ostovar,Composite_IRO_output_IRO_2.xes.gz,1.0,50.0,2,29
,,B100_s1_xi0.01_mid_K0.999,Ostovar,Composite_IRO_output_IRO_2.xes.gz,1.0,50.0,2,29
,,B100_s1_xi0.01_adaptive_K0.999,Ostovar,Composite_IRO_output_IRO_2.xes.gz,1.0,50.0,2,29
,,B100_s1_xi0.01_refine_K0.999,Ostovar,Composite_IRO_output_IRO_2.xes.gz,1.0,49.0,2,29
,,B100_s2_xi0.01_end_K0.999,Ostovar,Composite_IRO_output_IRO_2.xes.gz,0.666667,100.0,4,27
,,B100_s3_xi0.01_end_K0.999,Ostovar,Composite_IRO_output_IRO_2.xes.gz,0.571429,50.0,5,25
,,B100_s4_xi0.01_end_K0.999,Ostovar,Composite_IRO_output_IRO_2.xes.gz,0.666667,100.0,4,23
,,B100_s5_xi0.01_end_K0.999,Ostovar,Composite_IRO_output_IRO_2.xes.gz,0.666667,100.0,4,21
,,B25_s1_xi0.01_end_K0.999,Ostovar,Composite_IRO_output_IRO_2.xes.gz,0.8,25.0,3,119
,,B50_s1_xi0.01_end_K0.999,Ostovar,Composite_IRO_output_IRO_2.xes.gz,1.0,0.0,2,59
,,B150_s1_xi0.01_end_K0.999,Ostovar,Composite_IRO_output_IRO_2.xes.gz,1.0,75.0,2,19
,,B200_s1_xi0.01_end_K0.999,Ostovar,Composite_IRO_output_IRO_2.xes.gz,1.0,200.0,2,14
,,B300_s1_xi0.01_end_K0.999,Ostovar,Composite_IRO_output_IRO_2.xes.gz,1.0,150.0,2,9
,,B100_s1_xi0.0_end_K0.999,Ostovar,Composite_IRO_output_IRO_5.xes.gz,0.444444,0.0,7,29
,,B100_s1_xi0.005_end_K0.999,Ostovar,Composite_IRO_output_IRO_5.xes.gz,0.8,0.0,3,29
,,B100_s1_xi0.01_end_K0.999,Ostovar,Composite_IRO_output_IRO_5.xes.gz,1.0,0.0,2,29
,,B100_s1_xi0.02_end_K0.999,Ostovar,Composite_IRO_output_IRO_5.xes.gz,1.0,0.0,2,29
,,B100_s1_xi0.03_end_K0.999,Ostovar,Composite_IRO_output_IRO_5.xes.gz,1.0,0.0,2,29
,,B100_s1_xi0.05_end_K0.999,Ostovar,Composite_IRO_output_IRO_5.xes.gz,1.0,0.0,2,29
,,B100_s1_xi0.07_end_K0.999,Ostovar,Composite_IRO_output_IRO_5.xes.gz,1.0,0.0,2,29
,,B100_s1_xi0.1_end_K0.999,Ostovar,Composite_IRO_output_IRO_5.xes.gz,0.0,,0,29
,,B100_s1_xi0.01_start_K0.999,Ostovar,Composite_IRO_output_IRO_5.xes.gz,1.0,99.0,2,29
,,B100_s1_xi0.01_mid_K0.999,Ostovar,Composite_IRO_output_IRO_5.xes.gz,1.0,50.0,2,29
,,B100_s1_xi0.01_adaptive_K0.999,Ostovar,Composite_IRO_output_IRO_5.xes.gz,1.0,99.0,2,29
,,B100_s1_xi0.01_refine_K0.999,Ostovar,Composite_IRO_output_IRO_5.xes.gz,1.0,49.0,2,29
,,B100_s2_xi0.01_end_K0.999,Ostovar,Composite_IRO_output_IRO_5.xes.gz,0.666667,0.0,4,27
,,B100_s3_xi0.01_end_K0.999,Ostovar,Composite_IRO_output_IRO_5.xes.gz,0.666667,50.0,4,25
,,B100_s4_xi0.01_end_K0.999,Ostovar,Composite_IRO_output_IRO_5.xes.gz,0.666667,100.0,4,23
,,B100_s5_xi0.01_end_K0.999,Ostovar,Composite_IRO_output_IRO_5.xes.gz,0.666667,100.0,4,21
,,B25_s1_xi0.01_end_K0.999,Ostovar,Composite_IRO_output_IRO_5.xes.gz,1.0,25.0,2,119
,,B50_s1_xi0.01_end_K0.999,Ostovar,Composite_IRO_output_IRO_5.xes.gz,0.8,0.0,3,59
,,B150_s1_xi0.01_end_K0.999,Ostovar,Composite_IRO_output_IRO_5.xes.gz,1.0,75.0,2,19
,,B200_s1_xi0.01_end_K0.999,Ostovar,Composite_IRO_output_IRO_5.xes.gz,1.0,200.0,2,14
,,B300_s1_xi0.01_end_K0.999,Ostovar,Composite_IRO_output_IRO_5.xes.gz,1.0,150.0,2,9
,,B100_s1_xi0.0_end_K0.999,Ostovar,Composite_OIR_output_OIR.xes.gz,0.571429,0.0,5,29
,,B100_s1_xi0.005_end_K0.999,Ostovar,Composite_OIR_output_OIR.xes.gz,0.666667,0.0,4,29
,,B100_s1_xi0.01_end_K0.999,Ostovar,Composite_OIR_output_OIR.xes.gz,1.0,0.0,2,29
,,B100_s1_xi0.02_end_K0.999,Ostovar,Composite_OIR_output_OIR.xes.gz,1.0,0.0,2,29
,,B100_s1_xi0.03_end_K0.999,Ostovar,Composite_OIR_output_OIR.xes.gz,1.0,0.0,2,29
,,B100_s1_xi0.05_end_K0.999,Ostovar,Composite_OIR_output_OIR.xes.gz,1.0,0.0,2,29
,,B100_s1_xi0.07_end_K0.999,Ostovar,Composite_OIR_output_OIR.xes.gz,1.0,0.0,2,29
,,B100_s1_xi0.1_end_K0.999,Ostovar,Composite_OIR_output_OIR.xes.gz,1.0,0.0,2,29
,,B100_s1_xi0.01_start_K0.999,Ostovar,Composite_OIR_output_OIR.xes.gz,1.0,99.0,2,29
,,B100_s1_xi0.01_mid_K0.999,Ostovar,Composite_OIR_output_OIR.xes.gz,1.0,50.0,2,29
,,B100_s1_xi0.01_adaptive_K0.999,Ostovar,Composite_OIR_output_OIR.xes.gz,1.0,99.0,2,29
,,B100_s1_xi0.01_refine_K0.999,Ostovar,Composite_OIR_output_OIR.xes.gz,1.0,59.0,2,29
,,B100_s2_xi0.01_end_K0.999,Ostovar,Composite_OIR_output_OIR.xes.gz,0.666667,100.0,4,27
,,B100_s3_xi0.01_end_K0.999,Ostovar,Composite_OIR_output_OIR.xes.gz,0.666667,100.0,4,25
,,B100_s4_xi0.01_end_K0.999,Ostovar,Composite_OIR_output_OIR.xes.gz,0.666667,100.0,4,23
,,B100_s5_xi0.01_end_K0.999,Ostovar,Composite_OIR_output_OIR.xes.gz,0.666667,100.0,4,21
,,B25_s1_xi0.01_end_K0.999,Ostovar,Composite_OIR_output_OIR.xes.gz,0.666667,62.5,4,119
,,B50_s1_xi0.01_end_K0.999,Ostovar,Composite_OIR_output_OIR.xes.gz,0.8,25.0,3,59
,,B150_s1_xi0.01_end_K0.999,Ostovar,Composite_OIR_output_OIR.xes.gz,1.0,75.0,2,19
,,B200_s1_xi0.01_end_K0.999,Ostovar,Composite_OIR_output_OIR.xes.gz,1.0,200.0,2,14
,,B300_s1_xi0.01_end_K0.999,Ostovar,Composite_OIR_output_OIR.xes.gz,1.0,150.0,2,9
,,B100_s1_xi0.0_end_K0.999,Ostovar,Composite_OIR_output_OIR_2.xes.gz,0.4,0.0,8,29
,,B100_s1_xi0.005_end_K0.999,Ostovar,Composite_OIR_output_OIR_2.xes.gz,0.8,0.0,3,29
,,B100_s1_xi0.01_end_K0.999,Ostovar,Composite_OIR_output_OIR_2.xes.gz,1.0,0.0,2,29
,,B100_s1_xi0.02_end_K0.999,Ostovar,Composite_OIR_output_OIR_2.xes.gz,1.0,0.0,2,29
,,B100_s1_xi0.03_end_K0.999,Ostovar,Composite_OIR_output_OIR_2.xes.gz,1.0,0.0,2,29
,,B100_s1_xi0.05_end_K0.999,Ostovar,Composite_OIR_output_OIR_2.xes.gz,1.0,0.0,2,29
,,B100_s1_xi0.07_end_K0.999,Ostovar,Composite_OIR_output_OIR_2.xes.gz,1.0,0.0,2,29
,,B100_s1_xi0.1_end_K0.999,Ostovar,Composite_OIR_output_OIR_2.xes.gz,0.0,,0,29
,,B100_s1_xi0.01_start_K0.999,Ostovar,Composite_OIR_output_OIR_2.xes.gz,1.0,99.0,2,29
,,B100_s1_xi0.01_mid_K0.999,Ostovar,Composite_OIR_output_OIR_2.xes.gz,1.0,50.0,2,29
,,B100_s1_xi0.01_adaptive_K0.999,Ostovar,Composite_OIR_output_OIR_2.xes.gz,1.0,99.0,2,29
,,B100_s1_xi0.01_refine_K0.999,Ostovar,Composite_OIR_output_OIR_2.xes.gz,1.0,59.0,2,29
,,B100_s2_xi0.01_end_K0.999,Ostovar,Composite_OIR_output_OIR_2.xes.gz,0.571429,50.0,5,27
,,B100_s3_xi0.01_end_K0.999,Ostovar,Composite_OIR_output_OIR_2.xes.gz,0.666667,50.0,4,25
,,B100_s4_xi0.01_end_K0.999,Ostovar,Composite_OIR_output_OIR_2.xes.gz,0.666667,100.0,4,23
,,B100_s5_xi0.01_end_K0.999,Ostovar,Composite_OIR_output_OIR_2.xes.gz,0.666667,100.0,4,21
,,B25_s1_xi0.01_end_K0.999,Ostovar,Composite_OIR_output_OIR_2.xes.gz,0.666667,50.0,4,119
,,B50_s1_xi0.01_end_K0.999,Ostovar,Composite_OIR_output_OIR_2.xes.gz,1.0,0.0,2,59
,,B150_s1_xi0.01_end_K0.999,Ostovar,Composite_OIR_output_OIR_2.xes.gz,1.0,75.0,2,19
,,B200_s1_xi0.01_end_K0.999,Ostovar,Composite_OIR_output_OIR_2.xes.gz,1.0,200.0,2,14
,,B300_s1_xi0.01_end_K0.999,Ostovar,Composite_OIR_output_OIR_2.xes.gz,1.0,150.0,2,9
,,B100_s1_xi0.0_end_K0.999,Ostovar,Composite_OIR_output_OIR_5.xes.gz,0.363636,0.0,9,29
,,B100_s1_xi0.005_end_K0.999,Ostovar,Composite_OIR_output_OIR_5.xes.gz,1.0,0.0,2,29
,,B100_s1_xi0.01_end_K0.999,Ostovar,Composite_OIR_output_OIR_5.xes.gz,1.0,0.0,2,29
,,B100_s1_xi0.02_end_K0.999,Ostovar,Composite_OIR_output_OIR_5.xes.gz,1.0,0.0,2,29
,,B100_s1_xi0.03_end_K0.999,Ostovar,Composite_OIR_output_OIR_5.xes.gz,1.0,0.0,2,29
,,B100_s1_xi0.05_end_K0.999,Ostovar,Composite_OIR_output_OIR_5.xes.gz,1.0,0.0,2,29
,,B100_s1_xi0.07_end_K0.999,Ostovar,Composite_OIR_output_OIR_5.xes.gz,1.0,0.0,2,29
,,B100_s1_xi0.1_end_K0.999,Ostovar,Composite_OIR_output_OIR_5.xes.gz,0.0,,0,29
,,B100_s1_xi0.01_start_K0.999,Ostovar,Composite_OIR_output_OIR_5.xes.gz,1.0,99.0,2,29
,,B100_s1_xi0.01_mid_K0.999,Ostovar,Composite_OIR_output_OIR_5.xes.gz,1.0,50.0,2,29
,,B100_s1_xi0.01_adaptive_K0.999,Ostovar,Composite_OIR_output_OIR_5.xes.gz,1.0,99.0,2,29
,,B100_s1_xi0.01_refine_K0.999,Ostovar,Composite_OIR_output_OIR_5.xes.gz,1.0,59.0,2,29
,,B100_s2_xi0.01_end_K0.999,Ostovar,Composite_OIR_output_OIR_5.xes.gz,0.666667,50.0,4,27
,,B100_s3_xi0.01_end_K0.999,Ostovar,Composite_OIR_output_OIR_5.xes.gz,0.666667,100.0,4,25
,,B100_s4_xi0.01_end_K0.999,Ostovar,Composite_OIR_output_OIR_5.xes.gz,0.666667,100.0,4,23
,,B100_s5_xi0.01_end_K0.999,Ostovar,Composite_OIR_output_OIR_5.xes.gz,0.666667,100.0,4,21
,,B25_s1_xi0.01_end_K0.999,Ostovar,Composite_OIR_output_OIR_5.xes.gz,1.0,50.0,2,119
,,B50_s1_xi0.01_end_K0.999,Ostovar,Composite_OIR_output_OIR_5.xes.gz,1.0,0.0,2,59
,,B150_s1_xi0.01_end_K0.999,Ostovar,Composite_OIR_output_OIR_5.xes.gz,1.0,75.0,2,19
,,B200_s1_xi0.01_end_K0.999,Ostovar,Composite_OIR_output_OIR_5.xes.gz,1.0,200.0,2,14
,,B300_s1_xi0.01_end_K0.999,Ostovar,Composite_OIR_output_OIR_5.xes.gz,1.0,150.0,2,9
,,B100_s1_xi0.0_end_K0.999,Ostovar,Composite_ORI_output_ORI.xes.gz,0.571429,0.0,5,29
,,B100_s1_xi0.005_end_K0.999,Ostovar,Composite_ORI_output_ORI.xes.gz,0.571429,0.0,5,29
,,B100_s1_xi0.01_end_K0.999,Ostovar,Composite_ORI_output_ORI.xes.gz,0.571429,0.0,5,29
,,B100_s1_xi0.02_end_K0.999,Ostovar,Composite_ORI_output_ORI.xes.gz,0.8,0.0,3,29
,,B100_s1_xi0.03_end_K0.999,Ostovar,Composite_ORI_output_ORI.xes.gz,0.8,0.0,3,29
,,B100_s1_xi0.05_end_K0.999,Ostovar,Composite_ORI_output_ORI.xes.gz,1.0,0.0,2,29
,,B100_s1_xi0.07_end_K0.999,Ostovar,Composite_ORI_output_ORI.xes.gz,1.0,0.0,2,29
,,B100_s1_xi0.1_end_K0.999,Ostovar,Composite_ORI_output_ORI.xes.gz,1.0,0.0,2,29
,,B100_s1_xi0.01_start_K0.999,Ostovar,Composite_ORI_output_ORI.xes.gz,0.571429,99.0,5,29
,,B100_s1_xi0.01_mid_K0.999,Ostovar,Composite_ORI_output_ORI.xes.gz,0.571429,50.0,5,29
,,B100_s1_xi0.01_adaptive_K0.999,Ostovar,Composite_ORI_output_ORI.xes.gz,0.571429,99.0,5,29
,,B100_s1_xi0.01_refine_K0.999,Ostovar,Composite_ORI_output_ORI.xes.gz,0.571429,129.0,5,29
,,B100_s2_xi0.01_end_K0.999,Ostovar,Composite_ORI_output_ORI.xes.gz,0.444444,50.0,7,27
,,B100_s3_xi0.01_end_K0.999,Ostovar,Composite_ORI_output_ORI.xes.gz,0.444444,100.0,7,25
,,B100_s4_xi0.01_end_K0.999,Ostovar,Composite_ORI_output_ORI.xes.gz,0.571429,100.0,5,23
,,B100_s5_xi0.01_end_K0.999,Ostovar,Composite_ORI_output_ORI.xes.gz,0.666667,100.0,4,21
,,B25_s1_xi0.01_end_K0.999,Ostovar,Composite_ORI_output_ORI.xes.gz,0.190476,37.5,19,119
,,B50_s1_xi0.01_end_K0.999,Ostovar,Composite_ORI_output_ORI.xes.gz,0.363636,50.0,9,59
,,B150_s1_xi0.01_end_K0.999,Ostovar,Composite_ORI_output_ORI.xes.gz,0.8,75.0,3,19
,,B200_s1_xi0.01_end_K0.999,Ostovar,Composite_ORI_output_ORI.xes.gz,1.0,100.0,2,14
,,B300_s1_xi0.01_end_K0.999,Ostovar,Composite_ORI_output_ORI.xes.gz,1.0,150.0,2,9
,,B100_s1_xi0.0_end_K0.999,Ostovar,Composite_ORI_output_ORI_2.xes.gz,0.444444,0.0,7,29
,,B100_s1_xi0.005_end_K0.999,Ostovar,Composite_ORI_output_ORI_2.xes.gz,0.5,0.0,6,29
,,B100_s1_xi0.01_end_K0.999,Ostovar,Composite_ORI_output_ORI_2.xes.gz,0.8,0.0,3,29
,,B100_s1_xi0.02_end_K0.999,Ostovar,Composite_ORI_output_ORI_2.xes.gz,1.0,0.0,2,29
,,B100_s1_xi0.03_end_K0.999,Ostovar,Composite_ORI_output_ORI_2.xes.gz,1.0,0.0,2,29
,,B100_s1_xi0.05_end_K0.999,Ostovar,Composite_ORI_output_ORI_2.xes.gz,0.0,,0,29
,,B100_s1_xi0.07_end_K0.999,Ostovar,Composite_ORI_output_ORI_2.xes.gz,0.0,,0,29
,,B100_s1_xi0.1_end_K0.999,Ostovar,Composite_ORI_output_ORI_2.xes.gz,0.0,,0,29
,,B100_s1_xi0.01_start_K0.999,Ostovar,Composite_ORI_output_ORI_2.xes.gz,0.8,99.0,3,29
,,B100_s1_xi0.01_mid_K0.999,Ostovar,Composite_ORI_output_ORI_2.xes.gz,0.8,50.0,3,29
,,B100_s1_xi0.01_adaptive_K0.999,Ostovar,Composite_ORI_output_ORI_2.xes.gz,0.8,99.0,3,29
,,B100_s1_xi0.01_refine_K0.999,Ostovar,Composite_ORI_output_ORI_2.xes.gz,0.8,129.0,3,29
,,B100_s2_xi0.01_end_K0.999,Ostovar,Composite_ORI_output_ORI_2.xes.gz,0.5,0.0,6,27
,,B100_s3_xi0.01_end_K0.999,Ostovar,Composite_ORI_output_ORI_2.xes.gz,0.571429,100.0,5,25
,,B100_s4_xi0.01_end_K0.999,Ostovar,Composite_ORI_output_ORI_2.xes.gz,0.571429,100.0,5,23
,,B100_s5_xi0.01_end_K0.999,Ostovar,Composite_ORI_output_ORI_2.xes.gz,0.666667,100.0,4,21
,,B25_s1_xi0.01_end_K0.999,Ostovar,Composite_ORI_output_ORI_2.xes.gz,0.363636,37.5,9,119
,,B50_s1_xi0.01_end_K0.999,Ostovar,Composite_ORI_output_ORI_2.xes.gz,0.5,25.0,6,59
,,B150_s1_xi0.01_end_K0.999,Ostovar,Composite_ORI_output_ORI_2.xes.gz,0.8,50.0,3,19
,,B200_s1_xi0.01_end_K0.999,Ostovar,Composite_ORI_output_ORI_2.xes.gz,0.8,100.0,3,14
,,B300_s1_xi0.01_end_K0.999,Ostovar,Composite_ORI_output_ORI_2.xes.gz,0.666667,200.0,1,9
,,B100_s1_xi0.0_end_K0.999,Ostovar,Composite_ORI_output_ORI_5.xes.gz,0.444444,0.0,7,29
,,B100_s1_xi0.005_end_K0.999,Ostovar,Composite_ORI_output_ORI_5.xes.gz,0.571429,0.0,5,29
,,B100_s1_xi0.01_end_K0.999,Ostovar,Composite_ORI_output_ORI_5.xes.gz,1.0,0.0,2,29
,,B100_s1_xi0.02_end_K0.999,Ostovar,Composite_ORI_output_ORI_5.xes.gz,1.0,0.0,2,29
,,B100_s1_xi0.03_end_K0.999,Ostovar,Composite_ORI_output_ORI_5.xes.gz,1.0,0.0,2,29
,,B100_s1_xi0.05_end_K0.999,Ostovar,Composite_ORI_output_ORI_5.xes.gz,0.666667,0.0,1,29
,,B100_s1_xi0.07_end_K0.999,Ostovar,Composite_ORI_output_ORI_5.xes.gz,0.0,,0,29
,,B100_s1_xi0.1_end_K0.999,Ostovar,Composite_ORI_output_ORI_5.xes.gz,0.0,,0,29
,,B100_s1_xi0.01_start_K0.999,Ostovar,Composite_ORI_output_ORI_5.xes.gz,1.0,99.0,2,29
,,B100_s1_xi0.01_mid_K0.999,Ostovar,Composite_ORI_output_ORI_5.xes.gz,1.0,50.0,2,29
,,B100_s1_xi0.01_adaptive_K0.999,Ostovar,Composite_ORI_output_ORI_5.xes.gz,1.0,99.0,2,29
,,B100_s1_xi0.01_refine_K0.999,Ostovar,Composite_ORI_output_ORI_5.xes.gz,1.0,129.0,2,29
,,B100_s2_xi0.01_end_K0.999,Ostovar,Composite_ORI_output_ORI_5.xes.gz,0.444444,0.0,7,27
,,B100_s3_xi0.01_end_K0.999,Ostovar,Composite_ORI_output_ORI_5.xes.gz,0.571429,100.0,5,25
,,B100_s4_xi0.01_end_K0.999,Ostovar,Composite_ORI_output_ORI_5.xes.gz,0.5,100.0,6,23
,,B100_s5_xi0.01_end_K0.999,Ostovar,Composite_ORI_output_ORI_5.xes.gz,0.666667,100.0,4,21
,,B25_s1_xi0.01_end_K0.999,Ostovar,Composite_ORI_output_ORI_5.xes.gz,0.333333,50.0,10,119
,,B50_s1_xi0.01_end_K0.999,Ostovar,Composite_ORI_output_ORI_5.xes.gz,0.5,50.0,6,59
,,B150_s1_xi0.01_end_K0.999,Ostovar,Composite_ORI_output_ORI_5.xes.gz,0.8,75.0,3,19
,,B200_s1_xi0.01_end_K0.999,Ostovar,Composite_ORI_output_ORI_5.xes.gz,1.0,200.0,2,14
,,B300_s1_xi0.01_end_K0.999,Ostovar,Composite_ORI_output_ORI_5.xes.gz,0.666667,200.0,1,9
,,B100_s1_xi0.0_end_K0.999,Ostovar,Composite_RIO_output_RIO.xes.gz,0.666667,0.0,4,29
,,B100_s1_xi0.005_end_K0.999,Ostovar,Composite_RIO_output_RIO.xes.gz,1.0,0.0,2,29
,,B100_s1_xi0.01_end_K0.999,Ostovar,Composite_RIO_output_RIO.xes.gz,1.0,0.0,2,29
,,B100_s1_xi0.02_end_K0.999,Ostovar,Composite_RIO_output_RIO.xes.gz,1.0,0.0,2,29
,,B100_s1_xi0.03_end_K0.999,Ostovar,Composite_RIO_output_RIO.xes.gz,1.0,0.0,2,29
,,B100_s1_xi0.05_end_K0.999,Ostovar,Composite_RIO_output_RIO.xes.gz,1.0,0.0,2,29
,,B100_s1_xi0.07_end_K0.999,Ostovar,Composite_RIO_output_RIO.xes.gz,1.0,0.0,2,29
,,B100_s1_xi0.1_end_K0.999,Ostovar,Composite_RIO_output_RIO.xes.gz,1.0,0.0,2,29
,,B100_s1_xi0.01_start_K0.999,Ostovar,Composite_RIO_output_RIO.xes.gz,1.0,99.0,2,29
,,B100_s1_xi0.01_mid_K0.999,Ostovar,Composite_RIO_output_RIO.xes.gz,1.0,50.0,2,29
,,B100_s1_xi0.01_adaptive_K0.999,Ostovar,Composite_RIO_output_RIO.xes.gz,1.0,49.5,2,29
,,B100_s1_xi0.01_refine_K0.999,Ostovar,Composite_RIO_output_RIO.xes.gz,1.0,59.0,2,29
,,B100_s2_xi0.01_end_K0.999,Ostovar,Composite_RIO_output_RIO.xes.gz,0.666667,100.0,4,27
,,B100_s3_xi0.01_end_K0.999,Ostovar,Composite_RIO_output_RIO.xes.gz,0.666667,100.0,4,25
,,B100_s4_xi0.01_end_K0.999,Ostovar,Composite_RIO_output_RIO.xes.gz,0.666667,50.0,4,23
,,B100_s5_xi0.01_end_K0.999,Ostovar,Composite_RIO_output_RIO.xes.gz,0.666667,100.0,4,21
,,B25_s1_xi0.01_end_K0.999,Ostovar,Composite_RIO_output_RIO.xes.gz,0.571429,37.5,5,119
,,B50_s1_xi0.01_end_K0.999,Ostovar,Composite_RIO_output_RIO.xes.gz,0.666667,0.0,4,59
,,B150_s1_xi0.01_end_K0.999,Ostovar,Composite_RIO_output_RIO.xes.gz,1.0,75.0,2,19
,,B200_s1_xi0.01_end_K0.999,Ostovar,Composite_RIO_output_RIO.xes.gz,1.0,200.0,2,14
,,B300_s1_xi0.01_end_K0.999,Ostovar,Composite_RIO_output_RIO.xes.gz,1.0,150.0,2,9
,,B100_s1_xi0.0_end_K0.999,Ostovar,Composite_RIO_output_RIO_2.xes.gz,0.5,0.0,6,29
,,B100_s1_xi0.005_end_K0.999,Ostovar,Composite_RIO_output_RIO_2.xes.gz,0.8,0.0,3,29
,,B100_s1_xi0.01_end_K0.999,Ostovar,Composite_RIO_output_RIO_2.xes.gz,1.0,0.0,2,29
,,B100_s1_xi0.02_end_K0.999,Ostovar,Composite_RIO_output_RIO_2.xes.gz,1.0,0.0,2,29
,,B100_s1_xi0.03_end_K0.999,Ostovar,Composite_RIO_output_RIO_2.xes.gz,1.0,0.0,2,29
,,B100_s1_xi0.05_end_K0.999,Ostovar,Composite_RIO_output_RIO_2.xes.gz,0.666667,0.0,1,29
,,B100_s1_xi0.07_end_K0.999,Ostovar,Composite_RIO_output_RIO_2.xes.gz,0.0,,0,29
,,B100_s1_xi0.1_end_K0.999,Ostovar,Composite_RIO_output_RIO_2.xes.gz,0.0,,0,29
,,B100_s1_xi0.01_start_K0.999,Ostovar,Composite_RIO_output_RIO_2.xes.gz,1.0,99.0,2,29
,,B100_s1_xi0.01_mid_K0.999,Ostovar,Composite_RIO_output_RIO_2.xes.gz,1.0,50.0,2,29
,,B100_s1_xi0.01_adaptive_K0.999,Ostovar,Composite_RIO_output_RIO_2.xes.gz,1.0,49.5,2,29
,,B100_s1_xi0.01_refine_K0.999,Ostovar,Composite_RIO_output_RIO_2.xes.gz,1.0,59.0,2,29
,,B100_s2_xi0.01_end_K0.999,Ostovar,Composite_RIO_output_RIO_2.xes.gz,0.666667,100.0,4,27
,,B100_s3_xi0.01_end_K0.999,Ostovar,Composite_RIO_output_RIO_2.xes.gz,0.666667,100.0,4,25
,,B100_s4_xi0.01_end_K0.999,Ostovar,Composite_RIO_output_RIO_2.xes.gz,0.666667,50.0,4,23
,,B100_s5_xi0.01_end_K0.999,Ostovar,Composite_RIO_output_RIO_2.xes.gz,0.666667,100.0,4,21
,,B25_s1_xi0.01_end_K0.999,Ostovar,Composite_RIO_output_RIO_2.xes.gz,1.0,25.0,2,119
,,B50_s1_xi0.01_end_K0.999,Ostovar,Composite_RIO_output_RIO_2.xes.gz,1.0,0.0,2,59
,,B150_s1_xi0.01_end_K0.999,Ostovar,Composite_RIO_output_RIO_2.xes.gz,1.0,75.0,2,19
,,B200_s1_xi0.01_end_K0.999,Ostovar,Composite_RIO_output_RIO_2.xes.gz,1.0,200.0,2,14
,,B300_s1_xi0.01_end_K0.999,Ostovar,Composite_RIO_output_RIO_2.xes.gz,1.0,150.0,2,9
,,B100_s1_xi0.0_end_K0.999,Ostovar,Composite_RIO_output_RIO_5.xes.gz,0.444444,100.0,7,29
,,B100_s1_xi0.005_end_K0.999,Ostovar,Composite_RIO_output_RIO_5.xes.gz,1.0,100.0,2,29
,,B100_s1_xi0.01_end_K0.999,Ostovar,Composite_RIO_output_RIO_5.xes.gz,1.0,100.0,2,29
,,B100_s1_xi0.02_end_K0.999,Ostovar,Composite_RIO_output_RIO_5.xes.gz,1.0,100.0,2,29
,,B100_s1_xi0.03_end_K0.999,Ostovar,Composite_RIO_output_RIO_5.xes.gz,1.0,100.0,2,29
,,B100_s1_xi0.05_end_K0.999,Ostovar,Composite_RIO_output_RIO_5.xes.gz,1.0,100.0,2,29
,,B100_s1_xi0.07_end_K0.999,Ostovar,Composite_RIO_output_RIO_5.xes.gz,0.0,,0,29
,,B100_s1_xi0.1_end_K0.999,Ostovar,Composite_RIO_output_RIO_5.xes.gz,0.0,,0,29
,,B100_s1_xi0.01_start_K0.999,Ostovar,Composite_RIO_output_RIO_5.xes.gz,1.0,100.0,2,29
,,B100_s1_xi0.01_mid_K0.999,Ostovar,Composite_RIO_output_RIO_5.xes.gz,1.0,100.0,2,29
,,B100_s1_xi0.01_adaptive_K0.999,Ostovar,Composite_RIO_output_RIO_5.xes.gz,1.0,50.5,2,29
,,B100_s1_xi0.01_refine_K0.999,Ostovar,Composite_RIO_output_RIO_5.xes.gz,1.0,49.0,2,29
,,B100_s2_xi0.01_end_K0.999,Ostovar,Composite_RIO_output_RIO_5.xes.gz,0.666667,50.0,4,27
,,B100_s3_xi0.01_end_K0.999,Ostovar,Composite_RIO_output_RIO_5.xes.gz,0.666667,100.0,4,25
,,B100_s4_xi0.01_end_K0.999,Ostovar,Composite_RIO_output_RIO_5.xes.gz,0.666667,100.0,4,23
,,B100_s5_xi0.01_end_K0.999,Ostovar,Composite_RIO_output_RIO_5.xes.gz,0.666667,100.0,4,21
,,B25_s1_xi0.01_end_K0.999,Ostovar,Composite_RIO_output_RIO_5.xes.gz,1.0,37.5,2,119
,,B50_s1_xi0.01_end_K0.999,Ostovar,Composite_RIO_output_RIO_5.xes.gz,1.0,0.0,2,59
,,B150_s1_xi0.01_end_K0.999,Ostovar,Composite_RIO_output_RIO_5.xes.gz,1.0,50.0,2,19
,,B200_s1_xi0.01_end_K0.999,Ostovar,Composite_RIO_output_RIO_5.xes.gz,1.0,100.0,2,14
,,B300_s1_xi0.01_end_K0.999,Ostovar,Composite_RIO_output_RIO_5.xes.gz,1.0,150.0,2,9
,,B100_s1_xi0.0_end_K0.999,Ostovar,Composite_ROI_output_ROI.xes.gz,0.8,0.0,3,29
,,B100_s1_xi0.005_end_K0.999,Ostovar,Composite_ROI_output_ROI.xes.gz,1.0,0.0,2,29
,,B100_s1_xi0.01_end_K0.999,Ostovar,Composite_ROI_output_ROI.xes.gz,1.0,0.0,2,29
,,B100_s1_xi0.02_end_K0.999,Ostovar,Composite_ROI_output_ROI.xes.gz,1.0,0.0,2,29
,,B100_s1_xi0.03_end_K0.999,Ostovar,Composite_ROI_output_ROI.xes.gz,1.0,0.0,2,29
,,B100_s1_xi0.05_end_K0.999,Ostovar,Composite_ROI_output_ROI.xes.gz,1.0,0.0,2,29
,,B100_s1_xi0.07_end_K0.999,Ostovar,Composite_ROI_output_ROI.xes.gz,1.0,0.0,2,29
,,B100_s1_xi0.1_end_K0.999,Ostovar,Composite_ROI_output_ROI.xes.gz,1.0,0.0,2,29
,,B100_s1_xi0.01_start_K0.999,Ostovar,Composite_ROI_output_ROI.xes.gz,1.0,99.0,2,29
,,B100_s1_xi0.01_mid_K0.999,Ostovar,Composite_ROI_output_ROI.xes.gz,1.0,50.0,2,29
,,B100_s1_xi0.01_adaptive_K0.999,Ostovar,Composite_ROI_output_ROI.xes.gz,1.0,99.0,2,29
,,B100_s1_xi0.01_refine_K0.999,Ostovar,Composite_ROI_output_ROI.xes.gz,1.0,59.0,2,29
,,B100_s2_xi0.01_end_K0.999,Ostovar,Composite_ROI_output_ROI.xes.gz,0.666667,100.0,4,27
,,B100_s3_xi0.01_end_K0.999,Ostovar,Composite_ROI_output_ROI.xes.gz,0.666667,100.0,4,25
,,B100_s4_xi0.01_end_K0.999,Ostovar,Composite_ROI_output_ROI.xes.gz,0.666667,100.0,4,23
,,B100_s5_xi0.01_end_K0.999,Ostovar,Composite_ROI_output_ROI.xes.gz,0.666667,100.0,4,21
,,B25_s1_xi0.01_end_K0.999,Ostovar,Composite_ROI_output_ROI.xes.gz,0.571429,37.5,5,119
,,B50_s1_xi0.01_end_K0.999,Ostovar,Composite_ROI_output_ROI.xes.gz,0.8,25.0,3,59
,,B150_s1_xi0.01_end_K0.999,Ostovar,Composite_ROI_output_ROI.xes.gz,1.0,75.0,2,19
,,B200_s1_xi0.01_end_K0.999,Ostovar,Composite_ROI_output_ROI.xes.gz,1.0,200.0,2,14
,,B300_s1_xi0.01_end_K0.999,Ostovar,Composite_ROI_output_ROI.xes.gz,1.0,150.0,2,9
,,B100_s1_xi0.0_end_K0.999,Ostovar,Composite_ROI_output_ROI_2.xes.gz,0.4,0.0,8,29
,,B100_s1_xi0.005_end_K0.999,Ostovar,Composite_ROI_output_ROI_2.xes.gz,1.0,0.0,2,29
,,B100_s1_xi0.01_end_K0.999,Ostovar,Composite_ROI_output_ROI_2.xes.gz,1.0,0.0,2,29
,,B100_s1_xi0.02_end_K0.999,Ostovar,Composite_ROI_output_ROI_2.xes.gz,1.0,0.0,2,29
,,B100_s1_xi0.03_end_K0.999,Ostovar,Composite_ROI_output_ROI_2.xes.gz,1.0,0.0,2,29
,,B100_s1_xi0.05_end_K0.999,Ostovar,Composite_ROI_output_ROI_2.xes.gz,1.0,0.0,2,29
,,B100_s1_xi0.07_end_K0.999,Ostovar,Composite_ROI_output_ROI_2.xes.gz,1.0,0.0,2,29
,,B100_s1_xi0.1_end_K0.999,Ostovar,Composite_ROI_output_ROI_2.xes.gz,0.0,,0,29
,,B100_s1_xi0.01_start_K0.999,Ostovar,Composite_ROI_output_ROI_2.xes.gz,1.0,99.0,2,29
,,B100_s1_xi0.01_mid_K0.999,Ostovar,Composite_ROI_output_ROI_2.xes.gz,1.0,50.0,2,29
,,B100_s1_xi0.01_adaptive_K0.999,Ostovar,Composite_ROI_output_ROI_2.xes.gz,1.0,99.0,2,29
,,B100_s1_xi0.01_refine_K0.999,Ostovar,Composite_ROI_output_ROI_2.xes.gz,1.0,59.0,2,29
,,B100_s2_xi0.01_end_K0.999,Ostovar,Composite_ROI_output_ROI_2.xes.gz,0.666667,100.0,4,27
,,B100_s3_xi0.01_end_K0.999,Ostovar,Composite_ROI_output_ROI_2.xes.gz,0.666667,50.0,4,25
,,B100_s4_xi0.01_end_K0.999,Ostovar,Composite_ROI_output_ROI_2.xes.gz,0.666667,50.0,4,23
,,B100_s5_xi0.01_end_K0.999,Ostovar,Composite_ROI_output_ROI_2.xes.gz,0.666667,100.0,4,21
,,B25_s1_xi0.01_end_K0.999,Ostovar,Composite_ROI_output_ROI_2.xes.gz,0.8,37.5,3,119
,,B50_s1_xi0.01_end_K0.999,Ostovar,Composite_ROI_output_ROI_2.xes.gz,1.0,0.0,2,59
,,B150_s1_xi0.01_end_K0.999,Ostovar,Composite_ROI_output_ROI_2.xes.gz,1.0,75.0,2,19
,,B200_s1_xi0.01_end_K0.999,Ostovar,Composite_ROI_output_ROI_2.xes.gz,1.0,200.0,2,14
,,B300_s1_xi0.01_end_K0.999,Ostovar,Composite_ROI_output_ROI_2.xes.gz,1.0,150.0,2,9
,,B100_s1_xi0.0_end_K0.999,Ostovar,Composite_ROI_output_ROI_5.xes.gz,0.5,0.0,6,29
,,B100_s1_xi0.005_end_K0.999,Ostovar,Composite_ROI_output_ROI_5.xes.gz,1.0,0.0,2,29
,,B100_s1_xi0.01_end_K0.999,Ostovar,Composite_ROI_output_ROI_5.xes.gz,1.0,0.0,2,29
,,B100_s1_xi0.02_end_K0.999,Ostovar,Composite_ROI_output_ROI_5.xes.gz,1.0,0.0,2,29
,,B100_s1_xi0.03_end_K0.999,Ostovar,Composite_ROI_output_ROI_5.xes.gz,1.0,0.0,2,29
,,B100_s1_xi0.05_end_K0.999,Ostovar,Composite_ROI_output_ROI_5.xes.gz,1.0,0.0,2,29
,,B100_s1_xi0.07_end_K0.999,Ostovar,Composite_ROI_output_ROI_5.xes.gz,1.0,0.0,2,29
,,B100_s1_xi0.1_end_K0.999,Ostovar,Composite_ROI_output_ROI_5.xes.gz,0.0,,0,29
,,B100_s1_xi0.01_start_K0.999,Ostovar,Composite_ROI_output_ROI_5.xes.gz,1.0,99.0,2,29
,,B100_s1_xi0.01_mid_K0.999,Ostovar,Composite_ROI_output_ROI_5.xes.gz,1.0,50.0,2,29
,,B100_s1_xi0.01_adaptive_K0.999,Ostovar,Composite_ROI_output_ROI_5.xes.gz,1.0,99.0,2,29
,,B100_s1_xi0.01_refine_K0.999,Ostovar,Composite_ROI_output_ROI_5.xes.gz,1.0,59.0,2,29
,,B100_s2_xi0.01_end_K0.999,Ostovar,Composite_ROI_output_ROI_5.xes.gz,0.666667,50.0,4,27
,,B100_s3_xi0.01_end_K0.999,Ostovar,Composite_ROI_output_ROI_5.xes.gz,0.571429,50.0,5,25
,,B100_s4_xi0.01_end_K0.999,Ostovar,Composite_ROI_output_ROI_5.xes.gz,0.666667,100.0,4,23
,,B100_s5_xi0.01_end_K0.999,Ostovar,Composite_ROI_output_ROI_5.xes.gz,0.666667,100.0,4,21
,,B25_s1_xi0.01_end_K0.999,Ostovar,Composite_ROI_output_ROI_5.xes.gz,0.8,37.5,3,119
,,B50_s1_xi0.01_end_K0.999,Ostovar,Composite_ROI_output_ROI_5.xes.gz,1.0,0.0,2,59
,,B150_s1_xi0.01_end_K0.999,Ostovar,Composite_ROI_output_ROI_5.xes.gz,1.0,75.0,2,19
,,B200_s1_xi0.01_end_K0.999,Ostovar,Composite_ROI_output_ROI_5.xes.gz,1.0,200.0,2,14
,,B300_s1_xi0.01_end_K0.999,Ostovar,Composite_ROI_output_ROI_5.xes.gz,1.0,150.0,2,9
,,B100_s1_xi0.0_end_K0.999,Ostovar,Nested_IOR_output_IOR.xes.gz,0.5,0.0,6,29
,,B100_s1_xi0.005_end_K0.999,Ostovar,Nested_IOR_output_IOR.xes.gz,0.5,0.0,6,29
,,B100_s1_xi0.01_end_K0.999,Ostovar,Nested_IOR_output_IOR.xes.gz,0.571429,0.0,5,29
,,B100_s1_xi0.02_end_K0.999,Ostovar,Nested_IOR_output_IOR.xes.gz,0.8,0.0,3,29
,,B100_s1_xi0.03_end_K0.999,Ostovar,Nested_IOR_output_IOR.xes.gz,1.0,0.0,2,29
,,B100_s1_xi0.05_end_K0.999,Ostovar,Nested_IOR_output_IOR.xes.gz,1.0,0.0,2,29
,,B100_s1_xi0.07_end_K0.999,Ostovar,Nested_IOR_output_IOR.xes.gz,1.0,0.0,2,29
,,B100_s1_xi0.1_end_K0.999,Ostovar,Nested_IOR_output_IOR.xes.gz,1.0,0.0,2,29
,,B100_s1_xi0.01_start_K0.999,Ostovar,Nested_IOR_output_IOR.xes.gz,0.571429,99.0,5,29
,,B100_s1_xi0.01_mid_K0.999,Ostovar,Nested_IOR_output_IOR.xes.gz,0.571429,50.0,5,29
,,B100_s1_xi0.01_adaptive_K0.999,Ostovar,Nested_IOR_output_IOR.xes.gz,0.571429,99.0,5,29
,,B100_s1_xi0.01_refine_K0.999,Ostovar,Nested_IOR_output_IOR.xes.gz,0.571429,119.0,5,29
,,B100_s2_xi0.01_end_K0.999,Ostovar,Nested_IOR_output_IOR.xes.gz,0.571429,50.0,5,27
,,B100_s3_xi0.01_end_K0.999,Ostovar,Nested_IOR_output_IOR.xes.gz,0.571429,50.0,5,25
,,B100_s4_xi0.01_end_K0.999,Ostovar,Nested_IOR_output_IOR.xes.gz,0.666667,50.0,4,23
,,B100_s5_xi0.01_end_K0.999,Ostovar,Nested_IOR_output_IOR.xes.gz,0.666667,100.0,4,21
,,B25_s1_xi0.01_end_K0.999,Ostovar,Nested_IOR_output_IOR.xes.gz,0.235294,12.5,15,119
,,B50_s1_xi0.01_end_K0.999,Ostovar,Nested_IOR_output_IOR.xes.gz,0.571429,75.0,5,59
,,B150_s1_xi0.01_end_K0.999,Ostovar,Nested_IOR_output_IOR.xes.gz,0.8,75.0,3,19
,,B200_s1_xi0.01_end_K0.999,Ostovar,Nested_IOR_output_IOR.xes.gz,1.0,100.0,2,14
,,B300_s1_xi0.01_end_K0.999,Ostovar,Nested_IOR_output_IOR.xes.gz,1.0,150.0,2,9
,,B100_s1_xi0.0_end_K0.999,Ostovar,Nested_IOR_output_IOR_2.xes.gz,0.444444,0.0,7,29
,,B100_s1_xi0.005_end_K0.999,Ostovar,Nested_IOR_output_IOR_2.xes.gz,0.571429,0.0,5,29
,,B100_s1_xi0.01_end_K0.999,Ostovar,Nested_IOR_output_IOR_2.xes.gz,1.0,0.0,2,29
,,B100_s1_xi0.02_end_K0.999,Ostovar,Nested_IOR_output_IOR_2.xes.gz,1.0,0.0,2,29
,,B100_s1_xi0.03_end_K0.999,Ostovar,Nested_IOR_output_IOR_2.xes.gz,1.0,0.0,2,29
,,B100_s1_xi0.05_end_K0.999,Ostovar,Nested_IOR_output_IOR_2.xes.gz,1.0,0.0,2,29
,,B100_s1_xi0.07_end_K0.999,Ostovar,Nested_IOR_output_IOR_2.xes.gz,1.0,0.0,2,29
,,B100_s1_xi0.1_end_K0.999,Ostovar,Nested_IOR_output_IOR_2.xes.gz,1.0,0.0,2,29
,,B100_s1_xi0.01_start_K0.999,Ostovar,Nested_IOR_output_IOR_2.xes.gz,1.0,99.0,2,29
,,B100_s1_xi0.01_mid_K0.999,Ostovar,Nested_IOR_output_IOR_2.xes.gz,1.0,50.0,2,29
,,B100_s1_xi0.01_adaptive_K0.999,Ostovar,Nested_IOR_output_IOR_2.xes.gz,1.0,99.0,2,29
,,B100_s1_xi0.01_refine_K0.999,Ostovar,Nested_IOR_output_IOR_2.xes.gz,1.0,119.0,2,29
,,B100_s2_xi0.01_end_K0.999,Ostovar,Nested_IOR_output_IOR_2.xes.gz,0.5,100.0,6,27
,,B100_s3_xi0.01_end_K0.999,Ostovar,Nested_IOR_output_IOR_2.xes.gz,0.571429,50.0,5,25
,,B100_s4_xi0.01_end_K0.999,Ostovar,Nested_IOR_output_IOR_2.xes.gz,0.666667,100.0,4,23
,,B100_s5_xi0.01_end_K0.999,Ostovar,Nested_IOR_output_IOR_2.xes.gz,0.666667,100.0,4,21
,,B25_s1_xi0.01_end_K0.999,Ostovar,Nested_IOR_output_IOR_2.xes.gz,0.8,50.0,3,119
,,B50_s1_xi0.01_end_K0.999,Ostovar,Nested_IOR_output_IOR_2.xes.gz,0.8,50.0,3,59
,,B150_s1_xi0.01_end_K0.999,Ostovar,Nested_IOR_output_IOR_2.xes.gz,1.0,75.0,2,19
,,B200_s1_xi0.01_end_K0.999,Ostovar,Nested_IOR_output_IOR_2.xes.gz,1.0,100.0,2,14
,,B300_s1_xi0.01_end_K0.999,Ostovar,Nested_IOR_output_IOR_2.xes.gz,1.0,150.0,2,9
,,B100_s1_xi0.0_end_K0.999,Ostovar,Nested_IOR_output_IOR_5.xes.gz,0.4,0.0,8,29
,,B100_s1_xi0.005_end_K0.999,Ostovar,Nested_IOR_output_IOR_5.xes.gz,0.666667,0.0,4,29
,,B100_s1_xi0.01_end_K0.999,Ostovar,Nested_IOR_output_IOR_5.xes.gz,1.0,0.0,2,29
,,B100_s1_xi0.02_end_K0.999,Ostovar,Nested_IOR_output_IOR_5.xes.gz,1.0,0.0,2,29
,,B100_s1_xi0.03_end_K0.999,Ostovar,Nested_IOR_output_IOR_5.xes.gz,1.0,0.0,2,29
,,B100_s1_xi0.05_end_K0.999,Ostovar,Nested_IOR_output_IOR_5.xes.gz,1.0,0.0,2,29
,,B100_s1_xi0.07_end_K0.999,Ostovar,Nested_IOR_output_IOR_5.xes.gz,1.0,0.0,2,29
,,B100_s1_xi0.1_end_K0.999,Ostovar,Nested_IOR_output_IOR_5.xes.gz,1.0,0.0,2,29
,,B100_s1_xi0.01_start_K0.999,Ostovar,Nested_IOR_output_IOR_5.xes.gz,1.0,99.0,2,29
,,B100_s1_xi0.01_mid_K0.999,Ostovar,Nested_IOR_output_IOR_5.xes.gz,1.0,50.0,2,29
,,B100_s1_xi0.01_adaptive_K0.999,Ostovar,Nested_IOR_output_IOR_5.xes.gz,1.0,99.0,2,29
,,B100_s1_xi0.01_refine_K0.999,Ostovar,Nested_IOR_output_IOR_5.xes.gz,1.0,119.0,2,29
,,B100_s2_xi0.01_end_K0.999,Ostovar,Nested_IOR_output_IOR_5.xes.gz,0.444444,50.0,7,27
,,B100_s3_xi0.01_end_K0.999,Ostovar,Nested_IOR_output_IOR_5.xes.gz,0.666667,100.0,4,25
,,B100_s4_xi0.01_end_K0.999,Ostovar,Nested_IOR_output_IOR_5.xes.gz,0.571429,100.0,5,23
,,B100_s5_xi0.01_end_K0.999,Ostovar,Nested_IOR_output_IOR_5.xes.gz,0.666667,100.0,4,21
,,B25_s1_xi0.01_end_K0.999,Ostovar,Nested_IOR_output_IOR_5.xes.gz,0.5,50.0,6,119
,,B50_s1_xi0.01_end_K0.999,Ostovar,Nested_IOR_output_IOR_5.xes.gz,0.571429,25.0,5,59
,,B150_s1_xi0.01_end_K0.999,Ostovar,Nested_IOR_output_IOR_5.xes.gz,1.0,75.0,2,19
,,B200_s1_xi0.01_end_K0.999,Ostovar,Nested_IOR_output_IOR_5.xes.gz,0.5,200.0,2,14
,,B300_s1_xi0.01_end_K0.999,Ostovar,Nested_IOR_output_IOR_5.xes.gz,0.666667,200.0,1,9
,,B100_s1_xi0.0_end_K0.999,Ostovar,Nested_IRO_output_IRO.xes.gz,0.571429,0.0,5,29
,,B100_s1_xi0.005_end_K0.999,Ostovar,Nested_IRO_output_IRO.xes.gz,0.571429,0.0,5,29
,,B100_s1_xi0.01_end_K0.999,Ostovar,Nested_IRO_output_IRO.xes.gz,0.8,0.0,3,29
,,B100_s1_xi0.02_end_K0.999,Ostovar,Nested_IRO_output_IRO.xes.gz,0.8,0.0,3,29
,,B100_s1_xi0.03_end_K0.999,Ostovar,Nested_IRO_output_IRO.xes.gz,0.8,0.0,3,29
,,B100_s1_xi0.05_end_K0.999,Ostovar,Nested_IRO_output_IRO.xes.gz,1.0,0.0,2,29
,,B100_s1_xi0.07_end_K0.999,Ostovar,Nested_IRO_output_IRO.xes.gz,1.0,0.0,2,29
,,B100_s1_xi0.1_end_K0.999,Ostovar,Nested_IRO_output_IRO.xes.gz,1.0,0.0,2,29
,,B100_s1_xi0.01_start_K0.999,Ostovar,Nested_IRO_output_IRO.xes.gz,0.8,99.0,3,29
,,B100_s1_xi0.01_mid_K0.999,Ostovar,Nested_IRO_output_IRO.xes.gz,0.8,50.0,3,29
,,B100_s1_xi0.01_adaptive_K0.999,Ostovar,Nested_IRO_output_IRO.xes.gz,0.8,99.0,3,29
,,B100_s1_xi0.01_refine_K0.999,Ostovar,Nested_IRO_output_IRO.xes.gz,0.8,79.0,3,29
,,B100_s2_xi0.01_end_K0.999,Ostovar,Nested_IRO_output_IRO.xes.gz,0.444444,0.0,7,27
,,B100_s3_xi0.01_end_K0.999,Ostovar,Nested_IRO_output_IRO.xes.gz,0.5,0.0,6,25
,,B100_s4_xi0.01_end_K0.999,Ostovar,Nested_IRO_output_IRO.xes.gz,0.571429,100.0,5,23
,,B100_s5_xi0.01_end_K0.999,Ostovar,Nested_IRO_output_IRO.xes.gz,0.666667,100.0,4,21
,,B25_s1_xi0.01_end_K0.999,Ostovar,Nested_IRO_output_IRO.xes.gz,0.307692,12.5,11,119
,,B50_s1_xi0.01_end_K0.999,Ostovar,Nested_IRO_output_IRO.xes.gz,0.363636,50.0,9,59
,,B150_s1_xi0.01_end_K0.999,Ostovar,Nested_IRO_output_IRO.xes.gz,0.8,75.0,3,19
,,B200_s1_xi0.01_end_K0.999,Ostovar,Nested_IRO_output_IRO.xes.gz,1.0,100.0,2,14
,,B300_s1_xi0.01_end_K0.999,Ostovar,Nested_IRO_output_IRO.xes.gz,1.0,150.0,2,9
,,B100_s1_xi0.0_end_K0.999,Ostovar,Nested_IRO_output_IRO_2.xes.gz,0.444444,0.0,7,29
,,B100_s1_xi0.005_end_K0.999,Ostovar,Nested_IRO_output_IRO_2.xes.gz,0.666667,0.0,4,29
,,B100_s1_xi0.01_end_K0.999,Ostovar,Nested_IRO_output_IRO_2.xes.gz,0.666667,0.0,4,29
,,B100_s1_xi0.02_end_K0.999,Ostovar,Nested_IRO_output_IRO_2.xes.gz,1.0,0.0,2,29
,,B100_s1_xi0.03_end_K0.999,Ostovar,Nested_IRO_output_IRO_2.xes.gz,1.0,0.0,2,29
,,B100_s1_xi0.05_end_K0.999,Ostovar,Nested_IRO_output_IRO_2.xes.gz,1.0,0.0,2,29
,,B100_s1_xi0.07_end_K0.999,Ostovar,Nested_IRO_output_IRO_2.xes.gz,1.0,0.0,2,29
,,B100_s1_xi0.1_end_K0.999,Ostovar,Nested_IRO_output_IRO_2.xes.gz,1.0,0.0,2,29
,,B100_s1_xi0.01_start_K0.999,Ostovar,Nested_IRO_output_IRO_2.xes.gz,0.666667,99.0,4,29
,,B100_s1_xi0.01_mid_K0.999,Ostovar,Nested_IRO_output_IRO_2.xes.gz,0.666667,50.0,4,29
,,B100_s1_xi0.01_adaptive_K0.999,Ostovar,Nested_IRO_output_IRO_2.xes.gz,0.666667,99.0,4,29
,,B100_s1_xi0.01_refine_K0.999,Ostovar,Nested_IRO_output_IRO_2.xes.gz,0.666667,79.0,4,29
,,B100_s2_xi0.01_end_K0.999,Ostovar,Nested_IRO_output_IRO_2.xes.gz,0.4,0.0,8,27
,,B100_s3_xi0.01_end_K0.999,Ostovar,Nested_IRO_output_IRO_2.xes.gz,0.5,0.0,6,25
,,B100_s4_xi0.01_end_K0.999,Ostovar,Nested_IRO_output_IRO_2.xes.gz,0.571429,100.0,5,23
,,B100_s5_xi0.01_end_K0.999,Ostovar,Nested_IRO_output_IRO_2.xes.gz,0.666667,100.0,4,21
,,B25_s1_xi0.01_end_K0.999,Ostovar,Nested_IRO_output_IRO_2.xes.gz,0.307692,12.5,11,119
,,B50_s1_xi0.01_end_K0.999,Ostovar,Nested_IRO_output_IRO_2.xes.gz,0.571429,0.0,5,59
,,B150_s1_xi0.01_end_K0.999,Ostovar,Nested_IRO_output_IRO_2.xes.gz,0.8,75.0,3,19
,,B200_s1_xi0.01_end_K0.999,Ostovar,Nested_IRO_output_IRO_2.xes.gz,1.0,200.0,2,14
,,B300_s1_xi0.01_end_K0.999,Ostovar,Nested_IRO_output_IRO_2.xes.gz,1.0,150.0,2,9
,,B100_s1_xi0.0_end_K0.999,Ostovar,Nested_IRO_output_IRO_5.xes.gz,0.444444,0.0,7,29
,,B100_s1_xi0.005_end_K0.999,Ostovar,Nested_IRO_output_IRO_5.xes.gz,0.8,0.0,3,29
,,B100_s1_xi0.01_end_K0.999,Ostovar,Nested_IRO_output_IRO_5.xes.gz,1.0,0.0,2,29
,,B100_s1_xi0.02_end_K0.999,Ostovar,Nested_IRO_output_IRO_5.xes.gz,1.0,0.0,2,29
,,B100_s1_xi0.03_end_K0.999,Ostovar,Nested_IRO_output_IRO_5.xes.gz,1.0,0.0,2,29
,,B100_s1_xi0.05_end_K0.999,Ostovar,Nested_IRO_output_IRO_5.xes.gz,1.0,0.0,2,29
,,B100_s1_xi0.07_end_K0.999,Ostovar,Nested_IRO_output_IRO_5.xes.gz,1.0,0.0,2,29
,,B100_s1_xi0.1_end_K0.999,Ostovar,Nested_IRO_output_IRO_5.xes.gz,1.0,0.0,2,29
,,B100_s1_xi0.01_start_K0.999,Ostovar,Nested_IRO_output_IRO_5.xes.gz,1.0,99.0,2,29
,,B100_s1_xi0.01_mid_K0.999,Ostovar,Nested_IRO_output_IRO_5.xes.gz,1.0,50.0,2,29
,,B100_s1_xi0.01_adaptive_K0.999,Ostovar,Nested_IRO_output_IRO_5.xes.gz,1.0,99.0,2,29
,,B100_s1_xi0.01_refine_K0.999,Ostovar,Nested_IRO_output_IRO_5.xes.gz,1.0,79.0,2,29
,,B100_s2_xi0.01_end_K0.999,Ostovar,Nested_IRO_output_IRO_5.xes.gz,0.571429,100.0,5,27
,,B100_s3_xi0.01_end_K0.999,Ostovar,Nested_IRO_output_IRO_5.xes.gz,0.5,0.0,6,25
,,B100_s4_xi0.01_end_K0.999,Ostovar,Nested_IRO_output_IRO_5.xes.gz,0.571429,100.0,5,23
,,B100_s5_xi0.01_end_K0.999,Ostovar,Nested_IRO_output_IRO_5.xes.gz,0.666667,100.0,4,21
,,B25_s1_xi0.01_end_K0.999,Ostovar,Nested_IRO_output_IRO_5.xes.gz,0.363636,37.5,9,119
,,B50_s1_xi0.01_end_K0.999,Ostovar,Nested_IRO_output_IRO_5.xes.gz,0.666667,25.0,4,59
,,B150_s1_xi0.01_end_K0.999,Ostovar,Nested_IRO_output_IRO_5.xes.gz,1.0,75.0,2,19
,,B200_s1_xi0.01_end_K0.999,Ostovar,Nested_IRO_output_IRO_5.xes.gz,1.0,200.0,2,14
,,B300_s1_xi0.01_end_K0.999,Ostovar,Nested_IRO_output_IRO_5.xes.gz,1.0,150.0,2,9
,,B100_s1_xi0.0_end_K0.999,Ostovar,Nested_OIR_output_OIR.xes.gz,0.8,50.0,3,29
,,B100_s1_xi0.005_end_K0.999,Ostovar,Nested_OIR_output_OIR.xes.gz,1.0,50.0,2,29
,,B100_s1_xi0.01_end_K0.999,Ostovar,Nested_OIR_output_OIR.xes.gz,1.0,50.0,2,29
,,B100_s1_xi0.02_end_K0.999,Ostovar,Nested_OIR_output_OIR.xes.gz,1.0,50.0,2,29
,,B100_s1_xi0.03_end_K0.999,Ostovar,Nested_OIR_output_OIR.xes.gz,1.0,50.0,2,29
,,B100_s1_xi0.05_end_K0.999,Ostovar,Nested_OIR_output_OIR.xes.gz,1.0,50.0,2,29
,,B100_s1_xi0.07_end_K0.999,Ostovar,Nested_OIR_output_OIR.xes.gz,1.0,50.0,2,29
,,B100_s1_xi0.1_end_K0.999,Ostovar,Nested_OIR_output_OIR.xes.gz,0.666667,0.0,1,29
,,B100_s1_xi0.01_start_K0.999,Ostovar,Nested_OIR_output_OIR.xes.gz,1.0,50.0,2,29
,,B100_s1_xi0.01_mid_K0.999,Ostovar,Nested_OIR_output_OIR.xes.gz,1.0,50.0,2,29
,,B100_s1_xi0.01_adaptive_K0.999,Ostovar,Nested_OIR_output_OIR.xes.gz,1.0,50.0,2,29
,,B100_s1_xi0.01_refine_K0.999,Ostovar,Nested_OIR_output_OIR.xes.gz,1.0,49.0,2,29
,,B100_s2_xi0.01_end_K0.999,Ostovar,Nested_OIR_output_OIR.xes.gz,0.571429,100.0,5,27
,,B100_s3_xi0.01_end_K0.999,Ostovar,Nested_OIR_output_OIR.xes.gz,0.571429,100.0,5,25
,,B100_s4_xi0.01_end_K0.999,Ostovar,Nested_OIR_output_OIR.xes.gz,0.8,100.0,3,23
,,B100_s5_xi0.01_end_K0.999,Ostovar,Nested_OIR_output_OIR.xes.gz,0.8,100.0,3,21
,,B25_s1_xi0.01_end_K0.999,Ostovar,Nested_OIR_output_OIR.xes.gz,0.5,25.0,6,119
,,B50_s1_xi0.01_end_K0.999,Ostovar,Nested_OIR_output_OIR.xes.gz,0.666667,25.0,4,59
,,B150_s1_xi0.01_end_K0.999,Ostovar,Nested_OIR_output_OIR.xes.gz,1.0,75.0,2,19
,,B200_s1_xi0.01_end_K0.999,Ostovar,Nested_OIR_output_OIR.xes.gz,0.8,100.0,3,14
,,B300_s1_xi0.01_end_K0.999,Ostovar,Nested_OIR_output_OIR.xes.gz,0.5,200.0,2,9
,,B100_s1_xi0.0_end_K0.999,Ostovar,Nested_OIR_output_OIR_2.xes.gz,0.4,50.0,8,29
,,B100_s1_xi0.005_end_K0.999,Ostovar,Nested_OIR_output_OIR_2.xes.gz,0.8,50.0,3,29
,,B100_s1_xi0.01_end_K0.999,Ostovar,Nested_OIR_output_OIR_2.xes.gz,1.0,50.0,2,29
,,B100_s1_xi0.02_end_K0.999,Ostovar,Nested_OIR_output_OIR_2.xes.gz,1.0,50.0,2,29
,,B100_s1_xi0.03_end_K0.999,Ostovar,Nested_OIR_output_OIR_2.xes.gz,1.0,50.0,2,29
,,B100_s1_xi0.05_end_K0.999,Ostovar,Nested_OIR_output_OIR_2.xes.gz,0.0,,0,29
,,B100_s1_xi0.07_end_K0.999,Ostovar,Nested_OIR_output_OIR_2.xes.gz,0.0,,0,29
,,B100_s1_xi0.1_end_K0.999,Ostovar,Nested_OIR_output_OIR_2.xes.gz,0.0,,0,29
,,B100_s1_xi0.01_start_K0.999,Ostovar,Nested_OIR_output_OIR_2.xes.gz,1.0,50.0,2,29
,,B100_s1_xi0.01_mid_K0.999,Ostovar,Nested_OIR_output_OIR_2.xes.gz,1.0,50.0,2,29
,,B100_s1_xi0.01_adaptive_K0.999,Ostovar,Nested_OIR_output_OIR_2.xes.gz,1.0,50.0,2,29
,,B100_s1_xi0.01_refine_K0.999,Ostovar,Nested_OIR_output_OIR_2.xes.gz,1.0,49.0,2,29
,,B100_s2_xi0.01_end_K0.999,Ostovar,Nested_OIR_output_OIR_2.xes.gz,1.0,50.0,2,27
,,B100_s3_xi0.01_end_K0.999,Ostovar,Nested_OIR_output_OIR_2.xes.gz,0.666667,50.0,4,25
,,B100_s4_xi0.01_end_K0.999,Ostovar,Nested_OIR_output_OIR_2.xes.gz,0.8,100.0,3,23
,,B100_s5_xi0.01_end_K0.999,Ostovar,Nested_OIR_output_OIR_2.xes.gz,0.8,100.0,3,21
,,B25_s1_xi0.01_end_K0.999,Ostovar,Nested_OIR_output_OIR_2.xes.gz,0.0,,0,119
,,B50_s1_xi0.01_end_K0.999,Ostovar,Nested_OIR_output_OIR_2.xes.gz,0.8,0.0,3,59
,,B150_s1_xi0.01_end_K0.999,Ostovar,Nested_OIR_output_OIR_2.xes.gz,1.0,75.0,2,19
,,B200_s1_xi0.01_end_K0.999,Ostovar,Nested_OIR_output_OIR_2.xes.gz,1.0,200.0,2,14
,,B300_s1_xi0.01_end_K0.999,Ostovar,Nested_OIR_output_OIR_2.xes.gz,0.5,200.0,2,9
,,B100_s1_xi0.0_end_K0.999,Ostovar,Nested_OIR_output_OIR_5.xes.gz,0.4,50.0,8,29
,,B100_s1_xi0.005_end_K0.999,Ostovar,Nested_OIR_output_OIR_5.xes.gz,1.0,50.0,2,29
,,B100_s1_xi0.01_end_K0.999,Ostovar,Nested_OIR_output_OIR_5.xes.gz,1.0,50.0,2,29
,,B100_s1_xi0.02_end_K0.999,Ostovar,Nested_OIR_output_OIR_5.xes.gz,1.0,50.0,2,29
,,B100_s1_xi0.03_end_K0.999,Ostovar,Nested_OIR_output_OIR_5.xes.gz,0.0,,0,29
,,B100_s1_xi0.05_end_K0.999,Ostovar,Nested_OIR_output_OIR_5.xes.gz,0.0,,0,29
,,B100_s1_xi0.07_end_K0.999,Ostovar,Nested_OIR_output_OIR_5.xes.gz,0.0,,0,29
,,B100_s1_xi0.1_end_K0.999,Ostovar,Nested_OIR_output_OIR_5.xes.gz,0.0,,0,29
,,B100_s1_xi0.01_start_K0.999,Ostovar,Nested_OIR_output_OIR_5.xes.gz,1.0,50.0,2,29
,,B100_s1_xi0.01_mid_K0.999,Ostovar,Nested_OIR_output_OIR_5.xes.gz,1.0,50.0,2,29
,,B100_s1_xi0.01_adaptive_K0.999,Ostovar,Nested_OIR_output_OIR_5.xes.gz,1.0,50.0,2,29
,,B100_s1_xi0.01_refine_K0.999,Ostovar,Nested_OIR_output_OIR_5.xes.gz,1.0,49.0,2,29
,,B100_s2_xi0.01_end_K0.999,Ostovar,Nested_OIR_output_OIR_5.xes.gz,0.666667,0.0,4,27
,,B100_s3_xi0.01_end_K0.999,Ostovar,Nested_OIR_output_OIR_5.xes.gz,0.666667,50.0,4,25
,,B100_s4_xi0.01_end_K0.999,Ostovar,Nested_OIR_output_OIR_5.xes.gz,0.8,100.0,3,23
,,B100_s5_xi0.01_end_K0.999,Ostovar,Nested_OIR_output_OIR_5.xes.gz,0.8,100.0,3,21
,,B25_s1_xi0.01_end_K0.999,Ostovar,Nested_OIR_output_OIR_5.xes.gz,0.666667,25.0,1,119
,,B50_s1_xi0.01_end_K0.999,Ostovar,Nested_OIR_output_OIR_5.xes.gz,1.0,0.0,2,59
,,B150_s1_xi0.01_end_K0.999,Ostovar,Nested_OIR_output_OIR_5.xes.gz,1.0,75.0,2,19
,,B200_s1_xi0.01_end_K0.999,Ostovar,Nested_OIR_output_OIR_5.xes.gz,1.0,100.0,2,14
,,B300_s1_xi0.01_end_K0.999,Ostovar,Nested_OIR_output_OIR_5.xes.gz,0.5,200.0,2,9
,,B100_s1_xi0.0_end_K0.999,Ostovar,Nested_ORI_output_ORI.xes.gz,0.8,0.0,3,29
,,B100_s1_xi0.005_end_K0.999,Ostovar,Nested_ORI_output_ORI.xes.gz,1.0,0.0,2,29
,,B100_s1_xi0.01_end_K0.999,Ostovar,Nested_ORI_output_ORI.xes.gz,1.0,0.0,2,29
,,B100_s1_xi0.02_end_K0.999,Ostovar,Nested_ORI_output_ORI.xes.gz,1.0,0.0,2,29
,,B100_s1_xi0.03_end_K0.999,Ostovar,Nested_ORI_output_ORI.xes.gz,1.0,0.0,2,29
,,B100_s1_xi0.05_end_K0.999,Ostovar,Nested_ORI_output_ORI.xes.gz,1.0,0.0,2,29
,,B100_s1_xi0.07_end_K0.999,Ostovar,Nested_ORI_output_ORI.xes.gz,1.0,0.0,2,29
,,B100_s1_xi0.1_end_K0.999,Ostovar,Nested_ORI_output_ORI.xes.gz,1.0,0.0,2,29
,,B100_s1_xi0.01_start_K0.999,Ostovar,Nested_ORI_output_ORI.xes.gz,1.0,99.0,2,29
,,B100_s1_xi0.01_mid_K0.999,Ostovar,Nested_ORI_output_ORI.xes.gz,1.0,50.0,2,29
,,B100_s1_xi0.01_adaptive_K0.999,Ostovar,Nested_ORI_output_ORI.xes.gz,1.0,99.0,2,29
,,B100_s1_xi0.01_refine_K0.999,Ostovar,Nested_ORI_output_ORI.xes.gz,1.0,59.0,2,29
,,B100_s2_xi0.01_end_K0.999,Ostovar,Nested_ORI_output_ORI.xes.gz,0.666667,100.0,4,27
,,B100_s3_xi0.01_end_K0.999,Ostovar,Nested_ORI_output_ORI.xes.gz,0.666667,100.0,4,25
,,B100_s4_xi0.01_end_K0.999,Ostovar,Nested_ORI_output_ORI.xes.gz,0.666667,100.0,4,23
,,B100_s5_xi0.01_end_K0.999,Ostovar,Nested_ORI_output_ORI.xes.gz,0.666667,100.0,4,21
,,B25_s1_xi0.01_end_K0.999,Ostovar,Nested_ORI_output_ORI.xes.gz,0.5,50.0,6,119
,,B50_s1_xi0.01_end_K0.999,Ostovar,Nested_ORI_output_ORI.xes.gz,0.8,0.0,3,59
,,B150_s1_xi0.01_end_K0.999,Ostovar,Nested_ORI_output_ORI.xes.gz,1.0,75.0,2,19
,,B200_s1_xi0.01_end_K0.999,Ostovar,Nested_ORI_output_ORI.xes.gz,1.0,200.0,2,14
,,B300_s1_xi0.01_end_K0.999,Ostovar,Nested_ORI_output_ORI.xes.gz,1.0,150.0,2,9
,,B100_s1_xi0.0_end_K0.999,Ostovar,Nested_ORI_output_ORI_2.xes.gz,0.571429,0.0,5,29
,,B100_s1_xi0.005_end_K0.999,Ostovar,Nested_ORI_output_ORI_2.xes.gz,0.8,0.0,3,29
,,B100_s1_xi0.01_end_K0.999,Ostovar,Nested_ORI_output_ORI_2.xes.gz,0.8,0.0,3,29
,,B100_s1_xi0.02_end_K0.999,Ostovar,Nested_ORI_output_ORI_2.xes.gz,1.0,0.0,2,29
,,B100_s1_xi0.03_end_K0.999,Ostovar,Nested_ORI_output_ORI_2.xes.gz,1.0,0.0,2,29
,,B100_s1_xi0.05_end_K0.999,Ostovar,Nested_ORI_output_ORI_2.xes.gz,1.0,0.0,2,29
,,B100_s1_xi0.07_end_K0.999,Ostovar,Nested_ORI_output_ORI_2.xes.gz,1.0,0.0,2,29
,,B100_s1_xi0.1_end_K0.999,Ostovar,Nested_ORI_output_ORI_2.xes.gz,0.0,,0,29
,,B100_s1_xi0.01_start_K0.999,Ostovar,Nested_ORI_output_ORI_2.xes.gz,0.8,99.0,3,29
,,B100_s1_xi0.01_mid_K0.999,Ostovar,Nested_ORI_output_ORI_2.xes.gz,0.8,50.0,3,29
,,B100_s1_xi0.01_adaptive_K0.999,Ostovar,Nested_ORI_output_ORI_2.xes.gz,0.8,99.0,3,29
,,B100_s1_xi0.01_refine_K0.999,Ostovar,Nested_ORI_output_ORI_2.xes.gz,0.8,59.0,3,29
,,B100_s2_xi0.01_end_K0.999,Ostovar,Nested_ORI_output_ORI_2.xes.gz,0.666667,100.0,4,27
,,B100_s3_xi0.01_end_K0.999,Ostovar,Nested_ORI_output_ORI_2.xes.gz,0.666667,50.0,4,25
,,B100_s4_xi0.01_end_K0.999,Ostovar,Nested_ORI_output_ORI_2.xes.gz,0.8,100.0,3,23
,,B100_s5_xi0.01_end_K0.999,Ostovar,Nested_ORI_output_ORI_2.xes.gz,0.666667,100.0,4,21
,,B25_s1_xi0.01_end_K0.999,Ostovar,Nested_ORI_output_ORI_2.xes.gz,0.8,50.0,3,119
,,B50_s1_xi0.01_end_K0.999,Ostovar,Nested_ORI_output_ORI_2.xes.gz,1.0,0.0,2,59
,,B150_s1_xi0.01_end_K0.999,Ostovar,Nested_ORI_output_ORI_2.xes.gz,1.0,75.0,2,19
,,B200_s1_xi0.01_end_K0.999,Ostovar,Nested_ORI_output_ORI_2.xes.gz,1.0,200.0,2,14
,,B300_s1_xi0.01_end_K0.999,Ostovar,Nested_ORI_output_ORI_2.xes.gz,1.0,150.0,2,9
,,B100_s1_xi0.0_end_K0.999,Ostovar,Nested_ORI_output_ORI_5.xes.gz,0.444444,0.0,7,29
,,B100_s1_xi0.005_end_K0.999,Ostovar,Nested_ORI_output_ORI_5.xes.gz,0.8,0.0,3,29
,,B100_s1_xi0.01_end_K0.999,Ostovar,Nested_ORI_output_ORI_5.xes.gz,1.0,0.0,2,29
,,B100_s1_xi0.02_end_K0.999,Ostovar,Nested_ORI_output_ORI_5.xes.gz,1.0,0.0,2,29
,,B100_s1_xi0.03_end_K0.999,Ostovar,Nested_ORI_output_ORI_5.xes.gz,1.0,0.0,2,29
,,B100_s1_xi0.05_end_K0.999,Ostovar,Nested_ORI_output_ORI_5.xes.gz,1.0,0.0,2,29
,,B100_s1_xi0.07_end_K0.999,Ostovar,Nested_ORI_output_ORI_5.xes.gz,1.0,0.0,2,29
,,B100_s1_xi0.1_end_K0.999,Ostovar,Nested_ORI_output_ORI_5.xes.gz,0.0,,0,29
,,B100_s1_xi0.01_start_K0.999,Ostovar,Nested_ORI_output_ORI_5.xes.gz,1.0,99.0,2,29
,,B100_s1_xi0.01_mid_K0.999,Ostovar,Nested_ORI_output_ORI_5.xes.gz,1.0,50.0,2,29
,,B100_s1_xi0.01_adaptive_K0.999,Ostovar,Nested_ORI_output_ORI_5.xes.gz,1.0,99.0,2,29
,,B100_s1_xi0.01_refine_K0.999,Ostovar,Nested_ORI_output_ORI_5.xes.gz,1.0,59.0,2,29
,,B100_s2_xi0.01_end_K0.999,Ostovar,Nested_ORI_output_ORI_5.xes.gz,0.666667,100.0,4,27
,,B100_s3_xi0.01_end_K0.999,Ostovar,Nested_ORI_output_ORI_5.xes.gz,0.666667,50.0,4,25
,,B100_s4_xi0.01_end_K0.999,Ostovar,Nested_ORI_output_ORI_5.xes.gz,0.8,100.0,3,23
,,B100_s5_xi0.01_end_K0.999,Ostovar,Nested_ORI_output_ORI_5.xes.gz,0.666667,100.0,4,21
,,B25_s1_xi0.01_end_K0.999,Ostovar,Nested_ORI_output_ORI_5.xes.gz,0.444444,50.0,7,119
,,B50_s1_xi0.01_end_K0.999,Ostovar,Nested_ORI_output_ORI_5.xes.gz,0.8,0.0,3,59
,,B150_s1_xi0.01_end_K0.999,Ostovar,Nested_ORI_output_ORI_5.xes.gz,1.0,75.0,2,19
,,B200_s1_xi0.01_end_K0.999,Ostovar,Nested_ORI_output_ORI_5.xes.gz,1.0,200.0,2,14
,,B300_s1_xi0.01_end_K0.999,Ostovar,Nested_ORI_output_ORI_5.xes.gz,1.0,150.0,2,9
,,B100_s1_xi0.0_end_K0.999,Ostovar,Nested_RIO_output_RIO.xes.gz,0.5,0.0,6,29
,,B100_s1_xi0.005_end_K0.999,Ostovar,Nested_RIO_output_RIO.xes.gz,0.8,0.0,3,29
,,B100_s1_xi0.01_end_K0.999,Ostovar,Nested_RIO_output_RIO.xes.gz,1.0,0.0,2,29
,,B100_s1_xi0.02_end_K0.999,Ostovar,Nested_RIO_output_RIO.xes.gz,1.0,0.0,2,29
,,B100_s1_xi0.03_end_K0.999,Ostovar,Nested_RIO_output_RIO.xes.gz,1.0,0.0,2,29
,,B100_s1_xi0.05_end_K0.999,Ostovar,Nested_RIO_output_RIO.xes.gz,1.0,0.0,2,29
,,B100_s1_xi0.07_end_K0.999,Ostovar,Nested_RIO_output_RIO.xes.gz,1.0,0.0,2,29
,,B100_s1_xi0.1_end_K0.999,Ostovar,Nested_RIO_output_RIO.xes.gz,1.0,0.0,2,29
,,B100_s1_xi0.01_start_K0.999,Ostovar,Nested_RIO_output_RIO.xes.gz,1.0,99.0,2,29
,,B100_s1_xi0.01_mid_K0.999,Ostovar,Nested_RIO_output_RIO.xes.gz,1.0,50.0,2,29
,,B100_s1_xi0.01_adaptive_K0.999,Ostovar,Nested_RIO_output_RIO.xes.gz,1.0,99.0,2,29
,,B100_s1_xi0.01_refine_K0.999,Ostovar,Nested_RIO_output_RIO.xes.gz,1.0,59.0,2,29
,,B100_s2_xi0.01_end_K0.999,Ostovar,Nested_RIO_output_RIO.xes.gz,0.666667,100.0,4,27
,,B100_s3_xi0.01_end_K0.999,Ostovar,Nested_RIO_output_RIO.xes.gz,0.666667,100.0,4,25
,,B100_s4_xi0.01_end_K0.999,Ostovar,Nested_RIO_output_RIO.xes.gz,0.666667,100.0,4,23
,,B100_s5_xi0.01_end_K0.999,Ostovar,Nested_RIO_output_RIO.xes.gz,0.666667,100.0,4,21
,,B25_s1_xi0.01_end_K0.999,Ostovar,Nested_RIO_output_RIO.xes.gz,0.4,50.0,8,119
,,B50_s1_xi0.01_end_K0.999,Ostovar,Nested_RIO_output_RIO.xes.gz,0.571429,0.0,5,59
,,B150_s1_xi0.01_end_K0.999,Ostovar,Nested_RIO_output_RIO.xes.gz,1.0,75.0,2,19
,,B200_s1_xi0.01_end_K0.999,Ostovar,Nested_RIO_output_RIO.xes.gz,1.0,100.0,2,14
,,B300_s1_xi0.01_end_K0.999,Ostovar,Nested_RIO_output_RIO.xes.gz,0.5,200.0,2,9
,,B100_s1_xi0.0_end_K0.999,Ostovar,Nested_RIO_output_RIO_2.xes.gz,0.4,0.0,8,29
,,B100_s1_xi0.005_end_K0.999,Ostovar,Nested_RIO_output_RIO_2.xes.gz,1.0,0.0,2,29
,,B100_s1_xi0.01_end_K0.999,Ostovar,Nested_RIO_output_RIO_2.xes.gz,1.0,0.0,2,29
,,B100_s1_xi0.02_end_K0.999,Ostovar,Nested_RIO_output_RIO_2.xes.gz,1.0,0.0,2,29
,,B100_s1_xi0.03_end_K0.999,Ostovar,Nested_RIO_output_RIO_2.xes.gz,1.0,0.0,2,29
,,B100_s1_xi0.05_end_K0.999,Ostovar,Nested_RIO_output_RIO_2.xes.gz,1.0,0.0,2,29
,,B100_s1_xi0.07_end_K0.999,Ostovar,Nested_RIO_output_RIO_2.xes.gz,1.0,0.0,2,29
,,B100_s1_xi0.1_end_K0.999,Ostovar,Nested_RIO_output_RIO_2.xes.gz,0.0,,0,29
,,B100_s1_xi0.01_start_K0.999,Ostovar,Nested_RIO_output_RIO_2.xes.gz,1.0,99.0,2,29
,,B100_s1_xi0.01_mid_K0.999,Ostovar,Nested_RIO_output_RIO_2.xes.gz,1.0,50.0,2,29
,,B100_s1_xi0.01_adaptive_K0.999,Ostovar,Nested_RIO_output_RIO_2.xes.gz,1.0,99.0,2,29
,,B100_s1_xi0.01_refine_K0.999,Ostovar,Nested_RIO_output_RIO_2.xes.gz,1.0,59.0,2,29
,,B100_s2_xi0.01_end_K0.999,Ostovar,Nested_RIO_output_RIO_2.xes.gz,0.666667,50.0,4,27
,,B100_s3_xi0.01_end_K0.999,Ostovar,Nested_RIO_output_RIO_2.xes.gz,0.666667,50.0,4,25
,,B100_s4_xi0.01_end_K0.999,Ostovar,Nested_RIO_output_RIO_2.xes.gz,0.666667,100.0,4,23
,,B100_s5_xi0.01_end_K0.999,Ostovar,Nested_RIO_output_RIO_2.xes.gz,0.666667,100.0,4,21
,,B25_s1_xi0.01_end_K0.999,Ostovar,Nested_RIO_output_RIO_2.xes.gz,0.666667,50.0,1,119
,,B50_s1_xi0.01_end_K0.999,Ostovar,Nested_RIO_output_RIO_2.xes.gz,1.0,0.0,2,59
,,B150_s1_xi0.01_end_K0.999,Ostovar,Nested_RIO_output_RIO_2.xes.gz,1.0,75.0,2,19
,,B200_s1_xi0.01_end_K0.999,Ostovar,Nested_RIO_output_RIO_2.xes.gz,1.0,200.0,2,14
,,B300_s1_xi0.01_end_K0.999,Ostovar,Nested_RIO_output_RIO_2.xes.gz,1.0,150.0,2,9
,,B100_s1_xi0.0_end_K0.999,Ostovar,Nested_RIO_output_RIO_5.xes.gz,0.333333,0.0,10,29
,,B100_s1_xi0.005_end_K0.999,Ostovar,Nested_RIO_output_RIO_5.xes.gz,1.0,0.0,2,29
,,B100_s1_xi0.01_end_K0.999,Ostovar,Nested_RIO_output_RIO_5.xes.gz,1.0,0.0,2,29
,,B100_s1_xi0.02_end_K0.999,Ostovar,Nested_RIO_output_RIO_5.xes.gz,1.0,0.0,2,29
,,B100_s1_xi0.03_end_K0.999,Ostovar,Nested_RIO_output_RIO_5.xes.gz,1.0,0.0,2,29
,,B100_s1_xi0.05_end_K0.999,Ostovar,Nested_RIO_output_RIO_5.xes.gz,1.0,0.0,2,29
,,B100_s1_xi0.07_end_K0.999,Ostovar,Nested_RIO_output_RIO_5.xes.gz,1.0,0.0,2,29
,,B100_s1_xi0.1_end_K0.999,Ostovar,Nested_RIO_output_RIO_5.xes.gz,0.0,,0,29
,,B100_s1_xi0.01_start_K0.999,Ostovar,Nested_RIO_output_RIO_5.xes.gz,1.0,99.0,2,29
,,B100_s1_xi0.01_mid_K0.999,Ostovar,Nested_RIO_output_RIO_5.xes.gz,1.0,50.0,2,29
,,B100_s1_xi0.01_adaptive_K0.999,Ostovar,Nested_RIO_output_RIO_5.xes.gz,1.0,99.0,2,29
,,B100_s1_xi0.01_refine_K0.999,Ostovar,Nested_RIO_output_RIO_5.xes.gz,1.0,59.0,2,29
,,B100_s2_xi0.01_end_K0.999,Ostovar,Nested_RIO_output_RIO_5.xes.gz,0.666667,100.0,4,27
,,B100_s3_xi0.01_end_K0.999,Ostovar,Nested_RIO_output_RIO_5.xes.gz,0.666667,50.0,4,25
,,B100_s4_xi0.01_end_K0.999,Ostovar,Nested_RIO_output_RIO_5.xes.gz,0.666667,100.0,4,23
,,B100_s5_xi0.01_end_K0.999,Ostovar,Nested_RIO_output_RIO_5.xes.gz,0.666667,100.0,4,21
,,B25_s1_xi0.01_end_K0.999,Ostovar,Nested_RIO_output_RIO_5.xes.gz,0.5,50.0,2,119
,,B50_s1_xi0.01_end_K0.999,Ostovar,Nested_RIO_output_RIO_5.xes.gz,1.0,25.0,2,59
,,B150_s1_xi0.01_end_K0.999,Ostovar,Nested_RIO_output_RIO_5.xes.gz,1.0,75.0,2,19
,,B200_s1_xi0.01_end_K0.999,Ostovar,Nested_RIO_output_RIO_5.xes.gz,1.0,200.0,2,14
,,B300_s1_xi0.01_end_K0.999,Ostovar,Nested_RIO_output_RIO_5.xes.gz,0.5,200.0,2,9
,,B100_s1_xi0.0_end_K0.999,Ostovar,Nested_ROI_output_ROI.xes.gz,0.8,0.0,3,29
,,B100_s1_xi0.005_end_K0.999,Ostovar,Nested_ROI_output_ROI.xes.gz,0.8,0.0,3,29
,,B100_s1_xi0.01_end_K0.999,Ostovar,Nested_ROI_output_ROI.xes.gz,1.0,0.0,2,29
,,B100_s1_xi0.02_end_K0.999,Ostovar,Nested_ROI_output_ROI.xes.gz,1.0,0.0,2,29
,,B100_s1_xi0.03_end_K0.999,Ostovar,Nested_ROI_output_ROI.xes.gz,1.0,0.0,2,29
,,B100_s1_xi0.05_end_K0.999,Ostovar,Nested_ROI_output_ROI.xes.gz,1.0,0.0,2,29
,,B100_s1_xi0.07_end_K0.999,Ostovar,Nested_ROI_output_ROI.xes.gz,1.0,0.0,2,29
,,B100_s1_xi0.1_end_K0.999,Ostovar,Nested_ROI_output_ROI.xes.gz,1.0,0.0,2,29
,,B100_s1_xi0.01_start_K0.999,Ostovar,Nested_ROI_output_ROI.xes.gz,1.0,99.0,2,29
,,B100_s1_xi0.01_mid_K0.999,Ostovar,Nested_ROI_output_ROI.xes.gz,1.0,50.0,2,29
,,B100_s1_xi0.01_adaptive_K0.999,Ostovar,Nested_ROI_output_ROI.xes.gz,1.0,99.0,2,29
,,B100_s1_xi0.01_refine_K0.999,Ostovar,Nested_ROI_output_ROI.xes.gz,1.0,59.0,2,29
,,B100_s2_xi0.01_end_K0.999,Ostovar,Nested_ROI_output_ROI.xes.gz,0.8,50.0,3,27
,,B100_s3_xi0.01_end_K0.999,Ostovar,Nested_ROI_output_ROI.xes.gz,0.571429,100.0,5,25
,,B100_s4_xi0.01_end_K0.999,Ostovar,Nested_ROI_output_ROI.xes.gz,0.571429,100.0,5,23
,,B100_s5_xi0.01_end_K0.999,Ostovar,Nested_ROI_output_ROI.xes.gz,0.666667,100.0,4,21
,,B25_s1_xi0.01_end_K0.999,Ostovar,Nested_ROI_output_ROI.xes.gz,0.666667,37.5,4,119
,,B50_s1_xi0.01_end_K0.999,Ostovar,Nested_ROI_output_ROI.xes.gz,0.8,25.0,3,59
,,B150_s1_xi0.01_end_K0.999,Ostovar,Nested_ROI_output_ROI.xes.gz,1.0,75.0,2,19
,,B200_s1_xi0.01_end_K0.999,Ostovar,Nested_ROI_output_ROI.xes.gz,1.0,200.0,2,14
,,B300_s1_xi0.01_end_K0.999,Ostovar,Nested_ROI_output_ROI.xes.gz,1.0,150.0,2,9
,,B100_s1_xi0.0_end_K0.999,Ostovar,Nested_ROI_output_ROI_2.xes.gz,0.571429,0.0,5,29
,,B100_s1_xi0.005_end_K0.999,Ostovar,Nested_ROI_output_ROI_2.xes.gz,1.0,0.0,2,29
,,B100_s1_xi0.01_end_K0.999,Ostovar,Nested_ROI_output_ROI_2.xes.gz,1.0,0.0,2,29
,,B100_s1_xi0.02_end_K0.999,Ostovar,Nested_ROI_output_ROI_2.xes.gz,1.0,0.0,2,29
,,B100_s1_xi0.03_end_K0.999,Ostovar,Nested_ROI_output_ROI_2.xes.gz,1.0,0.0,2,29
,,B100_s1_xi0.05_end_K0.999,Ostovar,Nested_ROI_output_ROI_2.xes.gz,0.666667,0.0,1,29
,,B100_s1_xi0.07_end_K0.999,Ostovar,Nested_ROI_output_ROI_2.xes.gz,0.0,,0,29
,,B100_s1_xi0.1_end_K0.999,Ostovar,Nested_ROI_output_ROI_2.xes.gz,0.0,,0,29
,,B100_s1_xi0.01_start_K0.999,Ostovar,Nested_ROI_output_ROI_2.xes.gz,1.0,99.0,2,29
,,B100_s1_xi0.01_mid_K0.999,Ostovar,Nested_ROI_output_ROI_2.xes.gz,1.0,50.0,2,29
,,B100_s1_xi0.01_adaptive_K0.999,Ostovar,Nested_ROI_output_ROI_2.xes.gz,1.0,99.0,2,29
,,B100_s1_xi0.01_refine_K0.999,Ostovar,Nested_ROI_output_ROI_2.xes.gz,1.0,59.0,2,29
,,B100_s2_xi0.01_end_K0.999,Ostovar,Nested_ROI_output_ROI_2.xes.gz,0.8,50.0,3,27
,,B100_s3_xi0.01_end_K0.999,Ostovar,Nested_ROI_output_ROI_2.xes.gz,0.666667,50.0,4,25
,,B100_s4_xi0.01_end_K0.999,Ostovar,Nested_ROI_output_ROI_2.xes.gz,0.8,100.0,3,23
,,B100_s5_xi0.01_end_K0.999,Ostovar,Nested_ROI_output_ROI_2.xes.gz,0.666667,100.0,4,21
,,B25_s1_xi0.01_end_K0.999,Ostovar,Nested_ROI_output_ROI_2.xes.gz,0.666667,50.0,1,119
,,B50_s1_xi0.01_end_K0.999,Ostovar,Nested_ROI_output_ROI_2.xes.gz,1.0,0.0,2,59
,,B150_s1_xi0.01_end_K0.999,Ostovar,Nested_ROI_output_ROI_2.xes.gz,1.0,75.0,2,19
,,B200_s1_xi0.01_end_K0.999,Ostovar,Nested_ROI_output_ROI_2.xes.gz,1.0,100.0,2,14
,,B300_s1_xi0.01_end_K0.999,Ostovar,Nested_ROI_output_ROI_2.xes.gz,1.0,150.0,2,9
,,B100_s1_xi0.0_end_K0.999,Ostovar,Nested_ROI_output_ROI_5.xes.gz,0.444444,50.0,7,29
,,B100_s1_xi0.005_end_K0.999,Ostovar,Nested_ROI_output_ROI_5.xes.gz,0.8,50.0,3,29
,,B100_s1_xi0.01_end_K0.999,Ostovar,Nested_ROI_output_ROI_5.xes.gz,1.0,50.0,2,29
,,B100_s1_xi0.02_end_K0.999,Ostovar,Nested_ROI_output_ROI_5.xes.gz,1.0,50.0,2,29
,,B100_s1_xi0.03_end_K0.999,Ostovar,Nested_ROI_output_ROI_5.xes.gz,1.0,50.0,2,29
,,B100_s1_xi0.05_end_K0.999,Ostovar,Nested_ROI_output_ROI_5.xes.gz,0.666667,0.0,1,29
,,B100_s1_xi0.07_end_K0.999,Ostovar,Nested_ROI_output_ROI_5.xes.gz,0.0,,0,29
,,B100_s1_xi0.1_end_K0.999,Ostovar,Nested_ROI_output_ROI_5.xes.gz,0.0,,0,29
,,B100_s1_xi0.01_start_K0.999,Ostovar,Nested_ROI_output_ROI_5.xes.gz,1.0,50.0,2,29
,,B100_s1_xi0.01_mid_K0.999,Ostovar,Nested_ROI_output_ROI_5.xes.gz,1.0,50.0,2,29
,,B100_s1_xi0.01_adaptive_K0.999,Ostovar,Nested_ROI_output_ROI_5.xes.gz,1.0,50.0,2,29
,,B100_s1_xi0.01_refine_K0.999,Ostovar,Nested_ROI_output_ROI_5.xes.gz,1.0,69.0,2,29
,,B100_s2_xi0.01_end_K0.999,Ostovar,Nested_ROI_output_ROI_5.xes.gz,0.571429,0.0,5,27
,,B100_s3_xi0.01_end_K0.999,Ostovar,Nested_ROI_output_ROI_5.xes.gz,0.666667,50.0,4,25
,,B100_s4_xi0.01_end_K0.999,Ostovar,Nested_ROI_output_ROI_5.xes.gz,0.666667,100.0,4,23
,,B100_s5_xi0.01_end_K0.999,Ostovar,Nested_ROI_output_ROI_5.xes.gz,0.666667,100.0,4,21
,,B25_s1_xi0.01_end_K0.999,Ostovar,Nested_ROI_output_ROI_5.xes.gz,0.0,,0,119
,,B50_s1_xi0.01_end_K0.999,Ostovar,Nested_ROI_output_ROI_5.xes.gz,0.8,0.0,3,59
,,B150_s1_xi0.01_end_K0.999,Ostovar,Nested_ROI_output_ROI_5.xes.gz,1.0,75.0,2,19
,,B200_s1_xi0.01_end_K0.999,Ostovar,Nested_ROI_output_ROI_5.xes.gz,1.0,100.0,2,14
,,B300_s1_xi0.01_end_K0.999,Ostovar,Nested_ROI_output_ROI_5.xes.gz,0.666667,200.0,1,9
